row_index,problem,feedback,ambiguity,participant_count_n,ev_a,ev_b_oracle,ev_difference_b_minus_a_oracle,ev_benchmark_favors,observed_brate,ml_predicted_brate,absolute_error,human_aggregate_favors,deviation_type,highly_divided,ml_successfully_predicts_deviation,ml_fails_to_predict_deviation,ha,pha,la,hb,phb,lb,lottery_shape_b,correlation,gamble_a,gamble_b
8,8,False,False,15,27.0,32.5,5.5,B,0.4533333333333333,0.37441196814711325,0.07892136518622006,A,none,True,False,False,27,1.0,27,89,0.5,-24,0,0,p=1→27; p=0→27,p=0.5→-24; p=0.5→89
9,8,True,False,16,27.0,32.5,5.5,B,0.6125,0.4444704175047255,0.16802958249527455,B,none,False,False,False,27,1.0,27,89,0.5,-24,0,0,p=1→27; p=0→27,p=0.5→-24; p=0.5→89
14,12,True,True,17,-3.0,-2.1100000000000003,0.8899999999999997,B,0.6352941176470589,0.7175691252786898,0.08227500763163087,B,none,False,False,False,-3,1.0,-3,-2,0.99,-13,2,0,p=1→-3; p=0→-3,p=0.01→-13; p=0.495→-8; p=0.2475→-6; p=0.12375→-2; p=0.061875→6; p=0.0309375→22; p=0.0154687→54; p=0.0154688→118
39,33,True,False,15,1.0,4.799999999999999,3.799999999999999,B,0.4933333333333334,0.4502392192084343,0.04309411412489911,A,none,True,False,False,1,1.0,1,72,0.2,-12,0,0,p=1→1; p=0→1,p=0.8→-12; p=0.2→72
48,39,True,False,18,-1.0,0.6000000000000005,1.6000000000000005,B,0.5444444444444445,0.6017534372786626,0.05730899283421809,B,none,True,False,False,-1,1.0,-1,23,0.2,-5,0,0,p=1→-1; p=0→-1,p=0.8→-5; p=0.2→23
56,46,True,False,15,-5.08,-5.75,-0.6699999999999999,A,0.8,0.6977133459996098,0.10228665400039028,B,none,False,False,False,-5,0.99,-13,7,0.75,-44,1,-1,p=0.99→-5; p=0.01→-13,p=0.25→-44; p=0.09375→5.5; p=0.28125→6.5; p=0.28125→7.5; p=0.09375→8.5
62,50,False,False,16,17.78,23.5,5.719999999999999,B,0.4625,0.3735376986146585,0.0889623013853415,A,none,True,False,False,18,0.99,-4,94,0.5,-47,0,0,p=0.99→18; p=0.01→-4,p=0.5→-47; p=0.5→94
91,73,True,True,18,5.01,17.2,12.19,B,0.6333333333333333,0.5869160583447478,0.0464172749885855,B,none,False,False,False,6,0.01,5,86,0.2,0,0,0,p=0.01→6; p=0.99→5,p=0.8→0; p=0.2→86
92,74,True,True,16,-3.2,-6.199999999999999,-2.999999999999999,A,0.45,0.5574130948378133,0.1074130948378133,A,none,True,False,False,31,0.05,-5,97,0.2,-32,0,0,p=0.05→31; p=0.95→-5,p=0.8→-32; p=0.2→97
101,81,True,False,17,6.0,12.5,6.5,B,0.6,0.619138025975881,0.01913802597588099,B,none,False,False,False,6,1.0,6,22,0.75,-16,0,0,p=1→6; p=0→6,p=0.25→-16; p=0.75→22
107,87,True,False,16,-2.0,5.2,7.2,B,0.7875,0.8441235206784198,0.0566235206784198,B,none,False,False,False,-2,1.0,-2,7,0.4,4,3,0,p=1→-2; p=0→-2,p=0.6→4; p=0.2→12; p=0.1→10; p=0.05→6; p=0.025→-2; p=0.0125→-18; p=0.0125→-50
137,112,True,True,16,5.000000000000002,18.91,13.909999999999998,B,0.925,0.7830851712620408,0.14191482873795924,B,none,False,False,False,18,0.8,-47,19,0.99,10,1,0,p=0.8→18; p=0.2→-47,p=0.01→10; p=0.0309375→16.5; p=0.154688→17.5; p=0.309375→18.5; p=0.309375→19.5; p=0.154688→20.5; p=0.0309375→21.5
138,113,False,True,16,25.199999999999996,15.999999999999998,-9.199999999999998,A,0.425,0.27316741370788883,0.15183258629211116,A,none,False,False,False,48,0.6,-9,42,0.6,-23,0,0,p=0.6→48; p=0.4→-9,p=0.4→-23; p=0.6→42
139,113,True,True,17,25.199999999999996,15.999999999999998,-9.199999999999998,A,0.15294117647058825,0.247520686077508,0.09457950960691974,A,none,False,False,False,48,0.6,-9,42,0.6,-23,0,0,p=0.6→48; p=0.4→-9,p=0.4→-23; p=0.6→42
144,116,False,False,33,6.0,2.75,-3.25,A,0.5333333333333332,0.45266402847128545,0.08066930486204776,B,none,True,False,False,6,1.0,6,77,0.01,2,1,0,p=1→6; p=0→6,p=0.99→2; p=0.005→76.5; p=0.005→77.5
145,116,True,False,16,6.0,2.75,-3.25,A,0.3375,0.45160508461440335,0.11410508461440333,A,none,False,False,False,6,1.0,6,77,0.01,2,1,0,p=1→6; p=0→6,p=0.99→2; p=0.005→76.5; p=0.005→77.5
147,118,True,False,17,-3.0,1.3,4.3,B,0.9882352941176472,0.9237284621627774,0.06450683195486984,B,none,False,False,False,-3,1.0,-3,31,0.01,1,0,0,p=1→-3; p=0→-3,p=0.99→1; p=0.01→31
158,125,True,False,19,29.0,36.75,7.75,B,0.8526315789473684,0.854751145195914,0.00211956624854559,B,none,False,False,False,29,1.0,29,111,0.01,36,2,0,p=1→29; p=0→29,p=0.99→36; p=0.005→110; p=0.005→112
161,127,True,False,18,1.0,-2.8,-3.8,A,0.25555555555555554,0.2745845325792297,0.019028977023674176,A,none,False,False,False,29,0.2,-6,-2,0.8,-6,1,1,p=0.2→29; p=0.8→-6,p=0.2→-6; p=0.4→-2.5; p=0.4→-1.5
162,128,False,False,16,8.2,9.25,1.0500000000000007,B,0.575,0.5156724079589972,0.0593275920410028,B,none,False,False,False,21,0.6,-11,20,0.75,-23,3,0,p=0.6→21; p=0.4→-11,p=0.25→-23; p=0.375→23; p=0.1875→21; p=0.09375→17; p=0.09375→9
163,128,True,False,15,8.2,9.25,1.0500000000000007,B,0.7733333333333334,0.5355311357714083,0.2378021975619251,B,none,False,False,False,21,0.6,-11,20,0.75,-23,3,0,p=0.6→21; p=0.4→-11,p=0.25→-23; p=0.375→23; p=0.1875→21; p=0.09375→17; p=0.09375→9
178,140,False,False,16,27.0,30.5,3.5,B,0.4125,0.49417867874334404,0.08167867874334406,A,none,False,False,False,27,1.0,27,70,0.5,-9,3,0,p=1→27; p=0→27,p=0.5→-9; p=0.25→72; p=0.125→70; p=0.125→66
179,140,True,False,16,27.0,30.5,3.5,B,0.4875,0.5278455863699584,0.040345586369958386,A,none,True,False,False,27,1.0,27,70,0.5,-9,3,0,p=1→27; p=0→27,p=0.5→-9; p=0.25→72; p=0.125→70; p=0.125→66
181,142,True,False,17,26.0,26.0,0.0,tie,0.4,0.52717958147243,0.12717958147243003,A,none,False,False,False,44,0.4,14,26,1.0,26,0,0,p=0.4→44; p=0.6→14,p=1→26
192,151,False,False,16,18.0,23.6,5.600000000000001,B,0.2250000000000001,0.39346033148035536,0.16846033148035527,A,strong_ev_b_humans_favor_a,False,False,True,31,0.5,5,65,0.4,-4,0,0,p=0.5→31; p=0.5→5,p=0.6→-4; p=0.4→65
194,153,True,False,16,25.0,34.8,9.799999999999997,B,0.7125,0.809910877972634,0.09741087797263392,B,none,False,False,False,25,1.0,25,38,0.8,22,1,0,p=1→25; p=0→25,p=0.2→22; p=0.025→35.5; p=0.125→36.5; p=0.25→37.5; p=0.25→38.5; p=0.125→39.5; p=0.025→40.5
197,156,False,False,16,-3.3999999999999995,-3.8000000000000003,-0.4000000000000008,A,0.8124999999999999,0.5845638224188255,0.22793617758117435,B,none,False,False,False,-1,0.9,-25,1,0.4,-7,0,0,p=0.9→-1; p=0.1→-25,p=0.6→-7; p=0.4→1
198,157,False,False,16,23.0,24.5,1.5,B,0.275,0.33862726599808446,0.06362726599808444,A,none,False,False,False,23,1.0,23,89,0.5,-40,0,0,p=1→23; p=0→23,p=0.5→-40; p=0.5→89
210,168,True,False,17,-1.8,-2.0,-0.19999999999999996,A,0.5411764705882353,0.48373212098112994,0.057444349607105316,B,none,True,False,False,-1,0.2,-2,-2,1.0,-2,1,0,p=0.2→-1; p=0.8→-2,p=0.0078125→-5.5; p=0.0546875→-4.5; p=0.164062→-3.5; p=0.273438→-2.5; p=0.273438→-1.5; p=0.164062→-0.5; p=0.0546875→0.5; p=0.0078125→1.5
248,200,True,True,16,-3.0,-6.999999999999999,-3.999999999999999,A,0.2125,0.14626812923335178,0.06623187076664822,A,none,False,False,False,-3,1.0,-3,-7,0.05,-7,1,0,p=1→-3; p=0→-3,p=0.95→-7; p=0.000390625→-10.5; p=0.00273438→-9.5; p=0.00820313→-8.5; p=0.0136719→-7.5; p=0.0136719→-6.5; p=0.00820313→-5.5; p=0.00273438→-4.5; p=0.000390625→-3.5
250,202,False,True,17,13.75,6.75,-7.0,A,0.8235294117647057,0.6079503248244872,0.21557908694021855,B,strong_ev_a_humans_favor_b,False,False,True,66,0.05,11,97,0.05,2,1,1,p=0.05→66; p=0.95→11,p=0.95→2; p=0.000390625→93.5; p=0.00273438→94.5; p=0.00820313→95.5; p=0.0136719→96.5; p=0.0136719→97.5; p=0.00820313→98.5; p=0.00273438→99.5; p=0.000390625→100.5
251,202,True,True,16,13.75,6.75,-7.0,A,0.55,0.5406598637568573,0.009340136243142783,B,none,False,False,False,66,0.05,11,97,0.05,2,1,1,p=0.05→66; p=0.95→11,p=0.95→2; p=0.000390625→93.5; p=0.00273438→94.5; p=0.00820313→95.5; p=0.0136719→96.5; p=0.0136719→97.5; p=0.00820313→98.5; p=0.00273438→99.5; p=0.000390625→100.5
257,208,True,True,16,21.8,31.6,9.8,B,0.7875000000000001,0.7514286859415812,0.0360713140584189,B,none,False,False,False,45,0.6,-13,55,0.1,29,1,0,p=0.6→45; p=0.4→-13,p=0.9→29; p=0.00078125→51.5; p=0.00546875→52.5; p=0.0164063→53.5; p=0.0273438→54.5; p=0.0273438→55.5; p=0.0164063→56.5; p=0.00546875→57.5; p=0.00078125→58.5
260,211,True,True,16,25.8,25.400000000000002,-0.3999999999999986,A,0.6375,0.6598266462700019,0.022326646270001915,B,none,False,False,False,72,0.4,-5,59,0.4,3,1,-1,p=0.4→72; p=0.6→-5,p=0.6→3; p=0.0125→56.5; p=0.0625→57.5; p=0.125→58.5; p=0.125→59.5; p=0.0625→60.5; p=0.0125→61.5
263,214,False,False,16,24.0,22.049999999999997,-1.9500000000000028,A,0.4625,0.5184629264984217,0.05596292649842172,A,none,True,False,False,24,1.0,24,24,0.95,-15,2,0,p=1→24; p=0→24,p=0.05→-15; p=0.475→18; p=0.2375→20; p=0.11875→24; p=0.059375→32; p=0.0296875→48; p=0.0148437→80; p=0.0148438→144
264,214,True,False,15,24.0,22.049999999999997,-1.9500000000000028,A,0.5733333333333334,0.5039416213981669,0.06939171193516647,B,none,False,False,False,24,1.0,24,24,0.95,-15,2,0,p=1→24; p=0→24,p=0.05→-15; p=0.475→18; p=0.2375→20; p=0.11875→24; p=0.059375→32; p=0.0296875→48; p=0.0148437→80; p=0.0148438→144
284,232,False,False,16,27.0,25.5,-1.5,A,0.25,0.3844654945098283,0.1344654945098283,A,none,False,False,False,27,0.4,27,75,0.5,-24,0,0,p=0.4→27; p=0.6→27,p=0.5→-24; p=0.5→75
285,232,True,False,15,27.0,25.5,-1.5,A,0.3733333333333333,0.3855401594823701,0.012206826149036787,A,none,False,False,False,27,0.4,27,75,0.5,-24,0,0,p=0.4→27; p=0.6→27,p=0.5→-24; p=0.5→75
301,244,True,True,20,-1.0,-3.799999999999999,-2.799999999999999,A,0.77,0.6834355481272588,0.0865644518727412,B,none,False,False,False,15,0.2,-5,88,0.1,-14,1,0,p=0.2→15; p=0.8→-5,p=0.9→-14; p=0.00078125→84.5; p=0.00546875→85.5; p=0.0164063→86.5; p=0.0273438→87.5; p=0.0273438→88.5; p=0.0164063→89.5; p=0.00546875→90.5; p=0.00078125→91.5
302,245,False,False,16,7.67,12.25,4.58,B,0.375,0.43756485228890973,0.06256485228890973,A,none,False,False,False,8,0.99,-25,58,0.25,-3,3,0,p=0.99→8; p=0.01→-25,p=0.75→-3; p=0.125→61; p=0.0625→59; p=0.03125→55; p=0.03125→47
303,245,True,False,16,7.67,12.25,4.58,B,0.4875,0.4762227160644049,0.011277283935595073,A,none,True,False,False,8,0.99,-25,58,0.25,-3,3,0,p=0.99→8; p=0.01→-25,p=0.75→-3; p=0.125→61; p=0.0625→59; p=0.03125→55; p=0.03125→47
333,270,False,False,16,10.0,14.2,4.199999999999999,B,0.625,0.656366786489268,0.03136678648926805,B,none,False,False,False,10,1.0,10,43,0.2,7,0,0,p=1→10; p=0→10,p=0.8→7; p=0.2→43
334,270,True,False,16,10.0,14.2,4.199999999999999,B,0.7374999999999999,0.6487708300754246,0.08872916992457536,B,none,False,False,False,10,1.0,10,43,0.2,7,0,0,p=1→10; p=0→10,p=0.8→7; p=0.2→43
350,284,False,False,18,22.0,33.8,11.799999999999997,B,0.8333333333333335,0.7519168959646908,0.08141643736864268,B,none,False,False,False,22,1.0,22,38,0.4,31,0,0,p=1→22; p=0→22,p=0.6→31; p=0.4→38
363,295,False,True,16,5.000000000000001,-1.9999999999999998,-7.000000000000001,A,0.28750000000000003,0.4354930590652056,0.14799305906520555,A,none,False,False,False,61,0.2,-9,-1,0.8,-6,1,0,p=0.2→61; p=0.8→-9,p=0.2→-6; p=0.00625→-4.5; p=0.04375→-3.5; p=0.13125→-2.5; p=0.21875→-1.5; p=0.21875→-0.5; p=0.13125→0.5; p=0.04375→1.5; p=0.00625→2.5
364,295,True,True,15,5.000000000000001,-1.9999999999999998,-7.000000000000001,A,0.3733333333333333,0.4321759904420744,0.05884265710874109,A,none,False,False,False,61,0.2,-9,-1,0.8,-6,1,0,p=0.2→61; p=0.8→-9,p=0.2→-6; p=0.00625→-4.5; p=0.04375→-3.5; p=0.13125→-2.5; p=0.21875→-1.5; p=0.21875→-0.5; p=0.13125→0.5; p=0.04375→1.5; p=0.00625→2.5
379,308,False,False,15,11.0,10.690000000000001,-0.3099999999999987,A,0.4266666666666667,0.5214682323655301,0.09480156569886339,A,none,False,False,False,11,1.0,11,79,0.01,10,0,0,p=1→11; p=0→11,p=0.99→10; p=0.01→79
380,308,True,False,16,11.0,10.690000000000001,-0.3099999999999987,A,0.65,0.5260898504668815,0.12391014953311852,B,none,False,False,False,11,1.0,11,79,0.01,10,0,0,p=1→11; p=0→11,p=0.99→10; p=0.01→79
395,320,True,True,19,26.800000000000004,35.6,8.799999999999997,B,0.7684210526315789,0.7209435535872857,0.047477499044293214,B,none,False,False,False,31,0.9,-11,98,0.2,20,1,0,p=0.9→31; p=0.1→-11,p=0.8→20; p=0.00625→95.5; p=0.03125→96.5; p=0.0625→97.5; p=0.0625→98.5; p=0.03125→99.5; p=0.00625→100.5
404,328,True,True,16,11.25,11.84,0.5899999999999999,B,0.2500000000000001,0.32664664654846637,0.07664664654846626,A,none,False,False,False,21,0.25,8,12,0.99,-4,0,0,p=0.25→21; p=0.75→8,p=0.01→-4; p=0.99→12
409,332,False,False,16,4.0,12.4,8.4,B,0.8624999999999999,0.8237653433948391,0.038734656605160844,B,none,False,False,False,4,1.0,4,16,0.6,7,0,0,p=1→4; p=0→4,p=0.4→7; p=0.6→16
416,338,True,True,18,-8.0,-8.0,0.0,tie,0.4777777777777778,0.4560860532024521,0.0216917245753257,A,none,True,False,False,13,0.5,-29,1,0.25,-11,0,0,p=0.5→13; p=0.5→-29,p=0.75→-11; p=0.25→1
419,341,True,False,16,-0.9999999999999982,-4.6000000000000005,-3.6000000000000023,A,0.2375,0.33587441258681033,0.09837441258681034,A,none,False,False,False,6,0.8,-29,1,0.2,-6,1,0,p=0.8→6; p=0.2→-29,p=0.8→-6; p=0.00625→-1.5; p=0.03125→-0.5; p=0.0625→0.5; p=0.0625→1.5; p=0.03125→2.5; p=0.00625→3.5
420,342,True,False,18,24.950000000000003,19.5,-5.450000000000003,A,0.4111111111111112,0.36541642534295016,0.04569468576816105,A,none,False,False,False,25,0.95,24,30,0.25,16,2,0,p=0.95→25; p=0.05→24,p=0.75→16; p=0.125→27; p=0.0625→29; p=0.03125→33; p=0.03125→41
422,344,False,False,16,10.25,11.0,0.75,B,0.6,0.6909770774725227,0.0909770774725227,B,none,False,False,False,80,0.25,-13,19,0.2,9,0,1,p=0.25→80; p=0.75→-13,p=0.8→9; p=0.2→19
437,357,True,False,16,-3.0,-4.199999999999999,-1.1999999999999993,A,0.6499999999999999,0.5418841528732083,0.10811584712679156,B,none,False,False,False,-3,1.0,-3,19,0.2,-10,0,0,p=1→-3; p=0→-3,p=0.8→-10; p=0.2→19
439,359,True,False,16,-8.0,-5.0,3.0,B,0.6625,0.5549931079493541,0.1075068920506459,B,none,False,False,False,27,0.5,-43,95,0.2,-30,2,1,p=0.5→27; p=0.5→-43,p=0.8→-30; p=0.1→91; p=0.05→93; p=0.025→97; p=0.0125→105; p=0.0125→121
455,372,True,False,16,7.0,9.4,2.4000000000000004,B,0.775,0.6494281350528057,0.1255718649471943,B,none,False,False,False,7,1.0,7,31,0.2,4,2,0,p=1→7; p=0→7,p=0.8→4; p=0.1→29; p=0.05→31; p=0.05→35
462,379,False,False,16,2.0,6.0,4.0,B,0.825,0.8186990056414483,0.0063009943585516925,B,none,False,False,False,2,1.0,2,7,0.75,3,1,0,p=1→2; p=0→2,p=0.25→3; p=0.09375→5.5; p=0.28125→6.5; p=0.28125→7.5; p=0.09375→8.5
463,379,True,False,15,2.0,6.0,4.0,B,0.8,0.8790960707366117,0.07909607073661162,B,none,False,False,False,2,1.0,2,7,0.75,3,1,0,p=1→2; p=0→2,p=0.25→3; p=0.09375→5.5; p=0.28125→6.5; p=0.28125→7.5; p=0.09375→8.5
484,395,True,False,16,25.25,25.8,0.5500000000000007,B,0.6125,0.5951953757169128,0.01730462428308721,B,none,False,False,False,36,0.75,-7,33,0.4,21,0,0,p=0.75→36; p=0.25→-7,p=0.6→21; p=0.4→33
487,398,True,True,16,-10.0,-16.5,-6.5,A,0.5499999999999999,0.5546193414569291,0.004619341456929216,B,none,True,False,False,-10,1.0,-10,1,0.5,-34,0,0,p=1→-10; p=0→-10,p=0.5→-34; p=0.5→1
491,401,True,False,17,24.0,26.700000000000003,2.700000000000003,B,0.4,0.460447636193787,0.06044763619378696,A,none,False,False,False,24,1.0,24,32,0.9,-21,0,0,p=1→24; p=0→24,p=0.1→-21; p=0.9→32
492,402,False,False,16,-8.0,-5.8,2.2,B,0.775,0.7311100049529132,0.043889995047086794,B,none,False,False,False,-8,1.0,-8,-5,0.8,-9,1,0,p=1→-8; p=0→-8,p=0.2→-9; p=0.025→-7.5; p=0.125→-6.5; p=0.25→-5.5; p=0.25→-4.5; p=0.125→-3.5; p=0.025→-2.5
493,402,True,False,16,-8.0,-5.8,2.2,B,0.825,0.7423581209434518,0.08264187905654818,B,none,False,False,False,-8,1.0,-8,-5,0.8,-9,1,0,p=1→-8; p=0→-8,p=0.2→-9; p=0.025→-7.5; p=0.125→-6.5; p=0.25→-5.5; p=0.25→-4.5; p=0.125→-3.5; p=0.025→-2.5
494,403,True,False,17,27.0,25.0,-2.0,A,0.03529411764705883,0.17838922882734967,0.14309511118029083,A,none,False,False,False,27,1.0,27,27,0.5,23,0,0,p=1→27; p=0→27,p=0.5→23; p=0.5→27
499,407,True,False,19,-8.0,-4.6,3.4000000000000004,B,0.8210526315789475,0.7336222151465297,0.08743041643241778,B,none,False,False,False,-8,1.0,-8,29,0.2,-13,1,0,p=1→-8; p=0→-8,p=0.8→-13; p=0.0015625→25.5; p=0.0109375→26.5; p=0.0328125→27.5; p=0.0546875→28.5; p=0.0546875→29.5; p=0.0328125→30.5; p=0.0109375→31.5; p=0.0015625→32.5
514,418,True,False,16,25.0,26.0,1.0,B,0.6625,0.652409419606051,0.010090580393948945,B,none,False,False,False,25,1.0,25,29,0.75,17,1,0,p=1→25; p=0→25,p=0.25→17; p=0.00585938→25.5; p=0.0410156→26.5; p=0.123047→27.5; p=0.205078→28.5; p=0.205078→29.5; p=0.123047→30.5; p=0.0410156→31.5; p=0.00585938→32.5
519,422,False,False,16,18.4,18.0,-0.3999999999999986,A,0.28750000000000003,0.3219664204523655,0.034466420452365476,A,none,False,False,False,22,0.1,18,18,1.0,18,1,0,p=0.1→22; p=0.9→18,p=0.5→17.5; p=0.5→18.5
520,422,True,False,16,18.4,18.0,-0.3999999999999986,A,0.375,0.32254422196118404,0.05245577803881596,A,none,False,False,False,22,0.1,18,18,1.0,18,1,0,p=0.1→22; p=0.9→18,p=0.5→17.5; p=0.5→18.5
522,424,False,False,16,1.0,6.500000000000002,5.500000000000002,B,0.575,0.5486258679954745,0.02637413200452543,B,none,False,False,False,30,0.5,-28,12,0.9,-43,0,0,p=0.5→30; p=0.5→-28,p=0.1→-43; p=0.9→12
526,427,False,False,16,5.800000000000001,-1.6099999999999999,-7.41,A,0.575,0.4635680191333853,0.11143198086661465,B,none,False,False,False,89,0.2,-15,37,0.01,-2,3,0,p=0.2→89; p=0.8→-15,p=0.99→-2; p=0.005→40; p=0.0025→38; p=0.00125→34; p=0.00125→26
536,434,False,True,17,10.200000000000003,5.25,-4.950000000000003,A,0.4705882352941176,0.606661656084893,0.1360734207907754,A,none,True,False,False,39,0.4,-9,20,0.75,-39,1,0,p=0.4→39; p=0.6→-9,p=0.25→-39; p=0.0234375→17.5; p=0.117188→18.5; p=0.234375→19.5; p=0.234375→20.5; p=0.117188→21.5; p=0.0234375→22.5
537,434,True,True,17,10.200000000000003,5.25,-4.950000000000003,A,0.5058823529411766,0.5466707149373281,0.040788361996151545,B,none,True,False,False,39,0.4,-9,20,0.75,-39,1,0,p=0.4→39; p=0.6→-9,p=0.25→-39; p=0.0234375→17.5; p=0.117188→18.5; p=0.234375→19.5; p=0.234375→20.5; p=0.117188→21.5; p=0.0234375→22.5
554,446,True,False,16,10.0,7.5,-2.5,A,0.2375,0.2976102571961092,0.060110257196109185,A,none,False,False,False,10,1.0,10,57,0.25,-9,0,0,p=1→10; p=0→10,p=0.75→-9; p=0.25→57
555,447,True,False,17,-3.1999999999999993,4.000000000000002,7.200000000000001,B,0.7032679738562092,0.7268255668720925,0.023557593015883338,B,none,False,False,False,31,0.4,-26,37,0.4,-18,1,0,p=0.4→31; p=0.6→-26,p=0.6→-18; p=0.05→35.5; p=0.15→36.5; p=0.15→37.5; p=0.05→38.5
566,457,True,True,16,12.0,19.7,7.699999999999999,B,0.9375,0.891844481338072,0.04565551866192796,B,none,False,False,False,12,1.0,12,33,0.05,19,1,0,p=1→12; p=0→12,p=0.95→19; p=0.025→32.5; p=0.025→33.5
569,459,True,False,16,4.0,12.25,8.25,B,0.8375,0.7417854285588029,0.0957145714411971,B,none,False,False,False,4,1.0,4,25,0.25,8,3,0,p=1→4; p=0→4,p=0.75→8; p=0.125→30; p=0.0625→28; p=0.03125→24; p=0.015625→16; p=0.0078125→0; p=0.0078125→-32
578,465,True,True,15,25.55,24.75,-0.8000000000000007,A,0.44,0.5167297397678091,0.07672973976780911,A,none,False,False,False,36,0.05,25,75,0.25,8,1,0,p=0.05→36; p=0.95→25,p=0.75→8; p=0.125→74.5; p=0.125→75.5
589,475,True,False,15,10.0,6.0,-4.0,A,0.3644444444444445,0.41717035397065194,0.052725909526207426,A,none,False,False,False,54,0.2,-1,34,0.5,-22,0,0,p=0.2→54; p=0.8→-1,p=0.5→-22; p=0.5→34
591,477,True,True,16,26.1,26.0,-0.10000000000000142,A,0.5875,0.5341325220790518,0.0533674779209482,B,none,False,False,False,63,0.1,22,26,1.0,26,1,0,p=0.1→63; p=0.9→22,p=0.03125→23.5; p=0.15625→24.5; p=0.3125→25.5; p=0.3125→26.5; p=0.15625→27.5; p=0.03125→28.5
598,483,False,True,16,12.0,13.629999999999999,1.629999999999999,B,0.725,0.8293321543887606,0.10433215438876065,B,none,False,False,False,12,1.0,12,76,0.01,13,0,0,p=1→12; p=0→12,p=0.99→13; p=0.01→76
599,483,True,True,17,12.0,13.629999999999999,1.629999999999999,B,0.7764705882352941,0.8316155905046153,0.055145002269321175,B,none,False,False,False,12,1.0,12,76,0.01,13,0,0,p=1→12; p=0→12,p=0.99→13; p=0.01→76
617,499,True,False,18,4.800000000000001,6.0,1.1999999999999993,B,0.4944444444444445,0.39026770286780355,0.10417674157664097,A,none,True,False,False,12,0.2,3,18,0.75,-30,0,0,p=0.2→12; p=0.8→3,p=0.25→-30; p=0.75→18
640,520,True,False,16,20.0,22.75,2.75,B,0.375,0.5219721856623463,0.14697218566234627,A,none,False,False,False,20,1.0,20,88,0.25,1,0,0,p=1→20; p=0→20,p=0.75→1; p=0.25→88
645,524,True,False,16,12.000000000000002,7.0,-5.000000000000002,A,0.2875,0.3911233806449683,0.10362338064496834,A,none,False,False,False,25,0.8,-40,9,0.9,-11,3,0,p=0.8→25; p=0.2→-40,p=0.1→-11; p=0.45→12; p=0.225→10; p=0.1125→6; p=0.1125→-2
651,529,True,False,17,-10.0,-20.1,-10.100000000000001,A,0.10588235294117647,0.20366037651409083,0.09777802357291436,A,none,False,False,False,-10,1.0,-10,-3,0.1,-22,0,0,p=1→-10; p=0→-10,p=0.9→-22; p=0.1→-3
654,531,False,False,16,-9.0,-12.0,-3.0,A,0.35,0.4167359969262787,0.06673599692627874,A,none,False,False,False,-9,1.0,-9,-7,0.8,-32,1,0,p=1→-9; p=0→-9,p=0.2→-32; p=0.00625→-10.5; p=0.04375→-9.5; p=0.13125→-8.5; p=0.21875→-7.5; p=0.21875→-6.5; p=0.13125→-5.5; p=0.04375→-4.5; p=0.00625→-3.5
655,531,True,False,15,-9.0,-12.0,-3.0,A,0.6666666666666666,0.43886977459389465,0.22779689207277198,B,none,False,False,False,-9,1.0,-9,-7,0.8,-32,1,0,p=1→-9; p=0→-9,p=0.2→-32; p=0.00625→-10.5; p=0.04375→-9.5; p=0.13125→-8.5; p=0.21875→-7.5; p=0.21875→-6.5; p=0.13125→-5.5; p=0.04375→-4.5; p=0.00625→-3.5
669,542,True,False,16,17.25,16.5,-0.75,A,0.6749999999999999,0.6689532697660612,0.006046730233938757,B,none,False,False,False,81,0.25,-4,75,0.1,10,1,0,p=0.25→81; p=0.75→-4,p=0.9→10; p=0.0125→73.5; p=0.0375→74.5; p=0.0375→75.5; p=0.0125→76.5
676,548,False,True,16,5.0,-11.5,-16.5,A,0.16250000000000006,0.14612357206248278,0.016376427937517285,A,none,False,False,False,5,1.0,5,-10,0.9,-25,0,0,p=1→5; p=0→5,p=0.1→-25; p=0.9→-10
677,548,True,True,17,5.0,-11.5,-16.5,A,0.09411764705882353,0.0889610444192547,0.005156602639568825,A,none,False,False,False,5,1.0,5,-10,0.9,-25,0,0,p=1→5; p=0→5,p=0.1→-25; p=0.9→-10
680,550,True,False,32,13.0,17.4,4.399999999999999,B,0.4875,0.6412724164888796,0.15377241648887957,A,none,True,False,False,13,1.0,13,25,0.6,6,0,0,p=1→13; p=0→13,p=0.4→6; p=0.6→25
687,555,False,False,16,16.819999999999997,16.2,-0.6199999999999974,A,0.5375,0.541289889718042,0.003789889718042061,B,none,True,False,False,17,0.99,-1,27,0.6,0,1,0,p=0.99→17; p=0.01→-1,p=0.4→0; p=0.3→26.5; p=0.3→27.5
688,555,True,False,16,16.819999999999997,16.2,-0.6199999999999974,A,0.475,0.5244667635012757,0.04946676350127577,A,none,True,False,False,17,0.99,-1,27,0.6,0,1,0,p=0.99→17; p=0.01→-1,p=0.4→0; p=0.3→26.5; p=0.3→27.5
695,561,False,False,16,-7.599999999999999,-10.199999999999996,-2.599999999999997,A,0.6875000000000001,0.5545920799992843,0.13290792000071583,B,none,False,False,False,19,0.05,-9,48,0.4,-49,0,0,p=0.05→19; p=0.95→-9,p=0.6→-49; p=0.4→48
704,567,True,False,18,-5.2,-3.3999999999999995,1.8000000000000007,B,0.8222222222222222,0.6582201626297328,0.16400205959248937,B,none,False,False,False,-2,0.6,-10,14,0.4,-15,1,1,p=0.6→-2; p=0.4→-10,p=0.6→-15; p=0.0125→11.5; p=0.0625→12.5; p=0.125→13.5; p=0.125→14.5; p=0.0625→15.5; p=0.0125→16.5
708,570,True,False,16,27.0,16.1,-10.899999999999999,A,0.2625,0.11258719452120186,0.14991280547879815,A,none,False,False,False,27,1.0,27,26,0.1,15,3,0,p=1→27; p=0→27,p=0.9→15; p=0.05→27; p=0.05→25
709,571,True,False,19,3.0,6.800000000000001,3.8000000000000007,B,0.5052631578947369,0.5237630434436461,0.018499885548909245,B,none,True,False,False,5,0.8,-5,74,0.4,-38,3,0,p=0.8→5; p=0.2→-5,p=0.6→-38; p=0.2→76; p=0.1→74; p=0.1→70
727,585,True,False,16,8.800000000000002,15.000000000000004,6.200000000000001,B,0.7,0.6922125460415625,0.007787453958437496,B,none,False,False,False,49,0.4,-18,63,0.4,-17,0,0,p=0.4→49; p=0.6→-18,p=0.6→-17; p=0.4→63
738,594,True,False,15,24.0,27.5,3.5,B,0.7466666666666667,0.6523724157747972,0.09429425089186949,B,none,False,False,False,24,1.0,24,39,0.5,16,0,0,p=1→24; p=0→24,p=0.5→16; p=0.5→39
739,595,True,False,16,18.0,18.0,0.0,tie,0.4125,0.48690612495681324,0.07440612495681326,A,none,False,False,False,18,1.0,18,21,0.75,9,0,0,p=1→18; p=0→18,p=0.25→9; p=0.75→21
741,597,False,False,16,28.0,18.0,-10.0,A,0.3375,0.32110211666240684,0.016397883337593178,A,none,False,False,False,28,1.0,28,86,0.2,1,0,0,p=1→28; p=0→28,p=0.8→1; p=0.2→86
742,597,True,False,32,28.0,18.0,-10.0,A,0.44375,0.32653306167518553,0.11721693832481445,A,none,False,False,False,28,1.0,28,86,0.2,1,0,0,p=1→28; p=0→28,p=0.8→1; p=0.2→86
752,606,True,False,15,9.0,12.8,3.8000000000000007,B,0.6933333333333332,0.7233863581586624,0.030053024825329122,B,none,False,False,False,9,1.0,9,56,0.1,8,2,0,p=1→9; p=0→9,p=0.9→8; p=0.05→53; p=0.025→55; p=0.0125→59; p=0.0125→67
766,620,True,False,16,19.0,19.650000000000002,0.6500000000000021,B,0.5999999999999999,0.6331801095420733,0.0331801095420734,B,none,False,False,False,61,0.5,-23,32,0.05,19,2,0,p=0.5→61; p=0.5→-23,p=0.95→19; p=0.025→30; p=0.0125→32; p=0.0125→36
767,621,False,False,16,21.0,21.0,0.0,tie,0.5875000000000001,0.5086957100912278,0.07880428990877231,B,none,False,False,False,21,1.0,21,21,1.0,21,2,0,p=1→21; p=0→21,p=0.5→17; p=0.25→19; p=0.125→23; p=0.0625→31; p=0.0625→47
776,630,False,False,16,20.0,21.75,1.75,B,0.7125,0.6146415674723709,0.09785843252762916,B,none,False,False,False,55,0.5,-15,36,0.25,17,1,0,p=0.5→55; p=0.5→-15,p=0.75→17; p=0.125→35.5; p=0.125→36.5
797,651,False,False,17,10.9,11.0,0.09999999999999964,B,0.8470588235294118,0.724658507852539,0.1224003156768727,B,none,False,False,False,11,0.99,1,11,1.0,11,0,0,p=0.99→11; p=0.01→1,p=1→11
798,651,True,False,16,10.9,11.0,0.09999999999999964,B,0.8625,0.7703827593897313,0.09211724061026871,B,none,False,False,False,11,0.99,1,11,1.0,11,0,0,p=0.99→11; p=0.01→1,p=1→11
809,661,True,True,16,-5.0,0.40000000000000036,5.4,B,0.8124999999999999,0.7130420506869032,0.0994579493130967,B,none,False,False,False,-5,1.0,-5,40,0.4,-26,1,0,p=1→-5; p=0→-5,p=0.6→-26; p=0.2→39.5; p=0.2→40.5
860,705,False,False,16,0.0,-3.04,-3.04,A,0.30000000000000004,0.4358932420932994,0.13589324209329934,A,none,False,False,False,0,1.0,0,92,0.01,-4,0,0,p=1→0; p=0→0,p=0.99→-4; p=0.01→92
861,705,True,False,16,0.0,-3.04,-3.04,A,0.55,0.39944900844323206,0.150550991556768,B,none,False,False,False,0,1.0,0,92,0.01,-4,0,0,p=1→0; p=0→0,p=0.99→-4; p=0.01→92
872,716,True,False,18,26.0,26.0,0.0,tie,0.4,0.5035411685132751,0.1035411685132751,A,none,False,False,False,28,0.5,24,26,1.0,26,0,0,p=0.5→28; p=0.5→24,p=1→26
874,718,True,False,16,23.38,12.600000000000005,-10.779999999999994,A,0.30000000000000004,0.20102066986715544,0.0989793301328446,A,none,False,False,False,61,0.01,23,28,0.8,-49,0,0,p=0.01→61; p=0.99→23,p=0.2→-49; p=0.8→28
889,731,True,False,16,20.25,15.28,-4.970000000000001,A,0.425,0.3781968298429304,0.046803170157069585,A,none,False,False,False,45,0.25,12,43,0.01,15,1,0,p=0.25→45; p=0.75→12,p=0.99→15; p=0.0003125→40.5; p=0.0015625→41.5; p=0.003125→42.5; p=0.003125→43.5; p=0.0015625→44.5; p=0.0003125→45.5
890,732,False,False,16,7.0,3.0,-4.0,A,0.275,0.33904424774124237,0.06404424774124234,A,none,False,False,False,11,0.75,-5,40,0.5,-34,0,-1,p=0.75→11; p=0.25→-5,p=0.5→-34; p=0.5→40
891,732,True,False,22,7.0,3.0,-4.0,A,0.34545454545454546,0.359182713466559,0.013728168012013542,A,none,False,False,False,11,0.75,-5,40,0.5,-34,0,-1,p=0.75→11; p=0.25→-5,p=0.5→-34; p=0.5→40
892,733,True,False,16,17.6,21.000000000000004,3.400000000000002,B,0.3750000000000001,0.42664912648019365,0.05164912648019354,A,none,False,False,False,86,0.1,10,26,0.9,-24,0,0,p=0.1→86; p=0.9→10,p=0.1→-24; p=0.9→26
893,734,True,False,16,29.0,39.5,10.5,B,0.7000000000000001,0.5439948868687767,0.15600511313122334,B,none,False,False,False,89,0.4,-11,63,0.75,-31,0,0,p=0.4→89; p=0.6→-11,p=0.25→-31; p=0.75→63
905,743,True,True,16,21.75,21.8,0.05000000000000071,B,0.5125,0.5464799345909142,0.033979934590914196,B,none,True,False,False,29,0.75,0,25,0.8,9,3,0,p=0.75→29; p=0.25→0,p=0.2→9; p=0.4→28; p=0.2→26; p=0.1→22; p=0.1→14
910,747,False,False,15,14.8,7.5,-7.300000000000001,A,0.28,0.4154321234510659,0.13543212345106587,A,none,False,False,False,55,0.4,-12,55,0.5,-40,0,0,p=0.4→55; p=0.6→-12,p=0.5→-40; p=0.5→55
911,747,True,False,19,14.8,7.5,-7.300000000000001,A,0.4526315789473685,0.3505877188728464,0.1020438600745221,A,none,True,False,False,55,0.4,-12,55,0.5,-40,0,0,p=0.4→55; p=0.6→-12,p=0.5→-40; p=0.5→55
915,750,False,False,15,3.200000000000003,8.25,5.049999999999997,B,0.7733333333333334,0.7654000404045537,0.007933292928779756,B,none,False,False,False,41,0.4,-22,33,0.25,0,2,0,p=0.4→41; p=0.6→-22,p=0.75→0; p=0.125→29; p=0.0625→31; p=0.03125→35; p=0.015625→43; p=0.015625→59
916,750,True,False,21,3.200000000000003,8.25,5.049999999999997,B,0.7047619047619049,0.7631559326971084,0.05839402793520343,B,none,False,False,False,41,0.4,-22,33,0.25,0,2,0,p=0.4→41; p=0.6→-22,p=0.75→0; p=0.125→29; p=0.0625→31; p=0.03125→35; p=0.015625→43; p=0.015625→59
917,751,True,False,16,14.87,9.4,-5.469999999999999,A,0.3375,0.33174478518436024,0.005755214815639786,A,none,False,False,False,15,0.99,2,40,0.1,6,0,0,p=0.99→15; p=0.01→2,p=0.9→6; p=0.1→40
921,755,False,False,16,20.0,26.4,6.399999999999999,B,0.30000000000000004,0.5252937132509242,0.22529371325092418,A,strong_ev_b_humans_favor_a,False,False,True,20,1.0,20,60,0.6,-24,2,0,p=1→20; p=0→20,p=0.4→-24; p=0.3→59; p=0.3→61
922,755,True,False,18,20.0,26.4,6.399999999999999,B,0.4888888888888889,0.5455311116036966,0.05664222271480773,A,none,True,False,False,20,1.0,20,60,0.6,-24,2,0,p=1→20; p=0→20,p=0.4→-24; p=0.3→59; p=0.3→61
931,763,True,False,16,29.400000000000002,37.75,8.349999999999998,B,0.6625,0.759719133974792,0.09721913397479198,B,none,False,False,False,37,0.8,-1,52,0.25,33,1,0,p=0.8→37; p=0.2→-1,p=0.75→33; p=0.125→51.5; p=0.125→52.5
932,764,False,False,16,23.0,21.5,-1.5,A,0.3875,0.40734920932982155,0.019849209329821538,A,none,False,False,False,36,0.5,10,39,0.5,4,0,0,p=0.5→36; p=0.5→10,p=0.5→4; p=0.5→39
933,764,True,False,19,23.0,21.5,-1.5,A,0.3578947368421053,0.38156769230480797,0.02367295546270265,A,none,False,False,False,36,0.5,10,39,0.5,4,0,0,p=0.5→36; p=0.5→10,p=0.5→4; p=0.5→39
934,765,True,False,23,7.55,8.0,0.4500000000000002,B,0.8869565217391304,0.7662323414654488,0.12072418027368159,B,none,False,False,False,8,0.95,-1,8,1.0,8,0,0,p=0.95→8; p=0.05→-1,p=1→8
942,770,True,True,19,-3.0,-7.93,-4.93,A,0.30526315789473685,0.24977403862206,0.05548911927267686,A,none,False,False,False,-3,1.0,-3,-1,0.01,-8,0,0,p=1→-3; p=0→-3,p=0.99→-8; p=0.01→-1
954,781,True,False,16,13.0,24.599999999999998,11.599999999999998,B,0.8250000000000001,0.8535597224053018,0.02855972240530169,B,none,False,False,False,13,1.0,13,29,0.6,18,1,0,p=1→13; p=0→13,p=0.4→18; p=0.3→28.5; p=0.3→29.5
960,785,True,False,16,19.0,13.1,-5.9,A,0.3750000000000001,0.5937991756927345,0.21879917569273444,A,none,False,False,False,52,0.5,-14,23,0.01,13,2,0,p=0.5→52; p=0.5→-14,p=0.99→13; p=0.005→19; p=0.0025→21; p=0.00125→25; p=0.000625→33; p=0.000625→49
963,788,True,True,18,2.0,0.5000000000000001,-1.5,A,0.5444444444444444,0.5990238611643844,0.054579416719940044,B,none,True,False,False,2,1.0,2,14,0.1,-1,1,0,p=1→2; p=0→2,p=0.9→-1; p=0.05→13.5; p=0.05→14.5
964,789,False,True,16,-7.0,-7.75,-0.75,A,0.6625000000000001,0.6502304537186694,0.012269546281330701,B,none,False,False,False,-7,1.0,-7,11,0.25,-14,0,0,p=1→-7; p=0→-7,p=0.75→-14; p=0.25→11
965,789,True,True,15,-7.0,-7.75,-0.75,A,0.6533333333333332,0.6329395854547374,0.020393747878595825,B,none,False,False,False,-7,1.0,-7,11,0.25,-14,0,0,p=1→-7; p=0→-7,p=0.75→-14; p=0.25→11
973,796,False,False,16,6.0,5.0,-1.0,A,0.3750000000000001,0.48405213568870037,0.10905213568870026,A,none,False,False,False,6,1.0,6,24,0.5,-14,3,0,p=1→6; p=0→6,p=0.5→-14; p=0.25→26; p=0.125→24; p=0.125→20
974,796,True,False,15,6.0,5.0,-1.0,A,0.56,0.49484842304030413,0.06515157695969592,B,none,False,False,False,6,1.0,6,24,0.5,-14,3,0,p=1→6; p=0→6,p=0.5→-14; p=0.25→26; p=0.125→24; p=0.125→20
982,803,False,False,16,-9.0,-7.01,1.9900000000000002,B,0.7124999999999999,0.7878322953470631,0.0753322953470632,B,none,False,False,False,-9,1.0,-9,-7,0.99,-8,0,0,p=1→-9; p=0→-9,p=0.01→-8; p=0.99→-7
983,803,True,False,16,-9.0,-7.01,1.9900000000000002,B,0.825,0.8475074355755402,0.022507435575540247,B,none,False,False,False,-9,1.0,-9,-7,0.99,-8,0,0,p=1→-9; p=0→-9,p=0.01→-8; p=0.99→-7
992,812,True,False,17,2.0,5.15,3.1500000000000004,B,0.8941176470588236,0.6996580754360358,0.19445957162278782,B,none,False,False,False,2,1.0,2,46,0.05,3,3,0,p=1→2; p=0→2,p=0.95→3; p=0.025→51; p=0.0125→49; p=0.00625→45; p=0.003125→37; p=0.0015625→21; p=0.0015625→-11
995,814,True,False,19,18.25,22.01,3.7600000000000016,B,0.44210526315789467,0.683549664999294,0.24144440184139937,A,none,False,False,False,43,0.25,10,23,0.01,22,1,0,p=0.25→43; p=0.75→10,p=0.99→22; p=0.00125→21.5; p=0.00375→22.5; p=0.00375→23.5; p=0.00125→24.5
1001,820,False,True,16,8.0,6.449999999999999,-1.5500000000000007,A,0.16249999999999998,0.18366554143521754,0.021165541435217566,A,none,False,False,False,8,1.0,8,7,0.95,-4,0,0,p=1→8; p=0→8,p=0.05→-4; p=0.95→7
1002,820,True,True,17,8.0,6.449999999999999,-1.5500000000000007,A,0.10588235294117647,0.14241843268283394,0.03653607974165747,A,none,False,False,False,8,1.0,8,7,0.95,-4,0,0,p=1→8; p=0→8,p=0.05→-4; p=0.95→7
1011,827,True,False,16,3.8,3.75,-0.04999999999999982,A,0.7625000000000001,0.6862067487560326,0.07629325124396746,B,none,False,False,False,35,0.2,-4,4,0.75,3,2,-1,p=0.2→35; p=0.8→-4,p=0.25→3; p=0.375→0; p=0.1875→2; p=0.09375→6; p=0.046875→14; p=0.046875→30
1015,830,False,False,16,-1.0,1.5,2.5,B,0.7124999999999999,0.6548723911918017,0.05762760880819817,B,none,False,False,False,-1,1.0,-1,20,0.5,-17,0,0,p=1→-1; p=0→-1,p=0.5→-17; p=0.5→20
1017,832,True,False,17,30.000000000000007,26.599999999999998,-3.4000000000000092,A,0.5411764705882353,0.6026040537444288,0.061427583156193566,B,none,True,False,False,46,0.8,-34,86,0.01,26,2,0,p=0.8→46; p=0.2→-34,p=0.99→26; p=0.005→85; p=0.005→87
1026,839,True,True,16,6.0,6.0000000000000036,3.552713678800501e-15,B,0.6125,0.4951283160013014,0.11737168399869863,B,none,False,False,False,6,1.0,6,78,0.4,-42,2,0,p=1→6; p=0→6,p=0.6→-42; p=0.2→75; p=0.1→77; p=0.05→81; p=0.05→89
1029,842,True,False,17,4.0,9.25,5.25,B,0.5058823529411764,0.6640425562242404,0.1581602032830639,B,none,True,False,False,8,0.2,3,37,0.25,0,1,0,p=0.2→8; p=0.8→3,p=0.75→0; p=0.125→36.5; p=0.125→37.5
1031,844,True,False,16,5.0,5.8,0.7999999999999998,B,0.4375000000000001,0.42199498658306156,0.015505013416938551,A,none,False,False,False,5,1.0,5,57,0.2,-7,2,0,p=1→5; p=0→5,p=0.8→-7; p=0.1→53; p=0.05→55; p=0.025→59; p=0.0125→67; p=0.0125→83
1058,866,True,True,32,-4.0,1.6000000000000014,5.600000000000001,B,0.54375,0.7729202799411116,0.2291702799411116,B,none,True,False,False,-4,1.0,-4,7,0.8,-20,0,0,p=1→-4; p=0→-4,p=0.2→-20; p=0.8→7
1062,869,False,False,16,2.999999999999999,8.97,5.9700000000000015,B,0.8750000000000001,0.742213898865338,0.13278610113466216,B,none,False,False,False,17,0.6,-18,9,0.99,6,2,-1,p=0.6→17; p=0.4→-18,p=0.01→6; p=0.495→5; p=0.2475→7; p=0.12375→11; p=0.061875→19; p=0.061875→35
1085,886,False,False,31,27.0,23.75,-3.25,A,0.4451612903225807,0.42170542089868995,0.023455869423890774,A,none,False,False,False,27,1.0,27,38,0.25,19,0,0,p=1→27; p=0→27,p=0.75→19; p=0.25→38
1086,886,True,False,15,27.0,23.75,-3.25,A,0.28,0.4267238956938521,0.14672389569385208,A,none,False,False,False,27,1.0,27,38,0.25,19,0,0,p=1→27; p=0→27,p=0.75→19; p=0.25→38
1103,900,True,True,16,21.37,22.0,0.629999999999999,B,0.6125,0.6481050403289285,0.03560504032892842,B,none,False,False,False,22,0.99,-41,76,0.25,4,1,0,p=0.99→22; p=0.01→-41,p=0.75→4; p=0.125→75.5; p=0.125→76.5
1108,905,True,True,20,25.699999999999996,23.400000000000002,-2.2999999999999936,A,0.4400000000000001,0.4753483475999046,0.03534834759990446,A,none,False,False,False,58,0.05,24,63,0.4,-3,1,0,p=0.05→58; p=0.95→24,p=0.6→-3; p=0.05→61.5; p=0.15→62.5; p=0.15→63.5; p=0.05→64.5
1129,924,True,False,16,14.0,19.2,5.199999999999999,B,0.7375000000000002,0.7385102618213404,0.0010102618213402303,B,none,False,False,False,30,0.5,-2,36,0.4,8,2,0,p=0.5→30; p=0.5→-2,p=0.6→8; p=0.2→32; p=0.1→34; p=0.05→38; p=0.025→46; p=0.025→62
1130,925,True,False,17,15.0,21.9,6.899999999999999,B,0.7058823529411765,0.6903494461956247,0.015532906745551855,B,none,False,False,False,43,0.2,8,23,0.95,1,0,0,p=0.2→43; p=0.8→8,p=0.05→1; p=0.95→23
1155,945,False,False,16,26.35,30.15,3.799999999999997,B,0.7625,0.7156909590781771,0.04680904092182281,B,none,False,False,False,27,0.99,-38,31,0.95,14,0,0,p=0.99→27; p=0.01→-38,p=0.05→14; p=0.95→31
1156,945,True,False,15,26.35,30.15,3.799999999999997,B,0.7599999999999999,0.7143374082334475,0.04566259176655241,B,none,False,False,False,27,0.99,-38,31,0.95,14,0,0,p=0.99→27; p=0.01→-38,p=0.05→14; p=0.95→31
1157,946,True,False,18,-1.0,2.6,3.6,B,0.9666666666666666,0.9079857383375805,0.05868092832908611,B,none,False,False,False,-1,1.0,-1,14,0.05,2,1,0,p=1→-1; p=0→-1,p=0.95→2; p=0.025→13.5; p=0.025→14.5
1178,964,True,True,15,23.75,24.599999999999998,0.8499999999999979,B,0.19333333333333333,0.33302629273510953,0.1396929594017762,A,none,False,False,False,32,0.25,21,49,0.6,-12,0,0,p=0.25→32; p=0.75→21,p=0.4→-12; p=0.6→49
1188,972,False,False,16,4.6000000000000005,-0.7999999999999972,-5.399999999999998,A,0.2375,0.23701083255568342,0.0004891674443165683,A,none,False,False,False,46,0.1,0,34,0.4,-24,0,0,p=0.1→46; p=0.9→0,p=0.6→-24; p=0.4→34
1189,972,True,False,17,4.6000000000000005,-0.7999999999999972,-5.399999999999998,A,0.5058823529411764,0.23088618166456634,0.27499617127661014,B,none,True,False,False,46,0.1,0,34,0.4,-24,0,0,p=0.1→46; p=0.9→0,p=0.6→-24; p=0.4→34
1191,974,True,False,19,23.0,23.0,0.0,tie,0.5894736842105264,0.5480923465682586,0.04138133764226781,B,none,False,False,False,32,0.75,-4,23,1.0,23,1,0,p=0.75→32; p=0.25→-4,p=0.03125→20.5; p=0.15625→21.5; p=0.3125→22.5; p=0.3125→23.5; p=0.15625→24.5; p=0.03125→25.5
1193,976,True,False,15,2.349999999999998,1.6500000000000001,-0.6999999999999977,A,0.4533333333333334,0.4170855203100964,0.03624781302323704,A,none,True,False,False,5,0.95,-48,52,0.05,-1,1,-1,p=0.95→5; p=0.05→-48,p=0.95→-1; p=0.025→51.5; p=0.025→52.5
1196,979,False,False,16,1.0,8.0,7.0,B,0.65,0.5944730215333515,0.05552697846664856,B,none,False,False,False,1,1.0,1,35,0.5,-19,1,0,p=1→1; p=0→1,p=0.5→-19; p=0.0625→33.5; p=0.1875→34.5; p=0.1875→35.5; p=0.0625→36.5
1197,979,True,False,15,1.0,8.0,7.0,B,0.6133333333333333,0.6047455756458241,0.00858775768750919,B,none,False,False,False,1,1.0,1,35,0.5,-19,1,0,p=1→1; p=0→1,p=0.5→-19; p=0.0625→33.5; p=0.1875→34.5; p=0.1875→35.5; p=0.0625→36.5
1201,983,True,False,17,-6.0,-0.75,5.25,B,0.7647058823529411,0.7872105695499725,0.02250468719703136,B,none,False,False,False,-6,1.0,-6,24,0.25,-9,1,0,p=1→-6; p=0→-6,p=0.75→-9; p=0.03125→22.5; p=0.09375→23.5; p=0.09375→24.5; p=0.03125→25.5
1204,985,True,False,17,1.0,-8.14,-9.14,A,0.011764705882352941,0.08205970278040682,0.07029499689805388,A,none,False,False,False,1,1.0,1,-8,0.99,-22,0,0,p=1→1; p=0→1,p=0.01→-22; p=0.99→-8
1215,995,True,True,15,12.0,7.25,-4.75,A,0.36000000000000004,0.42732129603753416,0.06732129603753412,A,none,False,False,False,12,1.0,12,68,0.25,-13,0,0,p=1→12; p=0→12,p=0.75→-13; p=0.25→68
1225,1003,True,False,16,-3.0,-11.0,-8.0,A,0.05,0.13804350483937744,0.08804350483937744,A,none,False,False,False,-3,1.0,-3,-5,0.4,-15,1,0,p=1→-3; p=0→-3,p=0.6→-15; p=0.2→-5.5; p=0.2→-4.5
1226,1004,True,False,16,8.0,9.25,1.25,B,0.375,0.4620378869069209,0.08703788690692088,A,none,False,False,False,8,1.0,8,21,0.75,-26,0,0,p=1→8; p=0→8,p=0.25→-26; p=0.75→21
1232,1009,True,False,17,-5.0,-5.0,0.0,tie,0.1176470588235294,0.36351323812987923,0.24586617930634985,A,none,False,False,False,16,0.5,-26,-5,1.0,-5,0,0,p=0.5→16; p=0.5→-26,p=1→-5
1235,1012,True,True,15,-5.0,6.5,11.5,B,0.5466666666666667,0.7035998378820371,0.15693317121537032,B,none,True,False,False,-5,1.0,-5,39,0.5,-26,0,0,p=1→-5; p=0→-5,p=0.5→-26; p=0.5→39
1237,1014,True,False,20,0.0,-0.05000000000000093,-0.05000000000000093,A,0.86,0.3970397623724661,0.4629602376275339,B,none,False,False,False,0,1.0,0,1,0.95,-20,0,0,p=1→0; p=0→0,p=0.05→-20; p=0.95→1
1247,1021,True,False,16,28.0,29.799999999999997,1.7999999999999972,B,0.775,0.7540773730077235,0.02092262699227654,B,none,False,False,False,28,1.0,28,30,0.8,29,1,0,p=1→28; p=0→28,p=0.2→29; p=0.025→27.5; p=0.125→28.5; p=0.25→29.5; p=0.25→30.5; p=0.125→31.5; p=0.025→32.5
1250,1024,True,False,16,-0.8,4.0,4.8,B,0.5875,0.5684115153954952,0.019088484604504852,B,none,False,False,False,0,0.6,-2,88,0.25,-24,3,0,p=0.6→0; p=0.4→-2,p=0.75→-24; p=0.125→91; p=0.0625→89; p=0.03125→85; p=0.03125→77
1262,1036,True,False,16,27.0,18.8,-8.2,A,0.037500000000000006,0.10593519870797825,0.06843519870797825,A,none,False,False,False,27,1.0,27,20,0.9,8,0,0,p=1→27; p=0→27,p=0.1→8; p=0.9→20
1264,1038,False,False,16,23.0,28.2,5.199999999999999,B,0.4625,0.6194811960542164,0.15698119605421634,A,none,True,False,False,51,0.2,16,31,0.8,17,0,1,p=0.2→51; p=0.8→16,p=0.2→17; p=0.8→31
1265,1039,False,False,16,8.0,1.9999999999999991,-6.000000000000001,A,0.15,0.2773919546273144,0.12739195462731442,A,none,False,False,False,8,1.0,8,12,0.6,-13,0,0,p=1→8; p=0→8,p=0.4→-13; p=0.6→12
1273,1047,True,True,19,-2.25,-1.9999999999999982,0.2500000000000018,B,0.6315789473684209,0.5630955425339348,0.06848340483448612,B,none,False,False,False,3,0.25,-4,22,0.4,-18,0,0,p=0.25→3; p=0.75→-4,p=0.6→-18; p=0.4→22
1278,1052,True,True,16,3.8000000000000007,3.1,-0.7000000000000006,A,0.6625000000000001,0.6625509746109877,5.0974610987575275e-05,B,none,False,False,False,39,0.2,-5,13,0.1,2,0,0,p=0.2→39; p=0.8→-5,p=0.9→2; p=0.1→13
1280,1054,True,False,16,27.0,33.6,6.600000000000001,B,0.8500000000000001,0.8489372627439535,0.0010627372560465531,B,none,False,False,False,27,1.0,27,34,0.6,33,2,0,p=1→27; p=0→27,p=0.4→33; p=0.3→32; p=0.15→34; p=0.15→38
1292,1062,True,False,19,0.0,1.7000000000000002,1.7000000000000002,B,0.5157894736842106,0.4940576406971001,0.021731832987110455,B,none,True,False,False,0,1.0,0,80,0.1,-7,3,0,p=1→0; p=0→0,p=0.9→-7; p=0.05→83; p=0.025→81; p=0.0125→77; p=0.0125→69
1316,1079,False,False,15,6.39,9.8,3.410000000000001,B,0.5333333333333333,0.40966843697271327,0.12366489636062006,B,none,True,False,False,45,0.01,6,26,0.4,-1,1,-1,p=0.01→45; p=0.99→6,p=0.6→-1; p=0.0125→23.5; p=0.0625→24.5; p=0.125→25.5; p=0.125→26.5; p=0.0625→27.5; p=0.0125→28.5
1317,1079,True,False,16,6.39,9.8,3.410000000000001,B,0.5499999999999999,0.4815780932746263,0.06842190672537363,B,none,True,False,False,45,0.01,6,26,0.4,-1,1,-1,p=0.01→45; p=0.99→6,p=0.6→-1; p=0.0125→23.5; p=0.0625→24.5; p=0.125→25.5; p=0.125→26.5; p=0.0625→27.5; p=0.0125→28.5
1349,1106,True,False,17,-10.0,0.3999999999999986,10.399999999999999,B,0.7058823529411765,0.6239870104520513,0.08189534248912522,B,none,False,False,False,-10,1.0,-10,70,0.2,-17,2,0,p=1→-10; p=0→-10,p=0.8→-17; p=0.1→69; p=0.1→71
1371,1126,False,False,16,1.8000000000000007,8.5,6.699999999999999,B,0.775,0.7477350937593645,0.02726490624063549,B,none,False,False,False,27,0.4,-15,113,0.05,3,0,0,p=0.4→27; p=0.6→-15,p=0.95→3; p=0.05→113
1372,1126,True,False,15,1.8000000000000007,8.5,6.699999999999999,B,0.6933333333333335,0.7490893537649806,0.05575602043164718,B,none,False,False,False,27,0.4,-15,113,0.05,3,0,0,p=0.4→27; p=0.6→-15,p=0.95→3; p=0.05→113
1375,1129,True,True,17,8.0,10.25,2.25,B,0.8941176470588235,0.8144244972389256,0.07969314981989783,B,none,False,False,False,8,1.0,8,11,0.25,10,1,0,p=1→8; p=0→8,p=0.75→10; p=0.00195312→7.5; p=0.0136719→8.5; p=0.0410156→9.5; p=0.0683594→10.5; p=0.0683594→11.5; p=0.0410156→12.5; p=0.0136719→13.5; p=0.00195312→14.5
1381,1134,False,False,16,26.0,22.1,-3.8999999999999986,A,0.475,0.4512454046932117,0.02375459530678825,A,none,True,False,False,26,1.0,26,50,0.1,19,1,0,p=1→26; p=0→26,p=0.9→19; p=0.003125→47.5; p=0.015625→48.5; p=0.03125→49.5; p=0.03125→50.5; p=0.015625→51.5; p=0.003125→52.5
1382,1134,True,False,15,26.0,22.1,-3.8999999999999986,A,0.2933333333333333,0.43916486876661026,0.14583153543327698,A,none,False,False,False,26,1.0,26,50,0.1,19,1,0,p=1→26; p=0→26,p=0.9→19; p=0.003125→47.5; p=0.015625→48.5; p=0.03125→49.5; p=0.03125→50.5; p=0.015625→51.5; p=0.003125→52.5
1387,1139,True,False,19,11.0,11.25,0.25,B,0.5684210526315789,0.5401679997393655,0.02825305289221347,B,none,False,False,False,11,1.0,11,18,0.75,-9,1,0,p=1→11; p=0→11,p=0.25→-9; p=0.00585938→14.5; p=0.0410156→15.5; p=0.123047→16.5; p=0.205078→17.5; p=0.205078→18.5; p=0.123047→19.5; p=0.0410156→20.5; p=0.00585938→21.5
1388,1140,True,True,17,8.0,-2.5999999999999996,-10.6,A,0.1411764705882353,0.07124706801232661,0.06992940257590868,A,none,False,False,False,8,1.0,8,-1,0.8,-9,1,0,p=1→8; p=0→8,p=0.2→-9; p=0.4→-1.5; p=0.4→-0.5
1409,1157,False,False,16,-7.0,-3.5,3.5,B,0.7125000000000001,0.6825092789058295,0.02999072109417067,B,none,False,False,False,-7,1.0,-7,1,0.75,-17,0,0,p=1→-7; p=0→-7,p=0.25→-17; p=0.75→1
1417,1163,True,False,18,7.0,8.199999999999998,1.1999999999999975,B,0.5555555555555556,0.44557315162781996,0.10998240392773562,B,none,False,False,False,7,1.0,7,29,0.6,-23,0,0,p=1→7; p=0→7,p=0.4→-23; p=0.6→29
1419,1165,True,True,16,-5.2,-0.9999999999999964,4.200000000000004,B,0.4875,0.6763854882139317,0.18888548821393175,A,none,True,False,False,8,0.4,-14,59,0.4,-41,0,0,p=0.4→8; p=0.6→-14,p=0.6→-41; p=0.4→59
1435,1180,True,False,16,9.200000000000001,9.0,-0.20000000000000107,A,0.6500000000000001,0.568411475329203,0.08158852467079714,B,none,False,False,False,38,0.4,-10,9,1.0,9,0,0,p=0.4→38; p=0.6→-10,p=1→9
1437,1182,False,False,16,23.819999999999997,20.0,-3.8199999999999967,A,0.275,0.29646085994013527,0.021460859940135246,A,none,False,False,False,24,0.99,6,25,0.75,5,0,0,p=0.99→24; p=0.01→6,p=0.25→5; p=0.75→25
1450,1192,True,False,16,2.0,5.5,3.5,B,0.325,0.48292193188206634,0.15792193188206632,A,none,False,False,False,2,1.0,2,91,0.1,-4,1,0,p=1→2; p=0→2,p=0.9→-4; p=0.0125→89.5; p=0.0375→90.5; p=0.0375→91.5; p=0.0125→92.5
1459,1198,False,False,16,18.85,26.7,7.849999999999998,B,0.55,0.6832454355694879,0.13324543556948787,B,none,False,False,False,92,0.05,15,27,0.95,21,1,0,p=0.05→92; p=0.95→15,p=0.05→21; p=0.475→26.5; p=0.475→27.5
1460,1198,True,False,15,18.85,26.7,7.849999999999998,B,0.6400000000000001,0.7014543922649161,0.061454392264916,B,none,False,False,False,92,0.05,15,27,0.95,21,1,0,p=0.05→92; p=0.95→15,p=0.05→21; p=0.475→26.5; p=0.475→27.5
1471,1207,True,False,20,12.0,3.7,-8.3,A,0.23000000000000004,0.265760052398023,0.035760052398022935,A,none,False,False,False,12,1.0,12,55,0.1,-2,1,0,p=1→12; p=0→12,p=0.9→-2; p=0.003125→52.5; p=0.015625→53.5; p=0.03125→54.5; p=0.03125→55.5; p=0.015625→56.5; p=0.003125→57.5
1478,1212,False,False,16,-5.0,-11.700000000000001,-6.700000000000001,A,0.425,0.4285391250094917,0.003539125009491717,A,none,False,False,False,19,0.5,-29,36,0.1,-17,2,0,p=0.5→19; p=0.5→-29,p=0.9→-17; p=0.05→34; p=0.025→36; p=0.025→40
1489,1220,True,True,17,29.0,31.37,2.370000000000001,B,0.8352941176470587,0.8637388872887024,0.028444769641643664,B,none,False,False,False,29,1.0,29,68,0.01,31,0,0,p=1→29; p=0→29,p=0.99→31; p=0.01→68
1494,1224,True,False,15,2.0,1.24,-0.76,A,0.5225,0.4791900370125205,0.04330996298747947,B,none,True,False,False,2,0.99,2,25,0.01,1,0,0,p=0.99→2; p=0.01→2,p=0.99→1; p=0.01→25
1496,1226,True,False,18,28.0,28.25,0.25,B,0.4666666666666666,0.45106444147095553,0.015602225195711084,A,none,True,False,False,28,1.0,28,98,0.25,5,3,0,p=1→28; p=0→28,p=0.75→5; p=0.125→99; p=0.125→97
1500,1229,False,False,16,15.0,12.25,-2.75,A,0.375,0.4310240515774477,0.05602405157744772,A,none,False,False,False,15,1.0,15,16,0.75,1,1,0,p=1→15; p=0→15,p=0.25→1; p=0.00585938→12.5; p=0.0410156→13.5; p=0.123047→14.5; p=0.205078→15.5; p=0.205078→16.5; p=0.123047→17.5; p=0.0410156→18.5; p=0.00585938→19.5
1501,1230,True,False,17,27.0,28.0,1.0,B,0.5529411764705882,0.6116955055055078,0.05875432903491962,B,none,False,False,False,84,0.25,8,100,0.2,10,3,0,p=0.25→84; p=0.75→8,p=0.8→10; p=0.1→101; p=0.1→99
1519,1246,False,False,17,19.0,22.5,3.5,B,0.4470588235294117,0.636910095924028,0.18985127239461635,A,none,False,False,False,19,1.0,19,35,0.5,10,2,0,p=1→19; p=0→19,p=0.5→10; p=0.25→32; p=0.125→34; p=0.0625→38; p=0.0625→46
1520,1246,True,False,15,19.0,22.5,3.5,B,0.7733333333333334,0.6569665298619749,0.11636680347135853,B,none,False,False,False,19,1.0,19,35,0.5,10,2,0,p=1→19; p=0→19,p=0.5→10; p=0.25→32; p=0.125→34; p=0.0625→38; p=0.0625→46
1528,1253,True,False,19,10.0,1.2000000000000028,-8.799999999999997,A,0.2421052631578947,0.31933643913081217,0.07723117597291745,A,none,False,False,False,10,1.0,10,51,0.4,-32,0,0,p=1→10; p=0→10,p=0.6→-32; p=0.4→51
1533,1257,False,False,16,-6.8,-1.75,5.05,B,0.65,0.6753324201819995,0.025332420181999438,B,none,False,False,False,-2,0.4,-10,68,0.25,-25,3,0,p=0.4→-2; p=0.6→-10,p=0.75→-25; p=0.125→69; p=0.125→67
1536,1260,False,False,16,-4.0,-6.0,-2.0,A,0.6249999999999999,0.5697036401147447,0.055296359885255164,B,none,False,False,False,-4,1.0,-4,118,0.2,-37,1,0,p=1→-4; p=0→-4,p=0.8→-37; p=0.025→116.5; p=0.075→117.5; p=0.075→118.5; p=0.025→119.5
1537,1260,True,False,16,-4.0,-6.0,-2.0,A,0.45,0.5488326718768483,0.09883267187684824,A,none,True,False,False,-4,1.0,-4,118,0.2,-37,1,0,p=1→-4; p=0→-4,p=0.8→-37; p=0.025→116.5; p=0.075→117.5; p=0.075→118.5; p=0.025→119.5
1539,1262,True,False,15,11.0,7.6,-3.4000000000000004,A,0.21333333333333326,0.22010348997778822,0.006770156644454961,A,none,False,False,False,15,0.5,7,12,0.6,1,0,0,p=0.5→15; p=0.5→7,p=0.4→1; p=0.6→12
1540,1263,True,False,15,9.6,8.5,-1.0999999999999996,A,0.37333333333333335,0.34072990270267867,0.032603430630654684,A,none,False,False,False,69,0.01,9,13,0.5,4,0,-1,p=0.01→69; p=0.99→9,p=0.5→4; p=0.5→13
1558,1280,True,False,15,4.0,2.5,-1.5,A,0.38666666666666666,0.35877751024753285,0.02788915641913381,A,none,False,False,False,4,1.0,4,13,0.5,-8,0,0,p=1→4; p=0→4,p=0.5→-8; p=0.5→13
1566,1287,True,False,16,9.0,7.1,-1.9000000000000004,A,0.2375,0.3555334087950518,0.11803340879505181,A,none,False,False,False,9,1.0,9,9,0.05,7,1,0,p=1→9; p=0→9,p=0.95→7; p=0.000390625→5.5; p=0.00273438→6.5; p=0.00820313→7.5; p=0.0136719→8.5; p=0.0136719→9.5; p=0.00820313→10.5; p=0.00273438→11.5; p=0.000390625→12.5
1579,1298,True,False,19,25.0,35.0,10.0,B,0.9263157894736841,0.8262171077619084,0.10009868171177572,B,none,False,False,False,25,1.0,25,59,0.2,29,0,0,p=1→25; p=0→25,p=0.8→29; p=0.2→59
1580,1299,False,False,18,-8.0,-2.0,6.0,B,0.7555555555555555,0.7340312827991708,0.021524272756384688,B,none,False,False,False,-8,1.0,-8,41,0.5,-45,1,0,p=1→-8; p=0→-8,p=0.5→-45; p=0.015625→38.5; p=0.078125→39.5; p=0.15625→40.5; p=0.15625→41.5; p=0.078125→42.5; p=0.015625→43.5
1581,1299,True,False,16,-8.0,-2.0,6.0,B,0.8250000000000001,0.7043040741331894,0.12069592586681066,B,none,False,False,False,-8,1.0,-8,41,0.5,-45,1,0,p=1→-8; p=0→-8,p=0.5→-45; p=0.015625→38.5; p=0.078125→39.5; p=0.15625→40.5; p=0.15625→41.5; p=0.078125→42.5; p=0.015625→43.5
1596,1310,True,False,18,-6.0,-12.25,-6.25,A,0.13333333333333336,0.12580837573582015,0.007524957597513204,A,none,False,False,False,-6,1.0,-6,-10,0.25,-13,1,0,p=1→-6; p=0→-6,p=0.75→-13; p=0.125→-10.5; p=0.125→-9.5
1601,1314,False,False,16,1.0,5.399999999999995,4.399999999999995,B,0.6625000000000001,0.5303310485252188,0.13216895147478125,B,none,False,False,False,1,1.0,1,41,0.6,-48,0,0,p=1→1; p=0→1,p=0.4→-48; p=0.6→41
1611,1321,True,False,19,0.0,4.2,4.2,B,0.9368421052631579,0.8895844042177612,0.04725770104539673,B,none,False,False,False,0,1.0,0,7,0.6,0,0,0,p=1→0; p=0→0,p=0.4→0; p=0.6→7
1625,1331,False,False,16,13.0,12.76,-0.2400000000000002,A,0.6375,0.5114022990683172,0.1260977009316827,B,none,False,False,False,13,1.0,13,88,0.01,12,0,0,p=1→13; p=0→13,p=0.99→12; p=0.01→88
1626,1331,True,False,16,13.0,12.76,-0.2400000000000002,A,0.6000000000000001,0.5100616331041681,0.08993836689583201,B,none,False,False,False,13,1.0,13,88,0.01,12,0,0,p=1→13; p=0→13,p=0.99→12; p=0.01→88
1627,1332,True,False,18,3.0,-2.4000000000000004,-5.4,A,0.32222222222222224,0.3460568955880436,0.023834673365821346,A,none,False,False,False,3,1.0,3,64,0.2,-19,1,0,p=1→3; p=0→3,p=0.8→-19; p=0.025→62.5; p=0.075→63.5; p=0.075→64.5; p=0.025→65.5
1634,1338,False,False,16,-3.0,-1.8000000000000016,1.1999999999999984,B,0.7375,0.6930024610960208,0.04449753890397923,B,none,False,False,False,-3,1.0,-3,13,0.6,-24,1,0,p=1→-3; p=0→-3,p=0.4→-24; p=0.3→12.5; p=0.3→13.5
1635,1338,True,False,16,-3.0,-1.8000000000000016,1.1999999999999984,B,0.8250000000000001,0.7102590753164871,0.11474092468351293,B,none,False,False,False,-3,1.0,-3,13,0.6,-24,1,0,p=1→-3; p=0→-3,p=0.4→-24; p=0.3→12.5; p=0.3→13.5
1667,1364,True,False,19,21.0,28.049999999999997,7.049999999999997,B,0.6947368421052632,0.5655923052319561,0.12914453687330707,B,none,False,False,False,21,1.0,21,31,0.95,-28,0,0,p=1→21; p=0→21,p=0.05→-28; p=0.95→31
1702,1393,True,False,15,19.0,25.000000000000004,6.0000000000000036,B,0.8133333333333334,0.8351094505633314,0.02177611722999806,B,none,False,False,False,19,1.0,19,29,0.2,24,1,0,p=1→19; p=0→19,p=0.8→24; p=0.00625→26.5; p=0.03125→27.5; p=0.0625→28.5; p=0.0625→29.5; p=0.03125→30.5; p=0.00625→31.5
1704,1395,False,False,16,29.0,33.0,4.0,B,0.7375,0.6968244324229815,0.04067556757701851,B,none,False,False,False,37,0.2,27,49,0.2,29,0,0,p=0.2→37; p=0.8→27,p=0.8→29; p=0.2→49
1705,1395,True,False,16,29.0,33.0,4.0,B,0.7125,0.7123076737179913,0.0001923262820087146,B,none,False,False,False,37,0.2,27,49,0.2,29,0,0,p=0.2→37; p=0.8→27,p=0.8→29; p=0.2→49
1710,1400,True,False,15,0.0,-4.0,-4.0,A,0.14666666666666667,0.09466168343225471,0.05200498323441195,A,none,False,False,False,0,1.0,0,-4,0.05,-4,1,0,p=1→0; p=0→0,p=0.95→-4; p=0.00625→-5.5; p=0.01875→-4.5; p=0.01875→-3.5; p=0.00625→-2.5
1723,1412,False,False,19,2.0,6.039999999999999,4.039999999999999,B,0.7578947368421054,0.847929282350514,0.09003454550840861,B,none,False,False,False,2,1.0,2,10,0.01,6,0,0,p=1→2; p=0→2,p=0.99→6; p=0.01→10
1724,1412,True,False,15,2.0,6.039999999999999,4.039999999999999,B,0.92,0.8949615555393566,0.025038444460643405,B,none,False,False,False,2,1.0,2,10,0.01,6,0,0,p=1→2; p=0→2,p=0.99→6; p=0.01→10
1731,1418,False,False,18,25.0,29.0,4.0,B,0.6777777777777778,0.6960821545775937,0.01830437679981589,B,none,False,False,False,25,1.0,25,34,0.5,24,0,0,p=1→25; p=0→25,p=0.5→24; p=0.5→34
1732,1418,True,False,15,25.0,29.0,4.0,B,0.8,0.7580763080505223,0.04192369194947776,B,none,False,False,False,25,1.0,25,34,0.5,24,0,0,p=1→25; p=0→25,p=0.5→24; p=0.5→34
1742,1427,True,True,17,25.0,21.8,-3.1999999999999993,A,0.31764705882352945,0.2337120662148082,0.08393499260872125,A,none,False,False,False,25,1.0,25,26,0.4,19,0,0,p=1→25; p=0→25,p=0.6→19; p=0.4→26
1760,1443,True,False,18,26.0,24.400000000000002,-1.5999999999999979,A,0.6666666666666666,0.5307893640209735,0.1358773026456931,B,none,False,False,False,26,1.0,26,58,0.2,16,1,0,p=1→26; p=0→26,p=0.8→16; p=0.0015625→54.5; p=0.0109375→55.5; p=0.0328125→56.5; p=0.0546875→57.5; p=0.0546875→58.5; p=0.0328125→59.5; p=0.0109375→60.5; p=0.0015625→61.5
1764,1447,True,False,17,-8.0,-9.799999999999999,-1.799999999999999,A,0.27058823529411763,0.5073051617789583,0.23671692648484072,A,none,False,False,False,85,0.25,-39,1,0.4,-17,0,0,p=0.25→85; p=0.75→-39,p=0.6→-17; p=0.4→1
1793,1470,True,False,15,10.0,2.1,-7.9,A,0.13333333333333333,0.27445402179065564,0.1411206884573223,A,none,False,False,False,10,1.0,10,42,0.05,0,0,0,p=1→10; p=0→10,p=0.95→0; p=0.05→42
1794,1471,True,False,16,14.0,11.25,-2.75,A,0.4000000000000001,0.3588020601728792,0.04119793982712089,A,none,False,False,False,14,1.0,14,51,0.25,-2,1,0,p=1→14; p=0→14,p=0.75→-2; p=0.03125→49.5; p=0.09375→50.5; p=0.09375→51.5; p=0.03125→52.5
1796,1473,True,False,17,11.0,6.5,-4.5,A,0.34117647058823536,0.13921922224242045,0.2019572483458149,A,none,False,False,False,11,1.0,11,9,0.9,-16,1,0,p=1→11; p=0→11,p=0.1→-16; p=0.028125→6.5; p=0.140625→7.5; p=0.28125→8.5; p=0.28125→9.5; p=0.140625→10.5; p=0.028125→11.5
1812,1486,False,False,16,5.0,4.0,-1.0,A,0.3875,0.45928656750312413,0.07178656750312412,A,none,False,False,False,5,1.0,5,10,0.5,-2,3,0,p=1→5; p=0→5,p=0.5→-2; p=0.25→14; p=0.125→12; p=0.0625→8; p=0.03125→0; p=0.03125→-16
1813,1486,True,False,15,5.0,4.0,-1.0,A,0.44,0.46906018130771576,0.02906018130771576,A,none,False,False,False,5,1.0,5,10,0.5,-2,3,0,p=1→5; p=0→5,p=0.5→-2; p=0.25→14; p=0.125→12; p=0.0625→8; p=0.03125→0; p=0.03125→-16
1818,1490,False,False,16,3.0,9.22,6.220000000000001,B,0.9625,0.8647677075292972,0.09773229247070281,B,none,False,False,False,3,1.0,3,31,0.01,9,1,0,p=1→3; p=0→3,p=0.99→9; p=0.0003125→28.5; p=0.0015625→29.5; p=0.003125→30.5; p=0.003125→31.5; p=0.0015625→32.5; p=0.0003125→33.5
1819,1490,True,False,16,3.0,9.22,6.220000000000001,B,0.8625,0.9012604321322505,0.038760432132250444,B,none,False,False,False,3,1.0,3,31,0.01,9,1,0,p=1→3; p=0→3,p=0.99→9; p=0.0003125→28.5; p=0.0015625→29.5; p=0.003125→30.5; p=0.003125→31.5; p=0.0015625→32.5; p=0.0003125→33.5
1822,1493,False,True,16,22.0,28.200000000000003,6.200000000000003,B,0.8,0.6806674574476906,0.1193325425523094,B,none,False,False,False,22,1.0,22,73,0.2,17,0,0,p=1→22; p=0→22,p=0.8→17; p=0.2→73
1854,1518,False,False,16,-8.8,-2.25,6.550000000000001,B,0.35,0.6359282021501503,0.28592820215015036,A,strong_ev_b_humans_favor_a,False,False,True,35,0.4,-38,11,0.75,-42,3,1,p=0.4→35; p=0.6→-38,p=0.25→-42; p=0.375→15; p=0.1875→13; p=0.09375→9; p=0.046875→1; p=0.046875→-15
1855,1518,True,False,16,-8.8,-2.25,6.550000000000001,B,0.6125,0.6491075958469433,0.036607595846943286,B,none,False,False,False,35,0.4,-38,11,0.75,-42,3,1,p=0.4→35; p=0.6→-38,p=0.25→-42; p=0.375→15; p=0.1875→13; p=0.09375→9; p=0.046875→1; p=0.046875→-15
1858,1520,True,False,18,-7.0,-4.0,3.0,B,0.7333333333333334,0.7605354040858674,0.027202070752534002,B,none,False,False,False,-7,1.0,-7,6,0.75,-34,1,0,p=1→-7; p=0→-7,p=0.25→-34; p=0.0234375→3.5; p=0.117188→4.5; p=0.234375→5.5; p=0.234375→6.5; p=0.117188→7.5; p=0.0234375→8.5
1862,1523,False,False,16,28.000000000000007,31.5,3.499999999999993,B,0.5499999999999999,0.43251034629977686,0.11748965370022307,B,none,True,False,False,46,0.8,-44,77,0.5,-14,0,0,p=0.8→46; p=0.2→-44,p=0.5→-14; p=0.5→77
1863,1524,True,False,18,22.0,27.4,5.399999999999999,B,0.6222222222222222,0.6956291983272073,0.07340697610498503,B,none,False,False,False,23,0.8,18,43,0.4,17,1,1,p=0.8→23; p=0.2→18,p=0.6→17; p=0.003125→39.5; p=0.021875→40.5; p=0.065625→41.5; p=0.109375→42.5; p=0.109375→43.5; p=0.065625→44.5; p=0.021875→45.5; p=0.003125→46.5
1867,1527,True,False,15,22.0,22.4,0.3999999999999986,B,0.56,0.5277249491110743,0.032275050888925794,B,none,False,False,False,22,1.0,22,38,0.4,12,0,0,p=1→22; p=0→22,p=0.6→12; p=0.4→38
1869,1529,False,False,16,-5.300000000000001,-10.999999999999996,-5.699999999999996,A,0.5499999999999999,0.5164943394929421,0.03350566050705783,B,none,True,False,False,1,0.1,-6,19,0.4,-31,0,0,p=0.1→1; p=0.9→-6,p=0.6→-31; p=0.4→19
1870,1529,True,False,16,-5.300000000000001,-10.999999999999996,-5.699999999999996,A,0.5375000000000001,0.4625489215918542,0.07495107840814591,B,none,True,False,False,1,0.1,-6,19,0.4,-31,0,0,p=0.1→1; p=0.9→-6,p=0.6→-31; p=0.4→19
1877,1535,False,False,16,16.0,16.1,0.10000000000000142,B,0.4125000000000001,0.5411232979043965,0.12862329790439642,A,none,False,False,False,16,1.0,16,89,0.1,8,1,0,p=1→16; p=0→16,p=0.9→8; p=0.0125→87.5; p=0.0375→88.5; p=0.0375→89.5; p=0.0125→90.5
1878,1535,True,False,17,16.0,16.1,0.10000000000000142,B,0.5058823529411766,0.5441045041670561,0.038222151225879575,B,none,True,False,False,16,1.0,16,89,0.1,8,1,0,p=1→16; p=0→16,p=0.9→8; p=0.0125→87.5; p=0.0375→88.5; p=0.0375→89.5; p=0.0125→90.5
1908,1560,True,True,16,30.0,30.0,0.0,tie,0.4875,0.49642026590019045,0.00892026590019046,A,none,True,False,False,30,1.0,30,30,1.0,30,2,0,p=1→30; p=0→30,p=0.5→29; p=0.5→31
1916,1566,True,False,16,25.959999999999997,24.6,-1.3599999999999959,A,0.037500000000000006,0.25795751390294297,0.22045751390294296,A,none,False,False,False,26,0.99,22,26,0.9,12,0,0,p=0.99→26; p=0.01→22,p=0.1→12; p=0.9→26
1918,1568,True,False,31,26.0,35.6,9.600000000000001,B,0.5612903225806452,0.5892627416412511,0.02797241906060599,B,none,False,False,False,26,1.0,26,71,0.4,12,3,0,p=1→26; p=0→26,p=0.6→12; p=0.2→73; p=0.1→71; p=0.1→67
1919,1569,True,False,16,11.0,18.6,7.600000000000001,B,0.6625,0.7574409190267736,0.0949409190267736,B,none,False,False,False,11,1.0,11,33,0.4,9,1,0,p=1→11; p=0→11,p=0.6→9; p=0.003125→29.5; p=0.021875→30.5; p=0.065625→31.5; p=0.109375→32.5; p=0.109375→33.5; p=0.065625→34.5; p=0.021875→35.5; p=0.003125→36.5
1938,1585,False,False,17,-4.0,-7.149999999999999,-3.1499999999999986,A,0.3647058823529412,0.49026565192196914,0.12555976956902792,A,none,False,False,False,-4,1.0,-4,85,0.05,-12,0,0,p=1→-4; p=0→-4,p=0.95→-12; p=0.05→85
1939,1585,True,False,15,-4.0,-7.149999999999999,-3.1499999999999986,A,0.5333333333333333,0.4336166265512237,0.09971670678210964,B,none,True,False,False,-4,1.0,-4,85,0.05,-12,0,0,p=1→-4; p=0→-4,p=0.95→-12; p=0.05→85
1947,1591,True,True,17,25.0,27.400000000000002,2.400000000000002,B,0.6588235294117648,0.5283984267523336,0.1304251026594312,B,none,False,False,False,47,0.6,-8,37,0.8,-11,2,-1,p=0.6→47; p=0.4→-8,p=0.2→-11; p=0.4→36; p=0.4→38
1956,1599,False,False,16,-5.0,-0.5,4.5,B,0.5750000000000001,0.5790931344867635,0.004093134486763406,B,none,False,False,False,29,0.5,-39,15,0.75,-47,0,1,p=0.5→29; p=0.5→-39,p=0.25→-47; p=0.75→15
1968,1607,True,False,18,-9.43,-22.2,-12.77,A,0.07777777777777778,0.2093865808285252,0.13160880305074743,A,none,False,False,False,47,0.01,-10,-9,0.6,-42,2,0,p=0.01→47; p=0.99→-10,p=0.4→-42; p=0.3→-10; p=0.3→-8
1978,1616,True,True,19,14.0,15.5,1.5,B,0.5789473684210527,0.5772343615373545,0.0017130068836981316,B,none,False,False,False,14,1.0,14,30,0.75,-28,1,0,p=1→14; p=0→14,p=0.25→-28; p=0.0234375→27.5; p=0.117188→28.5; p=0.234375→29.5; p=0.234375→30.5; p=0.117188→31.5; p=0.0234375→32.5
1983,1620,False,False,16,9.0,1.5,-7.5,A,0.45,0.4126713186819487,0.03732868131805134,A,none,True,False,False,9,1.0,9,28,0.5,-25,1,0,p=1→9; p=0→9,p=0.5→-25; p=0.00390625→24.5; p=0.0273438→25.5; p=0.0820312→26.5; p=0.136719→27.5; p=0.136719→28.5; p=0.0820312→29.5; p=0.0273438→30.5; p=0.00390625→31.5
1992,1627,False,False,16,22.0,18.400000000000002,-3.599999999999998,A,0.4,0.4298996468854401,0.029899646885440057,A,none,False,False,False,22,1.0,22,64,0.2,7,1,0,p=1→22; p=0→22,p=0.8→7; p=0.1→63.5; p=0.1→64.5
1993,1627,True,False,15,22.0,18.400000000000002,-3.599999999999998,A,0.22666666666666666,0.4550902948735212,0.22842362820685455,A,none,False,False,False,22,1.0,22,64,0.2,7,1,0,p=1→22; p=0→22,p=0.8→7; p=0.1→63.5; p=0.1→64.5
2001,1634,False,False,16,-9.25,-0.75,8.5,B,0.9125,0.8622689265483423,0.05023107345165767,B,none,False,False,False,-9,0.75,-10,6,0.25,-3,1,0,p=0.75→-9; p=0.25→-10,p=0.75→-3; p=0.03125→4.5; p=0.09375→5.5; p=0.09375→6.5; p=0.03125→7.5
2002,1634,True,False,15,-9.25,-0.75,8.5,B,0.92,0.9103334939086891,0.009666506091310922,B,none,False,False,False,-9,0.75,-10,6,0.25,-3,1,0,p=0.75→-9; p=0.25→-10,p=0.75→-3; p=0.03125→4.5; p=0.09375→5.5; p=0.09375→6.5; p=0.03125→7.5
2008,1640,True,False,16,0.0,0.4,0.4,B,0.8625,0.8043504474772477,0.058149552522752335,B,none,False,False,False,0,1.0,0,4,0.1,0,0,0,p=1→0; p=0→0,p=0.9→0; p=0.1→4
2012,1644,True,True,19,17.0,11.25,-5.75,A,0.5263157894736843,0.4128152742645701,0.1135005152091142,B,none,True,False,False,17,1.0,17,102,0.25,-19,0,0,p=1→17; p=0→17,p=0.75→-19; p=0.25→102
2038,1662,False,True,16,-3.0,8.5,11.5,B,0.8625,0.7247805771095114,0.13771942289048866,B,none,False,False,False,-3,1.0,-3,55,0.25,-7,0,0,p=1→-3; p=0→-3,p=0.75→-7; p=0.25→55
2046,1670,True,False,16,18.8,19.65,0.8499999999999979,B,0.3875000000000001,0.5124907473769084,0.12499074737690824,A,none,False,False,False,23,0.4,16,21,0.95,-6,1,0,p=0.4→23; p=0.6→16,p=0.05→-6; p=0.11875→19.5; p=0.35625→20.5; p=0.35625→21.5; p=0.11875→22.5
2052,1674,False,False,16,14.0,18.16,4.16,B,0.7250000000000001,0.7866610992848723,0.06166109928487218,B,none,False,False,False,14,1.0,14,34,0.01,18,0,0,p=1→14; p=0→14,p=0.99→18; p=0.01→34
2053,1674,True,False,16,14.0,18.16,4.16,B,0.825,0.8695592701759368,0.04455927017593686,B,none,False,False,False,14,1.0,14,34,0.01,18,0,0,p=1→14; p=0→14,p=0.99→18; p=0.01→34
2055,1676,True,False,18,1.0,0.5999999999999996,-0.40000000000000036,A,0.34444444444444444,0.3420340241330845,0.002410420311359962,A,none,False,False,False,1,1.0,1,55,0.2,-13,0,0,p=1→1; p=0→1,p=0.8→-13; p=0.2→55
2066,1684,False,True,16,25.0,28.09,3.09,B,0.8125000000000001,0.7871423113902661,0.025357688609733975,B,none,False,False,False,25,1.0,25,37,0.01,28,0,0,p=1→25; p=0→25,p=0.99→28; p=0.01→37
2107,1710,True,False,16,2.0,-7.0,-9.0,A,0.0625,0.07427526635055137,0.011775266350551372,A,none,False,False,False,2,1.0,2,-3,0.6,-13,2,0,p=1→2; p=0→2,p=0.4→-13; p=0.3→-4; p=0.3→-2
2123,1721,True,False,27,13.0,10.88,-2.119999999999999,A,0.4148148148148149,0.43800222786376103,0.023187413048946115,A,none,False,False,False,14,0.8,9,98,0.01,10,0,0,p=0.8→14; p=0.2→9,p=0.99→10; p=0.01→98
2124,1722,True,False,16,29.0,27.0,-2.0,A,0.3625,0.4740955133876218,0.1115955133876218,A,none,False,False,False,110,0.25,2,43,0.8,-37,2,0,p=0.25→110; p=0.75→2,p=0.2→-37; p=0.4→37; p=0.2→39; p=0.1→43; p=0.05→51; p=0.025→67; p=0.0125→99; p=0.0125→163
2129,1726,True,False,18,18.0,19.200000000000003,1.2000000000000028,B,0.4222222222222223,0.5238788142814956,0.10165659205927335,A,none,False,False,False,18,1.0,18,68,0.2,7,0,0,p=1→18; p=0→18,p=0.8→7; p=0.2→68
2147,1741,False,False,16,-2.7,2.5,5.2,B,0.7,0.6319196886093902,0.06808031139060977,B,none,False,False,False,72,0.1,-11,15,0.5,-10,0,0,p=0.1→72; p=0.9→-11,p=0.5→-10; p=0.5→15
2148,1742,False,False,16,29.0,32.15,3.1499999999999986,B,0.6125,0.6987891018520856,0.0862891018520856,B,none,False,False,False,31,0.9,11,47,0.01,32,2,0,p=0.9→31; p=0.1→11,p=0.99→32; p=0.005→46; p=0.005→48
2149,1742,True,False,16,29.0,32.15,3.1499999999999986,B,0.925,0.7188345676721553,0.2061654323278448,B,none,False,False,False,31,0.9,11,47,0.01,32,2,0,p=0.9→31; p=0.1→11,p=0.99→32; p=0.005→46; p=0.005→48
2153,1746,True,False,18,13.0,13.0,0.0,tie,0.7,0.49560042333676807,0.20439957666323189,B,none,False,False,False,19,0.75,-5,13,1.0,13,0,0,p=0.75→19; p=0.25→-5,p=1→13
2154,1747,True,False,19,29.0,29.0,0.0,tie,0.4315789473684209,0.4519651223810834,0.02038617501266249,A,none,False,False,False,29,1.0,29,52,0.5,6,0,0,p=1→29; p=0→29,p=0.5→6; p=0.5→52
2159,1752,True,False,16,10.0,8.4,-1.5999999999999996,A,0.037500000000000006,0.1700757334658691,0.1325757334658691,A,none,False,False,False,10,1.0,10,9,0.4,8,0,0,p=1→10; p=0→10,p=0.6→8; p=0.4→9
2162,1755,False,False,16,17.0,5.6000000000000005,-11.399999999999999,A,0.275,0.17423474044394677,0.10076525955605325,A,none,False,False,False,17,1.0,17,6,0.8,4,1,0,p=1→17; p=0→17,p=0.2→4; p=0.1→4.5; p=0.3→5.5; p=0.3→6.5; p=0.1→7.5
2167,1759,False,True,16,-3.0,-6.8,-3.8,A,0.6749999999999998,0.4328753846069144,0.24212461539308544,B,none,False,False,False,23,0.5,-29,22,0.1,-10,0,-1,p=0.5→23; p=0.5→-29,p=0.9→-10; p=0.1→22
2168,1759,True,True,15,-3.0,-6.8,-3.8,A,0.6933333333333332,0.4235560788039846,0.26977725452934864,B,none,False,False,False,23,0.5,-29,22,0.1,-10,0,-1,p=0.5→23; p=0.5→-29,p=0.9→-10; p=0.1→22
2180,1770,True,True,16,6.8,11.600000000000001,4.800000000000002,B,0.775,0.7415510307248119,0.033448969275188145,B,none,False,False,False,30,0.2,1,71,0.1,5,0,0,p=0.2→30; p=0.8→1,p=0.9→5; p=0.1→71
2185,1774,True,True,16,19.0,13.600000000000001,-5.399999999999999,A,0.1375,0.14075801983931535,0.0032580198393153403,A,none,False,False,False,19,1.0,19,16,0.8,4,1,0,p=1→19; p=0→19,p=0.2→4; p=0.1→14.5; p=0.3→15.5; p=0.3→16.5; p=0.1→17.5
2202,1785,False,True,16,-10.0,-17.0,-7.0,A,0.8,0.7072364118831035,0.09276358811689656,B,strong_ev_a_humans_favor_b,False,False,False,-10,1.0,-10,23,0.2,-27,1,0,p=1→-10; p=0→-10,p=0.8→-27; p=0.0015625→19.5; p=0.0109375→20.5; p=0.0328125→21.5; p=0.0546875→22.5; p=0.0546875→23.5; p=0.0328125→24.5; p=0.0109375→25.5; p=0.0015625→26.5
2203,1785,True,True,15,-10.0,-17.0,-7.0,A,0.6799999999999998,0.6665021877838554,0.013497812216144434,B,strong_ev_a_humans_favor_b,False,True,False,-10,1.0,-10,23,0.2,-27,1,0,p=1→-10; p=0→-10,p=0.8→-27; p=0.0015625→19.5; p=0.0109375→20.5; p=0.0328125→21.5; p=0.0546875→22.5; p=0.0546875→23.5; p=0.0328125→24.5; p=0.0109375→25.5; p=0.0015625→26.5
2210,1792,True,False,16,22.0,22.0,0.0,tie,0.525,0.5296112271388638,0.004611227138863749,B,none,True,False,False,22,1.0,22,33,0.5,11,0,0,p=1→22; p=0→22,p=0.5→11; p=0.5→33
2214,1795,False,True,16,-3.0,-4.1499999999999995,-1.1499999999999995,A,0.8750000000000001,0.7205717612038449,0.1544282387961552,B,none,False,False,False,21,0.2,-9,69,0.05,-8,3,0,p=0.2→21; p=0.8→-9,p=0.95→-8; p=0.025→70; p=0.025→68
2215,1795,True,True,15,-3.0,-4.1499999999999995,-1.1499999999999995,A,0.8,0.7076281863734886,0.09237181362651148,B,none,False,False,False,21,0.2,-9,69,0.05,-8,3,0,p=0.2→21; p=0.8→-9,p=0.95→-8; p=0.025→70; p=0.025→68
2216,1796,False,False,16,11.0,11.399999999999999,0.3999999999999986,B,0.2375,0.3376567354435589,0.10015673544355891,A,none,False,False,False,23,0.25,7,23,0.6,-6,0,-1,p=0.25→23; p=0.75→7,p=0.4→-6; p=0.6→23
2217,1796,True,False,16,11.0,11.399999999999999,0.3999999999999986,B,0.3875,0.34714483618051645,0.040355163819483564,A,none,False,False,False,23,0.25,7,23,0.6,-6,0,-1,p=0.25→23; p=0.75→7,p=0.4→-6; p=0.6→23
2218,1797,True,False,16,15.0,11.400000000000004,-3.599999999999996,A,0.3625,0.35509569099251403,0.007404309007485954,A,none,False,False,False,15,1.0,15,23,0.8,-35,0,0,p=1→15; p=0→15,p=0.2→-35; p=0.8→23
2220,1799,True,True,16,25.0,28.0,3.0,B,0.4500000000000001,0.39405482009000375,0.05594517990999637,A,none,True,False,False,25,1.0,25,75,0.5,-19,0,0,p=1→25; p=0→25,p=0.5→-19; p=0.5→75
2228,1805,True,False,16,23.1,24.5,1.3999999999999986,B,0.3375,0.4591668882392453,0.12166688823924526,A,none,False,False,False,42,0.1,21,78,0.5,-29,2,0,p=0.1→42; p=0.9→21,p=0.5→-29; p=0.25→74; p=0.125→76; p=0.0625→80; p=0.03125→88; p=0.03125→104
2237,1812,False,False,16,22.0,21.0,-1.0,A,0.5499999999999999,0.5957307384740923,0.04573073847409237,B,none,True,False,False,100,0.25,-4,21,0.6,21,1,0,p=0.25→100; p=0.75→-4,p=0.4→21; p=0.01875→18.5; p=0.09375→19.5; p=0.1875→20.5; p=0.1875→21.5; p=0.09375→22.5; p=0.01875→23.5
2248,1820,True,False,16,25.0,29.200000000000003,4.200000000000003,B,0.6375,0.6111045864457337,0.026395413554266223,B,none,False,False,False,42,0.5,8,50,0.2,24,3,0,p=0.5→42; p=0.5→8,p=0.8→24; p=0.1→55; p=0.05→53; p=0.025→49; p=0.0125→41; p=0.00625→25; p=0.00625→-7
2258,1827,True,False,16,0.0,-5.400000000000001,-5.400000000000001,A,0.3625,0.2570522815198931,0.10544771848010687,A,none,False,False,False,0,1.0,0,21,0.2,-12,0,0,p=1→0; p=0→0,p=0.8→-12; p=0.2→21
2265,1833,False,False,16,15.0,17.099999999999998,2.099999999999998,B,0.7375000000000002,0.6154437680577506,0.12205623194224957,B,none,False,False,False,15,1.0,15,18,0.95,0,1,0,p=1→15; p=0→15,p=0.05→0; p=0.11875→16.5; p=0.35625→17.5; p=0.35625→18.5; p=0.11875→19.5
2267,1835,True,False,16,0.0,8.8,8.8,B,0.5125000000000001,0.5967590781055895,0.08425907810558941,B,none,True,False,False,42,0.4,-28,80,0.2,-9,0,0,p=0.4→42; p=0.6→-28,p=0.8→-9; p=0.2→80
2272,1840,False,True,16,0.0,-6.93,-6.93,A,0.1625,0.1539440533419006,0.008555946658099417,A,none,False,False,False,0,1.0,0,0,0.01,-7,0,0,p=1→0; p=0→0,p=0.99→-7; p=0.01→0
2273,1840,True,True,15,0.0,-6.93,-6.93,A,0.16000000000000006,0.1041927020266887,0.055807297973311354,A,none,False,False,False,0,1.0,0,0,0.01,-7,0,0,p=1→0; p=0→0,p=0.99→-7; p=0.01→0
2296,1856,True,False,16,29.0,26.200000000000003,-2.799999999999997,A,0.5750000000000001,0.4552463066075555,0.11975369339244457,B,none,False,False,False,29,1.0,29,43,0.2,22,0,0,p=1→29; p=0→29,p=0.8→22; p=0.2→43
2317,1872,True,True,16,28.8,36.74,7.940000000000001,B,0.4125,0.6371824186540995,0.22468241865409955,A,none,False,False,False,108,0.1,20,37,0.99,11,0,0,p=0.1→108; p=0.9→20,p=0.01→11; p=0.99→37
2319,1874,False,False,16,9.0,6.5,-2.5,A,0.5499999999999999,0.4879549016926106,0.06204509830738936,B,none,True,False,False,9,1.0,9,46,0.5,-33,2,0,p=1→9; p=0→9,p=0.5→-33; p=0.25→40; p=0.125→42; p=0.0625→46; p=0.03125→54; p=0.015625→70; p=0.0078125→102; p=0.0078125→166
2320,1874,True,False,16,9.0,6.5,-2.5,A,0.6375000000000001,0.4975743036788917,0.13992569632110835,B,none,False,False,False,9,1.0,9,46,0.5,-33,2,0,p=1→9; p=0→9,p=0.5→-33; p=0.25→40; p=0.125→42; p=0.0625→46; p=0.03125→54; p=0.015625→70; p=0.0078125→102; p=0.0078125→166
2327,1880,True,False,19,-8.3,-12.599999999999998,-4.299999999999997,A,0.09473684210526316,0.2227400189484675,0.12800317684320434,A,none,False,False,False,-7,0.95,-33,-10,0.8,-23,0,0,p=0.95→-7; p=0.05→-33,p=0.2→-23; p=0.8→-10
2336,1887,False,False,16,19.0,20.5,1.5,B,0.85,0.6806934775118162,0.16930652248818379,B,none,False,False,False,25,0.9,-35,28,0.25,18,3,0,p=0.9→25; p=0.1→-35,p=0.75→18; p=0.125→30; p=0.0625→28; p=0.0625→24
2337,1887,True,False,17,19.0,20.5,1.5,B,0.8470588235294118,0.6782502435975063,0.16880857993190546,B,none,False,False,False,25,0.9,-35,28,0.25,18,3,0,p=0.9→25; p=0.1→-35,p=0.75→18; p=0.125→30; p=0.0625→28; p=0.0625→24
2338,1888,False,False,16,-2.0,-0.5999999999999996,1.4000000000000004,B,0.4375,0.614500336534212,0.177000336534212,A,none,False,False,False,-2,1.0,-2,30,0.4,-21,0,0,p=1→-2; p=0→-2,p=0.6→-21; p=0.4→30
2350,1896,True,True,17,24.0,21.740000000000002,-2.259999999999998,A,0.1176470588235294,0.13570700349756668,0.01805994467403728,A,none,False,False,False,24,1.0,24,22,0.99,-4,0,0,p=1→24; p=0→24,p=0.01→-4; p=0.99→22
2355,1899,False,False,15,10.649999999999999,11.5,0.8500000000000014,B,0.7599999999999999,0.7568155086038598,0.0031844913961400767,B,none,False,False,False,11,0.95,4,16,0.1,11,2,0,p=0.95→11; p=0.05→4,p=0.9→11; p=0.05→10; p=0.025→12; p=0.0125→16; p=0.00625→24; p=0.003125→40; p=0.0015625→72; p=0.0015625→136
2356,1899,True,False,15,10.649999999999999,11.5,0.8500000000000014,B,0.8533333333333333,0.7644687812785399,0.08886455205479338,B,none,False,False,False,11,0.95,4,16,0.1,11,2,0,p=0.95→11; p=0.05→4,p=0.9→11; p=0.05→10; p=0.025→12; p=0.0125→16; p=0.00625→24; p=0.003125→40; p=0.0015625→72; p=0.0015625→136
2363,1904,True,False,17,18.0,20.689999999999998,2.6899999999999977,B,0.6470588235294117,0.5509795949278974,0.0960792286015143,B,none,False,False,False,18,1.0,18,21,0.99,-10,1,0,p=1→18; p=0→18,p=0.01→-10; p=0.495→20.5; p=0.495→21.5
2364,1905,True,True,17,16.169999999999998,20.4,4.23,B,0.5411764705882354,0.5906574050486202,0.04948093446038482,B,none,True,False,False,33,0.01,16,36,0.4,10,0,0,p=0.01→33; p=0.99→16,p=0.6→10; p=0.4→36
2365,1906,True,False,17,16.0,17.6,1.6000000000000014,B,0.8588235294117648,0.7807784273227145,0.07804510208905024,B,none,False,False,False,16,1.0,16,18,0.8,16,0,0,p=1→16; p=0→16,p=0.2→16; p=0.8→18
2373,1913,True,False,17,3.000000000000001,-2.2700000000000005,-5.270000000000001,A,0.10588235294117647,0.21706297767856733,0.11118062473739086,A,none,False,False,False,48,0.1,-2,-2,0.99,-29,1,0,p=0.1→48; p=0.9→-2,p=0.01→-29; p=0.12375→-3.5; p=0.37125→-2.5; p=0.37125→-1.5; p=0.12375→-0.5
2374,1914,False,False,16,19.0,30.25,11.25,B,0.6875,0.7444598663447849,0.05695986634478489,B,none,False,False,False,57,0.5,-19,31,0.95,16,2,-1,p=0.5→57; p=0.5→-19,p=0.05→16; p=0.475→25; p=0.2375→27; p=0.11875→31; p=0.059375→39; p=0.0296875→55; p=0.0148437→87; p=0.0148438→151
2375,1914,True,False,15,19.0,30.25,11.25,B,0.7066666666666667,0.7465895409849008,0.03992287431823416,B,none,False,False,False,57,0.5,-19,31,0.95,16,2,-1,p=0.5→57; p=0.5→-19,p=0.05→16; p=0.475→25; p=0.2375→27; p=0.11875→31; p=0.059375→39; p=0.0296875→55; p=0.0148437→87; p=0.0148438→151
2386,1920,False,False,32,6.739999999999999,7.0,0.2600000000000007,B,0.43125,0.4901662985329828,0.0589162985329828,A,none,False,False,False,80,0.01,6,7,1.0,7,0,0,p=0.01→80; p=0.99→6,p=1→7
2387,1920,True,False,18,6.739999999999999,7.0,0.2600000000000007,B,0.3666666666666665,0.5063231222398221,0.13965645557315565,A,none,False,False,False,80,0.01,6,7,1.0,7,0,0,p=0.01→80; p=0.99→6,p=1→7
2392,1924,True,False,17,0.0,2.4000000000000004,2.4000000000000004,B,0.6588235294117648,0.5869089198076489,0.07191460960411589,B,none,False,False,False,36,0.2,-9,3,0.9,-3,3,0,p=0.2→36; p=0.8→-9,p=0.1→-3; p=0.45→5; p=0.225→3; p=0.225→-1
2401,1933,False,False,16,15.0,14.25,-0.75,A,0.275,0.4329629643425731,0.15796296434257306,A,none,False,False,False,51,0.25,3,48,0.25,3,1,0,p=0.25→51; p=0.75→3,p=0.75→3; p=0.03125→46.5; p=0.09375→47.5; p=0.09375→48.5; p=0.03125→49.5
2402,1933,True,False,15,15.0,14.25,-0.75,A,0.26666666666666666,0.42153800039000733,0.15487133372334067,A,none,False,False,False,51,0.25,3,48,0.25,3,1,0,p=0.25→51; p=0.75→3,p=0.75→3; p=0.03125→46.5; p=0.09375→47.5; p=0.09375→48.5; p=0.03125→49.5
2433,1956,True,True,17,10.0,5.6,-4.4,A,0.5294117647058824,0.5538375646675506,0.02442579996166827,B,none,True,False,False,10,1.0,10,20,0.6,-16,1,0,p=1→10; p=0→10,p=0.4→-16; p=0.0046875→16.5; p=0.0328125→17.5; p=0.0984375→18.5; p=0.164062→19.5; p=0.164062→20.5; p=0.0984375→21.5; p=0.0328125→22.5; p=0.0046875→23.5
2453,1972,True,True,17,-4.200000000000001,-1.3999999999999986,2.8000000000000025,B,0.6352941176470588,0.5947993917002617,0.04049472594679704,B,none,False,False,False,19,0.6,-39,52,0.4,-37,0,0,p=0.6→19; p=0.4→-39,p=0.6→-37; p=0.4→52
2460,1978,True,False,17,-0.75,-1.0,-0.25,A,0.5647058823529412,0.4166023107587605,0.1481035715941807,B,none,False,False,False,27,0.25,-10,-1,1.0,-1,0,0,p=0.25→27; p=0.75→-10,p=1→-1
2467,1984,True,False,17,25.8,27.799999999999997,1.9999999999999964,B,0.5411764705882351,0.5896423210431944,0.048465850454959214,B,none,True,False,False,78,0.1,20,28,0.9,26,0,-1,p=0.1→78; p=0.9→20,p=0.1→26; p=0.9→28
2475,1989,True,False,18,4.800000000000001,3.549999999999999,-1.2500000000000018,A,0.4555555555555556,0.5664516545248541,0.11089609896929853,A,none,True,False,False,28,0.6,-30,5,0.95,-24,1,0,p=0.6→28; p=0.4→-30,p=0.05→-24; p=0.0296875→2.5; p=0.148438→3.5; p=0.296875→4.5; p=0.296875→5.5; p=0.148438→6.5; p=0.0296875→7.5
2481,1994,False,False,16,18.0,17.2,-0.8000000000000007,A,0.275,0.4261322655555853,0.1511322655555853,A,none,False,False,False,18,1.0,18,55,0.4,-8,1,0,p=1→18; p=0→18,p=0.6→-8; p=0.0125→52.5; p=0.0625→53.5; p=0.125→54.5; p=0.125→55.5; p=0.0625→56.5; p=0.0125→57.5
2482,1994,True,False,16,18.0,17.2,-0.8000000000000007,A,0.3875,0.42446721105837704,0.036967211058377025,A,none,False,False,False,18,1.0,18,55,0.4,-8,1,0,p=1→18; p=0→18,p=0.6→-8; p=0.0125→52.5; p=0.0625→53.5; p=0.125→54.5; p=0.125→55.5; p=0.0625→56.5; p=0.0125→57.5
2493,2003,True,False,17,16.6,15.5,-1.1000000000000014,A,0.4470588235294117,0.3768352468694331,0.07022357665997858,A,none,False,False,False,83,0.2,0,44,0.5,-13,1,0,p=0.2→83; p=0.8→0,p=0.5→-13; p=0.25→43.5; p=0.25→44.5
2500,2010,False,False,16,-4.0,-5.8,-1.7999999999999998,A,0.7000000000000001,0.5790868649853989,0.12091313501460121,B,none,False,False,False,-4,1.0,-4,8,0.4,-15,0,0,p=1→-4; p=0→-4,p=0.6→-15; p=0.4→8
2507,2016,False,False,16,27.0,17.799999999999997,-9.200000000000003,A,0.275,0.3739157666752741,0.09891576667527407,A,none,False,False,False,27,1.0,27,51,0.6,-32,1,0,p=1→27; p=0→27,p=0.4→-32; p=0.075→49.5; p=0.225→50.5; p=0.225→51.5; p=0.075→52.5
2514,2022,True,False,18,26.27,34.400000000000006,8.130000000000006,B,0.7111111111111109,0.6387884963562055,0.07232261475490542,B,none,False,False,False,53,0.01,26,76,0.2,24,3,0,p=0.01→53; p=0.99→26,p=0.8→24; p=0.1→78; p=0.05→76; p=0.05→72
2536,2041,False,False,16,4.0,0.0,-4.0,A,0.325,0.3098507924296227,0.015149207570377299,A,none,False,False,False,4,1.0,4,96,0.25,-32,0,0,p=1→4; p=0→4,p=0.75→-32; p=0.25→96
2537,2041,True,False,16,4.0,0.0,-4.0,A,0.3250000000000001,0.31303915311190605,0.011960846888094068,A,none,False,False,False,4,1.0,4,96,0.25,-32,0,0,p=1→4; p=0→4,p=0.75→-32; p=0.25→96
2544,2046,True,False,15,10.0,6.0,-4.0,A,0.6933333333333332,0.5578076543072672,0.13552567902606605,B,none,False,False,False,55,0.4,-20,9,0.25,5,0,1,p=0.4→55; p=0.6→-20,p=0.75→5; p=0.25→9
2546,2048,False,False,16,0.0,-5.75,-5.75,A,0.17500000000000002,0.14602359784644872,0.028976402153551295,A,none,False,False,False,0,1.0,0,-5,0.25,-6,1,0,p=1→0; p=0→0,p=0.75→-6; p=0.00195312→-8.5; p=0.0136719→-7.5; p=0.0410156→-6.5; p=0.0683594→-5.5; p=0.0683594→-4.5; p=0.0410156→-3.5; p=0.0136719→-2.5; p=0.00195312→-1.5
2547,2048,True,False,15,0.0,-5.75,-5.75,A,0.14666666666666667,0.09544680589401258,0.051219860772654086,A,none,False,False,False,0,1.0,0,-5,0.25,-6,1,0,p=1→0; p=0→0,p=0.75→-6; p=0.00195312→-8.5; p=0.0136719→-7.5; p=0.0410156→-6.5; p=0.0683594→-5.5; p=0.0683594→-4.5; p=0.0410156→-3.5; p=0.0136719→-2.5; p=0.00195312→-1.5
2550,2051,False,True,15,9.0,14.600000000000001,5.600000000000001,B,0.84,0.6439557736722638,0.19604422632773622,B,none,False,False,False,9,1.0,9,73,0.2,0,2,0,p=1→9; p=0→9,p=0.8→0; p=0.1→71; p=0.05→73; p=0.05→77
2553,2054,True,True,17,10.8,16.000000000000004,5.200000000000003,B,0.4941176470588234,0.5576884130005664,0.06357076594174299,A,none,True,False,False,72,0.1,4,24,0.8,-16,1,0,p=0.1→72; p=0.9→4,p=0.2→-16; p=0.025→21.5; p=0.125→22.5; p=0.25→23.5; p=0.25→24.5; p=0.125→25.5; p=0.025→26.5
2555,2056,True,False,17,14.0,12.600000000000001,-1.3999999999999986,A,0.6235294117647059,0.5531190853123858,0.07041032645232004,B,none,False,False,False,26,0.75,-22,14,0.8,7,3,0,p=0.75→26; p=0.25→-22,p=0.2→7; p=0.4→16; p=0.2→14; p=0.2→10
2556,2057,True,False,15,29.000000000000007,28.0,-1.000000000000007,A,0.6,0.6246169334468294,0.02461693344682947,B,none,False,False,False,46,0.8,-39,64,0.2,19,2,-1,p=0.8→46; p=0.2→-39,p=0.8→19; p=0.1→58; p=0.05→60; p=0.025→64; p=0.0125→72; p=0.00625→88; p=0.003125→120; p=0.003125→184
2563,2064,True,False,17,2.0,-3.1999999999999975,-5.1999999999999975,A,0.22352941176470587,0.3330606623296528,0.10953125056494695,A,none,False,False,False,2,1.0,2,28,0.4,-24,0,0,p=1→2; p=0→2,p=0.6→-24; p=0.4→28
2580,2079,True,False,17,19.0,16.6,-2.3999999999999986,A,0.5176470588235293,0.4860241904587276,0.03162286836480177,B,none,True,False,False,19,1.0,19,43,0.2,10,2,0,p=1→19; p=0→19,p=0.8→10; p=0.1→39; p=0.05→41; p=0.025→45; p=0.0125→53; p=0.0125→69
2592,2089,False,False,16,16.49,19.0,2.5100000000000016,B,0.15000000000000002,0.32815782688669837,0.17815782688669834,A,none,False,False,False,65,0.01,16,55,0.5,-17,0,0,p=0.01→65; p=0.99→16,p=0.5→-17; p=0.5→55
2593,2089,True,False,16,16.49,19.0,2.5100000000000016,B,0.475,0.3600810226431619,0.11491897735683809,A,none,True,False,False,65,0.01,16,55,0.5,-17,0,0,p=0.01→65; p=0.99→16,p=0.5→-17; p=0.5→55
2613,2107,False,True,15,5.799999999999999,14.5,8.700000000000001,B,0.7866666666666668,0.7662265596483491,0.020440107018317777,B,none,False,False,False,25,0.6,-23,27,0.5,2,2,1,p=0.6→25; p=0.4→-23,p=0.5→2; p=0.25→24; p=0.125→26; p=0.0625→30; p=0.0625→38
2614,2107,True,True,15,5.799999999999999,14.5,8.700000000000001,B,0.7866666666666666,0.7677383407287366,0.018928325937930035,B,none,False,False,False,25,0.6,-23,27,0.5,2,2,1,p=0.6→25; p=0.4→-23,p=0.5→2; p=0.25→24; p=0.125→26; p=0.0625→30; p=0.0625→38
2619,2111,True,False,16,9.48,4.4,-5.08,A,0.3125,0.18187195789178476,0.13062804210821524,A,none,False,False,False,57,0.01,9,6,0.2,4,0,0,p=0.01→57; p=0.99→9,p=0.8→4; p=0.2→6
2634,2125,True,False,16,15.8,13.209999999999999,-2.5900000000000016,A,0.6375,0.5625358385320964,0.07496416146790352,B,none,False,False,False,21,0.8,-5,34,0.01,13,0,0,p=0.8→21; p=0.2→-5,p=0.99→13; p=0.01→34
2637,2128,True,True,16,-2.0,-2.9499999999999997,-0.9499999999999997,A,0.11250000000000004,0.24980897052968257,0.13730897052968252,A,none,False,False,False,-2,1.0,-2,-2,0.05,-3,0,0,p=1→-2; p=0→-2,p=0.95→-3; p=0.05→-2
2639,2130,False,False,16,-6.0,-5.989999999999999,0.010000000000000675,B,0.575,0.585092904596006,0.010092904596006091,B,none,False,False,False,-6,1.0,-6,-5,0.01,-6,1,0,p=1→-6; p=0→-6,p=0.99→-6; p=7.8125e-05→-8.5; p=0.000546875→-7.5; p=0.00164062→-6.5; p=0.00273438→-5.5; p=0.00273438→-4.5; p=0.00164062→-3.5; p=0.000546875→-2.5; p=7.8125e-05→-1.5
2654,2143,True,True,16,3.3000000000000003,3.0,-0.30000000000000027,A,0.45,0.5973729209800629,0.14737292098006288,A,none,True,False,False,5,0.9,-12,3,1.0,3,1,0,p=0.9→5; p=0.1→-12,p=0.0078125→-0.5; p=0.0546875→0.5; p=0.164062→1.5; p=0.273438→2.5; p=0.273438→3.5; p=0.164062→4.5; p=0.0546875→5.5; p=0.0078125→6.5
2657,2146,False,False,15,7.0,9.0,2.0,B,0.5466666666666667,0.62015337603424,0.07348670936757329,B,none,True,False,False,18,0.5,-4,17,0.6,-3,0,0,p=0.5→18; p=0.5→-4,p=0.4→-3; p=0.6→17
2664,2151,True,False,16,-4.0,1.2000000000000028,5.200000000000003,B,0.6000000000000001,0.6555705204581084,0.055570520458108286,B,none,False,False,False,-4,1.0,-4,72,0.4,-46,1,0,p=1→-4; p=0→-4,p=0.6→-46; p=0.2→71.5; p=0.2→72.5
2665,2152,False,False,16,-5.200000000000001,-6.7,-1.4999999999999991,A,0.2125,0.37591741582156757,0.16341741582156757,A,none,False,False,False,30,0.2,-14,-6,0.9,-13,0,-1,p=0.2→30; p=0.8→-14,p=0.1→-13; p=0.9→-6
2695,2175,False,False,17,6.0,11.05,5.050000000000001,B,0.8352941176470587,0.8122644104762974,0.02302970717076136,B,none,False,False,False,6,1.0,6,16,0.01,11,0,0,p=1→6; p=0→6,p=0.99→11; p=0.01→16
2696,2175,True,False,15,6.0,11.05,5.050000000000001,B,0.9066666666666668,0.8908709926108906,0.0157956740557762,B,none,False,False,False,6,1.0,6,16,0.01,11,0,0,p=1→6; p=0→6,p=0.99→11; p=0.01→16
2710,2187,True,False,16,-0.7999999999999989,8.0,8.799999999999999,B,0.8124999999999999,0.7851671362829817,0.027332863717018152,B,none,False,False,False,16,0.4,-12,8,0.01,8,1,0,p=0.4→16; p=0.6→-12,p=0.99→8; p=0.005→7.5; p=0.005→8.5
2713,2189,False,False,16,1.0,0.0,-1.0,A,0.475,0.5937078386904387,0.11870783869043877,A,none,True,False,False,16,0.25,-4,39,0.5,-39,1,1,p=0.25→16; p=0.75→-4,p=0.5→-39; p=0.00390625→35.5; p=0.0273438→36.5; p=0.0820312→37.5; p=0.136719→38.5; p=0.136719→39.5; p=0.0820312→40.5; p=0.0273438→41.5; p=0.00390625→42.5
2715,2191,True,False,17,20.2,26.08,5.879999999999999,B,0.8235294117647058,0.6779440308255955,0.14558538093911033,B,none,False,False,False,37,0.6,-5,34,0.01,26,0,0,p=0.6→37; p=0.4→-5,p=0.99→26; p=0.01→34
2716,2192,True,False,17,4.0,1.7799999999999998,-2.22,A,0.1142857142857143,0.24675911882673218,0.1324734045410179,A,none,False,False,False,13,0.1,3,2,0.99,-20,1,0,p=0.1→13; p=0.9→3,p=0.01→-20; p=0.12375→0.5; p=0.37125→1.5; p=0.37125→2.5; p=0.12375→3.5
2722,2197,True,False,16,-8.0,-6.5,1.5,B,0.6375,0.6449865583927071,0.007486558392707177,B,none,False,False,False,-8,1.0,-8,82,0.25,-36,1,0,p=1→-8; p=0→-8,p=0.75→-36; p=0.0078125→79.5; p=0.0390625→80.5; p=0.078125→81.5; p=0.078125→82.5; p=0.0390625→83.5; p=0.0078125→84.5
2749,2219,True,False,16,29.09,26.4,-2.6900000000000013,A,0.3625,0.39481950093606877,0.03231950093606878,A,none,False,False,False,38,0.01,29,45,0.4,14,0,0,p=0.01→38; p=0.99→29,p=0.6→14; p=0.4→45
2762,2229,False,False,17,27.0,19.0,-8.0,A,0.5294117647058824,0.27690857160336013,0.2525031931025222,B,none,True,False,False,27,1.0,27,35,0.2,15,0,0,p=1→27; p=0→27,p=0.8→15; p=0.2→35
2763,2229,True,False,15,27.0,19.0,-8.0,A,0.28,0.2015631026783862,0.07843689732161382,A,none,False,False,False,27,1.0,27,35,0.2,15,0,0,p=1→27; p=0→27,p=0.8→15; p=0.2→35
2767,2232,False,False,17,1.0,-1.1999999999999993,-2.1999999999999993,A,0.3058823529411765,0.3667953580777734,0.06091300513659692,A,none,False,False,False,1,1.0,1,30,0.4,-22,0,0,p=1→1; p=0→1,p=0.6→-22; p=0.4→30
2768,2232,True,False,16,1.0,-1.1999999999999993,-2.1999999999999993,A,0.3625,0.3566993325749195,0.005800667425080508,A,none,False,False,False,1,1.0,1,30,0.4,-22,0,0,p=1→1; p=0→1,p=0.6→-22; p=0.4→30
2777,2239,True,False,16,13.75,15.000000000000002,1.2500000000000018,B,0.275,0.37258586309955105,0.09758586309955103,A,none,False,False,False,46,0.25,3,69,0.4,-21,1,0,p=0.25→46; p=0.75→3,p=0.6→-21; p=0.0125→66.5; p=0.0625→67.5; p=0.125→68.5; p=0.125→69.5; p=0.0625→70.5; p=0.0125→71.5
2778,2240,True,False,16,11.8,22.0,10.2,B,0.7625,0.8202182731659987,0.05771827316599876,B,none,False,False,False,18,0.8,-13,58,0.2,13,3,0,p=0.8→18; p=0.2→-13,p=0.8→13; p=0.1→59; p=0.1→57
2780,2242,True,False,17,28.0,25.5,-2.5,A,0.4941176470588234,0.37472919007647776,0.11938845698234563,A,none,True,False,False,28,1.0,28,89,0.5,-38,0,0,p=1→28; p=0→28,p=0.5→-38; p=0.5→89
2800,2259,False,False,16,2.0,-4.6000000000000005,-6.6000000000000005,A,0.525,0.46457633807471,0.06042366192529003,B,none,True,False,False,106,0.2,-24,21,0.2,-11,1,0,p=0.2→106; p=0.8→-24,p=0.8→-11; p=0.025→19.5; p=0.075→20.5; p=0.075→21.5; p=0.025→22.5
2801,2259,True,False,15,2.0,-4.6000000000000005,-6.6000000000000005,A,0.4133333333333333,0.4616899187808631,0.0483565854475298,A,none,False,False,False,106,0.2,-24,21,0.2,-11,1,0,p=0.2→106; p=0.8→-24,p=0.8→-11; p=0.025→19.5; p=0.075→20.5; p=0.075→21.5; p=0.025→22.5
2805,2263,True,False,16,-2.2,-11.85,-9.649999999999999,A,0.3250000000000001,0.36273805781087093,0.037738057810870806,A,none,False,False,False,-2,0.99,-22,10,0.05,-13,1,-1,p=0.99→-2; p=0.01→-22,p=0.95→-13; p=0.00625→8.5; p=0.01875→9.5; p=0.01875→10.5; p=0.00625→11.5
2809,2267,True,True,19,15.0,18.4,3.3999999999999986,B,0.6736842105263158,0.6636823392061308,0.01000187132018493,B,none,False,False,False,15,1.0,15,31,0.4,10,0,0,p=1→15; p=0→15,p=0.6→10; p=0.4→31
2814,2272,True,False,16,-5.0,-1.799999999999999,3.200000000000001,B,0.6375000000000002,0.6734969287496263,0.03599692874962612,B,none,False,False,False,-5,1.0,-5,36,0.4,-27,0,0,p=1→-5; p=0→-5,p=0.6→-27; p=0.4→36
2827,2281,True,False,16,-9.0,-3.75,5.25,B,0.9625,0.8732887484366949,0.08921125156330512,B,none,False,False,False,-9,1.0,-9,-3,0.75,-6,1,0,p=1→-9; p=0→-9,p=0.25→-6; p=0.00585938→-6.5; p=0.0410156→-5.5; p=0.123047→-4.5; p=0.205078→-3.5; p=0.205078→-2.5; p=0.123047→-1.5; p=0.0410156→-0.5; p=0.00585938→0.5
2831,2285,False,False,18,24.15,19.4,-4.75,A,0.2,0.33469182944475095,0.13469182944475094,A,none,False,False,False,25,0.95,8,23,0.4,17,1,0,p=0.95→25; p=0.05→8,p=0.6→17; p=0.0125→20.5; p=0.0625→21.5; p=0.125→22.5; p=0.125→23.5; p=0.0625→24.5; p=0.0125→25.5
2832,2285,True,False,15,24.15,19.4,-4.75,A,0.4400000000000001,0.2607554185659727,0.17924458143402744,A,none,False,False,False,25,0.95,8,23,0.4,17,1,0,p=0.95→25; p=0.05→8,p=0.6→17; p=0.0125→20.5; p=0.0625→21.5; p=0.125→22.5; p=0.125→23.5; p=0.0625→24.5; p=0.0125→25.5
2858,2307,True,False,16,18.0,14.0,-4.0,A,0.4875,0.342287054446927,0.14521294555307301,A,none,True,False,False,18,1.0,18,49,0.5,-21,0,0,p=1→18; p=0→18,p=0.5→-21; p=0.5→49
2860,2309,False,False,15,2.0,5.25,3.25,B,0.52,0.47555424959018483,0.04444575040981519,B,none,True,False,False,2,1.0,2,42,0.25,-7,0,0,p=1→2; p=0→2,p=0.75→-7; p=0.25→42
2861,2309,True,False,30,2.0,5.25,3.25,B,0.4333333333333333,0.47582240160521927,0.04248906827188598,A,none,False,False,False,2,1.0,2,42,0.25,-7,0,0,p=1→2; p=0→2,p=0.75→-7; p=0.25→42
2863,2311,True,True,16,4.0,14.5,10.5,B,0.575,0.5067741607176772,0.06822583928232273,B,none,False,False,False,4,1.0,4,46,0.5,-17,0,0,p=1→4; p=0→4,p=0.5→-17; p=0.5→46
2866,2314,True,False,15,1.0,7.0,6.0,B,0.52,0.561825274131977,0.04182527413197701,B,none,True,False,False,1,1.0,1,36,0.5,-22,0,0,p=1→1; p=0→1,p=0.5→-22; p=0.5→36
2868,2316,True,True,17,-2.0,-5.5,-3.5,A,0.30588235294117644,0.1785110342364882,0.12737131870468824,A,none,False,False,False,-2,1.0,-2,-1,0.1,-6,0,0,p=1→-2; p=0→-2,p=0.9→-6; p=0.1→-1
2880,2326,True,False,17,18.0,8.5,-9.5,A,0.4823529411764706,0.30840393808007815,0.17394900309639244,A,none,True,False,False,33,0.5,3,37,0.05,7,1,0,p=0.5→33; p=0.5→3,p=0.95→7; p=0.000390625→33.5; p=0.00273438→34.5; p=0.00820313→35.5; p=0.0136719→36.5; p=0.0136719→37.5; p=0.00820313→38.5; p=0.00273438→39.5; p=0.000390625→40.5
2882,2328,False,False,16,26.02,26.6,0.5800000000000018,B,0.5875,0.5592412837577927,0.028258716242207327,B,none,False,False,False,28,0.01,26,27,0.8,25,2,0,p=0.01→28; p=0.99→26,p=0.2→25; p=0.4→22; p=0.2→24; p=0.1→28; p=0.05→36; p=0.025→52; p=0.025→84
2883,2329,False,True,16,6.0,8.25,2.25,B,0.7875000000000001,0.8060283097432525,0.01852830974325237,B,none,False,False,False,6,1.0,6,51,0.05,6,0,0,p=1→6; p=0→6,p=0.95→6; p=0.05→51
2884,2329,True,True,19,6.0,8.25,2.25,B,0.8842105263157896,0.8365584710867867,0.04765205522900284,B,none,False,False,False,6,1.0,6,51,0.05,6,0,0,p=1→6; p=0→6,p=0.95→6; p=0.05→51
2885,2330,True,False,15,-8.0,-12.85,-4.85,A,0.14666666666666667,0.11972627830420703,0.02694038836245964,A,none,False,False,False,-8,1.0,-8,-12,0.95,-29,1,0,p=1→-8; p=0→-8,p=0.05→-29; p=0.11875→-13.5; p=0.35625→-12.5; p=0.35625→-11.5; p=0.11875→-10.5
2897,2341,True,False,17,13.25,16.5,3.25,B,0.4941176470588234,0.6234893739138991,0.12937172685507575,A,none,True,False,False,53,0.25,0,31,0.5,2,1,1,p=0.25→53; p=0.75→0,p=0.5→2; p=0.0625→29.5; p=0.1875→30.5; p=0.1875→31.5; p=0.0625→32.5
2899,2343,True,False,15,14.0,10.0,-4.0,A,0.36000000000000004,0.3533389840052529,0.006661015994747166,A,none,False,False,False,14,1.0,14,18,0.75,-14,0,0,p=1→14; p=0→14,p=0.25→-14; p=0.75→18
2918,2358,True,False,16,5.6000000000000005,9.400000000000002,3.8000000000000016,B,0.475,0.41536100402435155,0.05963899597564842,A,none,True,False,False,16,0.2,3,20,0.8,-33,0,0,p=0.2→16; p=0.8→3,p=0.2→-33; p=0.8→20
2922,2361,True,False,15,27.0,38.00000000000001,11.000000000000007,B,0.8422222222222222,0.6500055103012425,0.19221671192097967,B,none,False,False,False,27,1.0,27,48,0.8,-2,2,0,p=1→27; p=0→27,p=0.2→-2; p=0.4→42; p=0.2→44; p=0.1→48; p=0.05→56; p=0.025→72; p=0.0125→104; p=0.0125→168
2924,2363,True,False,15,30.0,32.75,2.75,B,0.5333333333333333,0.5993622906449877,0.06602895731165437,B,none,True,False,False,30,1.0,30,38,0.75,17,3,0,p=1→30; p=0→30,p=0.25→17; p=0.375→41; p=0.1875→39; p=0.09375→35; p=0.09375→27
2925,2364,False,False,15,7.0,13.0,6.0,B,0.8,0.8136417973469426,0.013641797346942597,B,none,False,False,False,7,1.0,7,13,0.99,13,0,0,p=1→7; p=0→7,p=0.01→13; p=0.99→13
2951,2384,True,True,16,1.0,1.0,0.0,tie,0.6749999999999999,0.5864398357388378,0.08856016426116209,B,none,False,False,False,1,1.0,1,1,1.0,1,1,0,p=1→1; p=0→1,p=0.0078125→-2.5; p=0.0546875→-1.5; p=0.164062→-0.5; p=0.273438→0.5; p=0.273438→1.5; p=0.164062→2.5; p=0.0546875→3.5; p=0.0078125→4.5
2960,2391,True,True,20,-7.0,1.0,8.0,B,0.8399999999999999,0.7353123571534987,0.10468764284650112,B,none,False,False,False,-7,1.0,-7,19,0.6,-26,0,0,p=1→-7; p=0→-7,p=0.4→-26; p=0.6→19
2969,2399,True,False,16,-9.999999999999996,-6.200000000000001,3.7999999999999954,B,0.5375,0.5749675395916369,0.037467539591636956,B,none,True,False,False,41,0.4,-44,25,0.2,-14,0,0,p=0.4→41; p=0.6→-44,p=0.8→-14; p=0.2→25
2973,2402,True,False,18,-9.0,-8.0,1.0,B,0.5444444444444445,0.6758537412246056,0.1314092967801611,B,none,True,False,False,-9,1.0,-9,-7,0.8,-12,0,0,p=1→-9; p=0→-9,p=0.2→-12; p=0.8→-7
2974,2403,False,False,16,30.0,35.60000000000001,5.6000000000000085,B,0.6625000000000001,0.3754960515447627,0.2870039484552374,B,none,False,False,False,30,1.0,30,107,0.4,-12,0,0,p=1→30; p=0→30,p=0.6→-12; p=0.4→107
2975,2403,True,False,15,30.0,35.60000000000001,5.6000000000000085,B,0.4,0.42909468004439383,0.029094680044393806,A,strong_ev_b_humans_favor_a,False,True,False,30,1.0,30,107,0.4,-12,0,0,p=1→30; p=0→30,p=0.6→-12; p=0.4→107
2981,2408,True,False,16,15.0,21.900000000000002,6.900000000000002,B,0.625,0.6539209783634368,0.028920978363436767,B,none,False,False,False,15,1.0,15,26,0.9,-15,1,0,p=1→15; p=0→15,p=0.1→-15; p=0.028125→23.5; p=0.140625→24.5; p=0.28125→25.5; p=0.28125→26.5; p=0.140625→27.5; p=0.028125→28.5
2992,2418,True,False,16,28.0,25.200000000000003,-2.799999999999997,A,0.24375,0.29939773709766565,0.055647737097665656,A,none,False,False,False,43,0.4,18,36,0.8,-18,0,0,p=0.4→43; p=0.6→18,p=0.2→-18; p=0.8→36
2995,2421,True,False,33,4.0,3.6000000000000014,-0.3999999999999986,A,0.5151515151515151,0.4757524644362995,0.039399050715215655,B,none,True,False,False,4,1.0,4,57,0.4,-32,2,0,p=1→4; p=0→4,p=0.6→-32; p=0.2→55; p=0.1→57; p=0.1→61
3003,2427,True,False,21,2.62,13.6,10.98,B,0.8190476190476191,0.7121258518965584,0.10692176715106072,B,none,False,False,False,64,0.01,2,22,0.6,1,0,0,p=0.01→64; p=0.99→2,p=0.4→1; p=0.6→22
3016,2437,False,True,16,23.000000000000004,26.799999999999997,3.7999999999999936,B,0.775,0.6729972116133115,0.10200278838668853,B,none,False,False,False,68,0.4,-7,48,0.6,-5,2,0,p=0.4→68; p=0.6→-7,p=0.4→-5; p=0.3→42; p=0.15→44; p=0.075→48; p=0.0375→56; p=0.01875→72; p=0.009375→104; p=0.009375→168
3017,2437,True,True,15,23.000000000000004,26.799999999999997,3.7999999999999936,B,0.6666666666666666,0.6742390406672805,0.007572374000613835,B,none,False,False,False,68,0.4,-7,48,0.6,-5,2,0,p=0.4→68; p=0.6→-7,p=0.4→-5; p=0.3→42; p=0.15→44; p=0.075→48; p=0.0375→56; p=0.01875→72; p=0.009375→104; p=0.009375→168
3024,2441,True,False,16,24.8,25.0,0.1999999999999993,B,0.3875,0.55389532927931,0.16639532927930994,A,none,False,False,False,27,0.8,16,25,1.0,25,0,0,p=0.8→27; p=0.2→16,p=1→25
3033,2448,False,False,16,23.0,23.0,0.0,tie,0.575,0.48945068324871605,0.08554931675128391,B,none,False,False,False,23,1.0,23,23,1.0,23,2,0,p=1→23; p=0→23,p=0.5→22; p=0.5→24
3034,2448,True,False,15,23.0,23.0,0.0,tie,0.68,0.49441430171072154,0.1855856982892785,B,none,False,False,False,23,1.0,23,23,1.0,23,2,0,p=1→23; p=0→23,p=0.5→22; p=0.5→24
3039,2453,True,False,16,-2.0,-2.0,0.0,tie,0.15000000000000002,0.31435712905154156,0.16435712905154154,A,none,False,False,False,10,0.75,-38,-2,1.0,-2,1,0,p=0.75→10; p=0.25→-38,p=0.125→-3.5; p=0.375→-2.5; p=0.375→-1.5; p=0.125→-0.5
3046,2458,True,False,17,23.0,29.0,6.0,B,0.5058823529411764,0.5738699549522441,0.06798760201106768,B,none,True,False,False,23,1.0,23,47,0.6,2,0,0,p=1→23; p=0→23,p=0.4→2; p=0.6→47
3049,2460,True,False,16,-6.0,1.4000000000000006,7.4,B,0.8999999999999999,0.8982763300285785,0.001723669971421371,B,none,False,False,False,-6,1.0,-6,3,0.8,-5,3,0,p=1→-6; p=0→-6,p=0.2→-5; p=0.4→4; p=0.4→2
3053,2464,True,True,18,30.0,36.6,6.600000000000001,B,0.7111111111111111,0.7320227552776882,0.020911644166577092,B,none,False,False,False,48,0.25,24,96,0.01,36,0,0,p=0.25→48; p=0.75→24,p=0.99→36; p=0.01→96
3073,2479,True,False,16,24.0,24.77,0.7699999999999996,B,0.525,0.5307050954342744,0.005705095434274332,B,none,True,False,False,24,1.0,24,25,0.99,2,1,0,p=1→24; p=0→24,p=0.01→2; p=0.495→24.5; p=0.495→25.5
3076,2482,False,False,16,2.0,8.25,6.25,B,0.825,0.8387125249755987,0.013712524975598717,B,none,False,False,False,2,1.0,2,18,0.25,5,0,0,p=1→2; p=0→2,p=0.75→5; p=0.25→18
3077,2482,True,False,16,2.0,8.25,6.25,B,0.8458333333333334,0.887374631545694,0.04154129821236052,B,none,False,False,False,2,1.0,2,18,0.25,5,0,0,p=1→2; p=0→2,p=0.75→5; p=0.25→18
3078,2483,False,False,31,0.0,0.5999999999999979,0.5999999999999979,B,0.6064516129032258,0.5745754683976215,0.031876144505604276,B,none,False,False,False,0,1.0,0,23,0.6,-33,1,0,p=1→0; p=0→0,p=0.4→-33; p=0.0046875→19.5; p=0.0328125→20.5; p=0.0984375→21.5; p=0.164062→22.5; p=0.164062→23.5; p=0.0984375→24.5; p=0.0328125→25.5; p=0.0046875→26.5
3096,2497,False,False,15,26.0,33.2,7.200000000000003,B,0.5733333333333334,0.3907099048946505,0.18262342843868284,B,none,False,False,False,26,1.0,26,46,0.8,-18,0,0,p=1→26; p=0→26,p=0.2→-18; p=0.8→46
3104,2505,True,False,17,19.0,31.5,12.5,B,0.9058823529411764,0.8513956711260928,0.05448668181508354,B,none,False,False,False,19,1.0,19,33,0.5,30,0,0,p=1→19; p=0→19,p=0.5→30; p=0.5→33
3111,2512,True,False,15,-9.700000000000001,-7.5,2.200000000000001,B,0.7200000000000001,0.6029327198181421,0.11706728018185797,B,none,False,False,False,20,0.01,-10,78,0.1,-17,0,0,p=0.01→20; p=0.99→-10,p=0.9→-17; p=0.1→78
3114,2514,True,True,17,24.999999999999993,25.0,7.105427357601002e-15,B,0.5647058823529413,0.6065176501276918,0.041811767774750486,B,none,False,False,False,57,0.6,-23,25,1.0,25,1,0,p=0.6→57; p=0.4→-23,p=0.125→23.5; p=0.375→24.5; p=0.375→25.5; p=0.125→26.5
3117,2517,True,False,17,-8.000000000000002,-1.0,7.000000000000002,B,0.4823529411764706,0.5991109244984812,0.11675798332201065,A,none,True,False,False,72,0.2,-28,5,0.5,-7,0,0,p=0.2→72; p=0.8→-28,p=0.5→-7; p=0.5→5
3118,2518,True,False,17,30.0,23.8,-6.199999999999999,A,0.1176470588235294,0.13501739328621126,0.017370334462681866,A,none,False,False,False,30,1.0,30,26,0.8,15,0,0,p=1→30; p=0→30,p=0.2→15; p=0.8→26
3141,2539,True,False,18,13.200000000000001,10.05,-3.1500000000000004,A,0.4888888888888889,0.3390271360453798,0.14986175284350906,A,none,True,False,False,15,0.1,13,68,0.05,7,0,-1,p=0.1→15; p=0.9→13,p=0.95→7; p=0.05→68
3142,2540,False,True,16,5.0,-10.6,-15.6,A,0.1375,0.18133731482373727,0.04383731482373726,A,none,False,False,False,5,1.0,5,-1,0.4,-17,1,0,p=1→5; p=0→5,p=0.6→-17; p=0.0125→-3.5; p=0.0625→-2.5; p=0.125→-1.5; p=0.125→-0.5; p=0.0625→0.5; p=0.0125→1.5
3143,2540,True,True,16,5.0,-10.6,-15.6,A,0.0625,0.08857938235084381,0.02607938235084381,A,none,False,False,False,5,1.0,5,-1,0.4,-17,1,0,p=1→5; p=0→5,p=0.6→-17; p=0.0125→-3.5; p=0.0625→-2.5; p=0.125→-1.5; p=0.125→-0.5; p=0.0625→0.5; p=0.0125→1.5
3147,2543,True,False,17,1.7999999999999998,2.0,0.20000000000000018,B,0.4941176470588234,0.5449103823852934,0.05079273532647005,A,none,True,False,False,45,0.1,-3,2,1.0,2,3,0,p=0.1→45; p=0.9→-3,p=0.5→6; p=0.25→4; p=0.125→0; p=0.0625→-8; p=0.0625→-24
3150,2545,True,False,16,4.000000000000001,8.200000000000003,4.200000000000002,B,0.625,0.6124492794125147,0.012550720587485298,B,none,False,False,False,10,0.8,-20,13,0.9,-35,0,0,p=0.8→10; p=0.2→-20,p=0.1→-35; p=0.9→13
3151,2546,True,False,16,26.0,18.25,-7.75,A,0.15,0.09645412541670188,0.05354587458329811,A,none,False,False,False,26,1.0,26,20,0.95,-15,0,0,p=1→26; p=0→26,p=0.05→-15; p=0.95→20
3157,2551,False,False,17,-10.45,-10.15,0.29999999999999893,B,0.2117647058823529,0.41957709244053065,0.20781238655817774,A,none,False,False,False,57,0.05,-14,-10,0.95,-13,0,0,p=0.05→57; p=0.95→-14,p=0.05→-13; p=0.95→-10
3158,2551,True,False,16,-10.45,-10.15,0.29999999999999893,B,0.2125,0.43209555123624477,0.21959555123624477,A,none,False,False,False,57,0.05,-14,-10,0.95,-13,0,0,p=0.05→57; p=0.95→-14,p=0.05→-13; p=0.95→-10
3179,2566,False,False,16,29.0,29.0,0.0,tie,0.4125,0.5173989473241454,0.1048989473241454,A,none,False,False,False,29,1.0,29,29,1.0,29,3,0,p=1→29; p=0→29,p=0.5→30; p=0.5→28
3180,2566,True,False,15,29.0,29.0,0.0,tie,0.6533333333333332,0.5249425138813593,0.12839081945197395,B,none,False,False,False,29,1.0,29,29,1.0,29,3,0,p=1→29; p=0→29,p=0.5→30; p=0.5→28
3186,2571,False,False,17,4.0,6.4,2.4000000000000004,B,0.5647058823529412,0.5729605277014598,0.008254645348518608,B,none,False,False,False,4,1.0,4,8,0.9,-8,3,0,p=1→4; p=0→4,p=0.1→-8; p=0.45→10; p=0.225→8; p=0.225→4
3187,2571,True,False,15,4.0,6.4,2.4000000000000004,B,0.6933333333333334,0.6192075601609869,0.07412577317234648,B,none,False,False,False,4,1.0,4,8,0.9,-8,3,0,p=1→4; p=0→4,p=0.1→-8; p=0.45→10; p=0.225→8; p=0.225→4
3190,2573,True,False,18,-9.0,-5.6,3.4000000000000004,B,0.6555555555555556,0.6418637813650677,0.013691774190487838,B,none,False,False,False,-9,1.0,-9,52,0.2,-20,0,0,p=1→-9; p=0→-9,p=0.8→-20; p=0.2→52
3194,2577,True,False,18,27.0,35.8,8.799999999999997,B,0.8111111111111111,0.8592496428728215,0.048138531761710346,B,none,False,False,False,27,1.0,27,39,0.6,31,1,0,p=1→27; p=0→27,p=0.4→31; p=0.01875→36.5; p=0.09375→37.5; p=0.1875→38.5; p=0.1875→39.5; p=0.09375→40.5; p=0.01875→41.5
3199,2582,True,True,18,-9.799999999999999,-12.9,-3.1000000000000014,A,0.5888888888888889,0.655778130222774,0.06688924133388507,B,none,False,False,False,10,0.4,-23,87,0.1,-24,0,0,p=0.4→10; p=0.6→-23,p=0.9→-24; p=0.1→87
3204,2586,True,False,18,8.8,17.37,8.57,B,0.6222222222222222,0.6569385967004091,0.03471637447818687,B,none,False,False,False,16,0.4,4,18,0.99,-45,2,0,p=0.4→16; p=0.6→4,p=0.01→-45; p=0.495→15; p=0.2475→17; p=0.12375→21; p=0.12375→29
3216,2595,True,False,18,21.0,26.75,5.75,B,0.5666666666666668,0.6662122934612391,0.09954562679457235,B,none,False,False,False,21,1.0,21,34,0.75,5,0,0,p=1→21; p=0→21,p=0.25→5; p=0.75→34
3222,2601,True,True,16,4.0,-2.9000000000000004,-6.9,A,0.1125,0.06494983312021035,0.04755016687978965,A,none,False,False,False,4,1.0,4,-2,0.1,-3,0,0,p=1→4; p=0→4,p=0.9→-3; p=0.1→-2
3225,2604,True,False,15,20.0,15.0,-5.0,A,0.2933333333333333,0.3894140358665607,0.09608070253322742,A,none,False,False,False,20,1.0,20,71,0.5,-41,3,0,p=1→20; p=0→20,p=0.5→-41; p=0.25→74; p=0.125→72; p=0.0625→68; p=0.0625→60
3241,2620,True,False,18,12.0,7.25,-4.75,A,0.4,0.2981555078461938,0.1018444921538062,A,none,False,False,False,12,1.0,12,74,0.25,-15,0,0,p=1→12; p=0→12,p=0.75→-15; p=0.25→74
3246,2625,True,False,19,17.400000000000002,21.0,3.599999999999998,B,0.5157894736842106,0.6187742822531045,0.10298480856889392,B,none,True,False,False,57,0.1,13,39,0.4,9,2,0,p=0.1→57; p=0.9→13,p=0.6→9; p=0.2→35; p=0.1→37; p=0.05→41; p=0.025→49; p=0.025→65
3256,2635,True,False,17,-4.1,-4.25,-0.15000000000000036,A,0.7882352941176469,0.6521745067359934,0.1360607873816535,B,none,False,False,False,13,0.05,-5,11,0.75,-50,1,0,p=0.05→13; p=0.95→-5,p=0.25→-50; p=0.00585938→7.5; p=0.0410156→8.5; p=0.123047→9.5; p=0.205078→10.5; p=0.205078→11.5; p=0.123047→12.5; p=0.0410156→13.5; p=0.00585938→14.5
3259,2638,False,False,15,13.25,18.6,5.350000000000001,B,0.5317647058823529,0.4653941464698997,0.06637055941245323,B,none,True,False,False,23,0.75,-16,63,0.4,-11,3,1,p=0.75→23; p=0.25→-16,p=0.6→-11; p=0.2→64; p=0.2→62
3260,2639,False,False,15,11.0,10.2,-0.8000000000000007,A,0.56,0.4016876247362944,0.15831237526370567,B,none,False,False,False,11,1.0,11,11,0.6,9,1,0,p=1→11; p=0→11,p=0.4→9; p=0.075→9.5; p=0.225→10.5; p=0.225→11.5; p=0.075→12.5
3261,2639,True,False,15,11.0,10.2,-0.8000000000000007,A,0.4266666666666667,0.38848830266286094,0.038178364003805754,A,none,False,False,False,11,1.0,11,11,0.6,9,1,0,p=1→11; p=0→11,p=0.4→9; p=0.075→9.5; p=0.225→10.5; p=0.225→11.5; p=0.075→12.5
3269,2646,True,True,17,17.1,12.200000000000001,-4.9,A,0.4470588235294117,0.5986187254307456,0.1515599019013339,A,none,False,False,False,19,0.95,-19,49,0.2,3,0,-1,p=0.95→19; p=0.05→-19,p=0.8→3; p=0.2→49
3279,2656,False,False,16,10.64,15.6,4.959999999999999,B,0.5750000000000001,0.6971623117356013,0.12216231173560121,B,none,False,False,False,74,0.01,10,27,0.05,15,0,0,p=0.01→74; p=0.99→10,p=0.95→15; p=0.05→27
3280,2656,True,False,17,10.64,15.6,4.959999999999999,B,0.9058823529411764,0.7066574088333648,0.19922494410781155,B,none,False,False,False,74,0.01,10,27,0.05,15,0,0,p=0.01→74; p=0.99→10,p=0.95→15; p=0.05→27
3295,2670,True,False,17,-6.0,-1.05,4.95,B,0.8823529411764706,0.8167037647036562,0.06564917647281432,B,none,False,False,False,-6,1.0,-6,-1,0.99,-6,3,0,p=1→-6; p=0→-6,p=0.01→-6; p=0.495→2; p=0.2475→0; p=0.12375→-4; p=0.12375→-12
3305,2678,True,False,17,19.0,17.800000000000004,-1.1999999999999957,A,0.4352941176470588,0.4355480688460787,0.0002539511990199417,A,none,False,False,False,19,1.0,19,79,0.4,-23,1,0,p=1→19; p=0→19,p=0.6→-23; p=0.003125→75.5; p=0.021875→76.5; p=0.065625→77.5; p=0.109375→78.5; p=0.109375→79.5; p=0.065625→80.5; p=0.021875→81.5; p=0.003125→82.5
3306,2679,False,False,15,5.0,8.5,3.5,B,0.44,0.529841766880594,0.08984176688059403,A,none,False,False,False,5,1.0,5,61,0.5,-44,1,0,p=1→5; p=0→5,p=0.5→-44; p=0.00390625→57.5; p=0.0273438→58.5; p=0.0820312→59.5; p=0.136719→60.5; p=0.136719→61.5; p=0.0820312→62.5; p=0.0273438→63.5; p=0.00390625→64.5
3307,2679,True,False,15,5.0,8.5,3.5,B,0.6533333333333334,0.5527029548289133,0.10063037850442014,B,none,False,False,False,5,1.0,5,61,0.5,-44,1,0,p=1→5; p=0→5,p=0.5→-44; p=0.00390625→57.5; p=0.0273438→58.5; p=0.0820312→59.5; p=0.136719→60.5; p=0.136719→61.5; p=0.0820312→62.5; p=0.0273438→63.5; p=0.00390625→64.5
3312,2682,False,False,15,24.0,24.8,0.8000000000000007,B,0.44,0.5903152302872493,0.1503152302872493,A,none,False,False,False,40,0.8,-40,29,0.9,-13,1,0,p=0.8→40; p=0.2→-40,p=0.1→-13; p=0.45→28.5; p=0.45→29.5
3313,2682,True,False,16,24.0,24.8,0.8000000000000007,B,0.5499999999999999,0.5858496551316018,0.035849655131601876,B,none,True,False,False,40,0.8,-40,29,0.9,-13,1,0,p=0.8→40; p=0.2→-40,p=0.1→-13; p=0.45→28.5; p=0.45→29.5
3317,2686,True,False,17,3.4,-0.69,-4.09,A,0.1176470588235294,0.22180247975765127,0.10415542093412188,A,none,False,False,False,43,0.01,3,30,0.01,-1,0,0,p=0.01→43; p=0.99→3,p=0.99→-1; p=0.01→30
3321,2690,True,False,16,12.0,17.599999999999998,5.599999999999998,B,0.45,0.4432829446316221,0.006717055368377911,A,none,True,False,False,12,1.0,12,58,0.6,-43,0,0,p=1→12; p=0→12,p=0.4→-43; p=0.6→58
3342,2709,False,False,15,26.0,31.6,5.600000000000001,B,0.6,0.6553327349457415,0.055332734945741535,B,none,False,False,False,40,0.6,5,37,0.8,10,2,0,p=0.6→40; p=0.4→5,p=0.2→10; p=0.4→34; p=0.2→36; p=0.1→40; p=0.1→48
3343,2709,True,False,16,26.0,31.6,5.600000000000001,B,0.5375000000000001,0.6720029290696273,0.13450292906962724,B,none,True,False,False,40,0.6,5,37,0.8,10,2,0,p=0.6→40; p=0.4→5,p=0.2→10; p=0.4→34; p=0.2→36; p=0.1→40; p=0.1→48
3347,2713,True,False,16,26.0,22.2,-3.8000000000000007,A,0.175,0.18662191361732042,0.011621913617320428,A,none,False,False,False,26,1.0,26,26,0.05,22,3,0,p=1→26; p=0→26,p=0.95→22; p=0.025→27; p=0.025→25
3362,2728,True,True,15,22.0,24.0,2.0,B,0.32,0.3758850357998152,0.055885035799815186,A,none,False,False,False,22,1.0,22,44,0.75,-36,0,0,p=1→22; p=0→22,p=0.25→-36; p=0.75→44
3363,2729,False,False,15,24.0,28.6,4.600000000000001,B,0.5466666666666666,0.5768177427564145,0.030151076089747875,B,none,True,False,False,24,1.0,24,58,0.4,9,1,0,p=1→24; p=0→24,p=0.6→9; p=0.003125→54.5; p=0.021875→55.5; p=0.065625→56.5; p=0.109375→57.5; p=0.109375→58.5; p=0.065625→59.5; p=0.021875→60.5; p=0.003125→61.5
3364,2729,True,False,15,24.0,28.6,4.600000000000001,B,0.52,0.5823713225841726,0.06237132258417255,B,none,True,False,False,24,1.0,24,58,0.4,9,1,0,p=1→24; p=0→24,p=0.6→9; p=0.003125→54.5; p=0.021875→55.5; p=0.065625→56.5; p=0.109375→57.5; p=0.109375→58.5; p=0.065625→59.5; p=0.021875→60.5; p=0.003125→61.5
3366,2731,False,False,16,-7.0,-12.6,-5.6,A,0.1875,0.17228744839683124,0.015212551603168756,A,none,False,False,False,-7,1.0,-7,-11,0.9,-27,1,0,p=1→-7; p=0→-7,p=0.1→-27; p=0.45→-11.5; p=0.45→-10.5
3368,2733,False,True,16,-6.0,-5.789999999999999,0.21000000000000085,B,0.9125,0.8149434352742553,0.0975565647257447,B,none,False,False,False,-6,1.0,-6,15,0.01,-6,1,0,p=1→-6; p=0→-6,p=0.99→-6; p=0.00125→13.5; p=0.00375→14.5; p=0.00375→15.5; p=0.00125→16.5
3370,2735,True,False,16,-6.799999999999999,-4.1,2.6999999999999993,B,0.4375000000000001,0.5428354013742446,0.10533540137424446,A,none,False,False,False,28,0.4,-30,4,0.1,-5,3,0,p=0.4→28; p=0.6→-30,p=0.9→-5; p=0.05→7; p=0.025→5; p=0.0125→1; p=0.0125→-7
3374,2738,True,False,16,3.0,-1.5,-4.5,A,0.05,0.06675694557935574,0.01675694557935574,A,none,False,False,False,3,1.0,3,-1,0.5,-2,0,0,p=1→3; p=0→3,p=0.5→-2; p=0.5→-1
3375,2739,True,True,16,24.25,24.0,-0.25,A,0.425,0.5233988968345403,0.09839889683454034,A,none,False,False,False,86,0.05,21,24,1.0,24,1,0,p=0.05→86; p=0.95→21,p=0.03125→21.5; p=0.15625→22.5; p=0.3125→23.5; p=0.3125→24.5; p=0.15625→25.5; p=0.03125→26.5
3376,2740,False,False,16,-6.0,-7.749999999999999,-1.7499999999999991,A,0.6249999999999999,0.5465636713569134,0.07843632864308647,B,none,False,False,False,-6,1.0,-6,92,0.05,-13,1,0,p=1→-6; p=0→-6,p=0.95→-13; p=0.0015625→89.5; p=0.0078125→90.5; p=0.015625→91.5; p=0.015625→92.5; p=0.0078125→93.5; p=0.0015625→94.5
3381,2744,True,False,16,1.6000000000000023,-9.700000000000001,-11.300000000000004,A,0.2500000000000001,0.1751293209552767,0.07487067904472341,A,none,False,False,False,11,0.8,-36,-8,0.95,-42,0,0,p=0.8→11; p=0.2→-36,p=0.05→-42; p=0.95→-8
3391,2753,True,False,16,14.0,19.599999999999998,5.599999999999998,B,0.7125,0.5525060626522975,0.1599939373477025,B,none,False,False,False,14,1.0,14,34,0.6,-2,0,0,p=1→14; p=0→14,p=0.4→-2; p=0.6→34
3404,2764,False,False,15,-9.0,-0.39,8.61,B,0.8933333333333332,0.8759195703524035,0.01741376298092967,B,none,False,False,False,-9,1.0,-9,60,0.01,-1,0,0,p=1→-9; p=0→-9,p=0.99→-1; p=0.01→60
3405,2764,True,False,16,-9.0,-0.39,8.61,B,0.9,0.897085718964999,0.0029142810350010206,B,none,False,False,False,-9,1.0,-9,60,0.01,-1,0,0,p=1→-9; p=0→-9,p=0.99→-1; p=0.01→60
3437,2792,True,False,17,18.0,13.7,-4.300000000000001,A,0.30588235294117644,0.34782693838410916,0.041944585442932725,A,none,False,False,False,18,1.0,18,56,0.1,9,0,0,p=1→18; p=0→18,p=0.9→9; p=0.1→56
3453,2807,False,False,16,-10.0,-11.0,-1.0,A,0.4,0.3673621439519445,0.032637856048055525,A,none,False,False,False,1,0.5,-21,-1,0.6,-26,1,0,p=0.5→1; p=0.5→-21,p=0.4→-26; p=0.01875→-3.5; p=0.09375→-2.5; p=0.1875→-1.5; p=0.1875→-0.5; p=0.09375→0.5; p=0.01875→1.5
3455,2809,True,False,16,-8.0,-7.75,0.25,B,0.525,0.3977937266570023,0.12720627334299772,B,none,True,False,False,4,0.75,-44,-3,0.05,-8,0,0,p=0.75→4; p=0.25→-44,p=0.95→-8; p=0.05→-3
3473,2827,True,False,16,-10.0,-18.2,-8.2,A,0.1875,0.17074318356664736,0.01675681643335264,A,none,False,False,False,-7,0.5,-13,-11,0.4,-23,0,0,p=0.5→-7; p=0.5→-13,p=0.6→-23; p=0.4→-11
3496,2845,False,False,16,17.0,15.25,-1.75,A,0.3375,0.3887423888172957,0.0512423888172957,A,none,False,False,False,17,1.0,17,103,0.25,-14,2,0,p=1→17; p=0→17,p=0.75→-14; p=0.125→98; p=0.0625→100; p=0.03125→104; p=0.015625→112; p=0.0078125→128; p=0.0078125→160
3497,2845,True,False,17,17.0,15.25,-1.75,A,0.15294117647058825,0.3924986876171311,0.23955751114654283,A,none,False,False,False,17,1.0,17,103,0.25,-14,2,0,p=1→17; p=0→17,p=0.75→-14; p=0.125→98; p=0.0625→100; p=0.03125→104; p=0.015625→112; p=0.0078125→128; p=0.0078125→160
3498,2846,False,False,16,27.0,24.75,-2.25,A,0.35000000000000003,0.42546487848580844,0.0754648784858084,A,none,False,False,False,42,0.4,17,25,0.75,24,1,0,p=0.4→42; p=0.6→17,p=0.25→24; p=0.09375→23.5; p=0.28125→24.5; p=0.28125→25.5; p=0.09375→26.5
3499,2846,True,False,17,27.0,24.75,-2.25,A,0.4470588235294117,0.39748601704161535,0.04957280648779633,A,none,False,False,False,42,0.4,17,25,0.75,24,1,0,p=0.4→42; p=0.6→17,p=0.25→24; p=0.09375→23.5; p=0.28125→24.5; p=0.28125→25.5; p=0.09375→26.5
3509,2852,True,False,32,28.200000000000003,23.65,-4.550000000000004,A,0.54375,0.39848650802027413,0.14526349197972582,B,none,True,False,False,33,0.8,9,74,0.05,21,3,0,p=0.8→33; p=0.2→9,p=0.95→21; p=0.025→77; p=0.0125→75; p=0.00625→71; p=0.00625→63
3515,2856,False,False,16,5.0,-0.24999999999999956,-5.25,A,0.3625,0.3220695076194611,0.04043049238053886,A,none,False,False,False,5,1.0,5,52,0.05,-3,1,0,p=1→5; p=0→5,p=0.95→-3; p=0.00625→50.5; p=0.01875→51.5; p=0.01875→52.5; p=0.00625→53.5
3516,2856,True,False,15,5.0,-0.24999999999999956,-5.25,A,0.36000000000000004,0.3173717487688979,0.04262825123110214,A,none,False,False,False,5,1.0,5,52,0.05,-3,1,0,p=1→5; p=0→5,p=0.95→-3; p=0.00625→50.5; p=0.01875→51.5; p=0.01875→52.5; p=0.00625→53.5
3528,2867,True,False,15,12.0,10.000000000000002,-1.9999999999999982,A,0.5599999999999999,0.4770559826995425,0.08294401730045742,B,none,False,False,False,12,1.0,12,20,0.8,-30,1,0,p=1→12; p=0→12,p=0.2→-30; p=0.4→19.5; p=0.4→20.5
3529,2868,True,False,15,14.0,14.809999999999999,0.8099999999999987,B,0.5199999999999999,0.5473095878243194,0.02730958782431947,B,none,True,False,False,14,1.0,14,15,0.99,-4,2,0,p=1→14; p=0→14,p=0.01→-4; p=0.495→13; p=0.2475→15; p=0.2475→19
3530,2869,True,False,15,10.0,10.600000000000001,0.6000000000000014,B,0.7066666666666667,0.5203869926871681,0.18627967397949852,B,none,False,False,False,10,1.0,10,53,0.2,0,1,0,p=1→10; p=0→10,p=0.8→0; p=0.00625→50.5; p=0.03125→51.5; p=0.0625→52.5; p=0.0625→53.5; p=0.03125→54.5; p=0.00625→55.5
3531,2870,True,False,15,16.0,14.04,-1.9600000000000009,A,0.5753846153846155,0.39863317694192707,0.17675143844268842,B,none,False,False,False,27,0.5,5,18,0.01,14,0,0,p=0.5→27; p=0.5→5,p=0.99→14; p=0.01→18
3558,2893,True,False,15,25.799999999999997,32.800000000000004,7.000000000000007,B,0.4800000000000001,0.6920483924116215,0.21204839241162143,A,none,True,False,False,79,0.05,23,56,0.2,27,0,1,p=0.05→79; p=0.95→23,p=0.8→27; p=0.2→56
3562,2897,True,False,15,26.0,25.200000000000003,-0.7999999999999972,A,0.4666666666666667,0.47456639391536837,0.007899727248701693,A,none,True,False,False,46,0.5,6,81,0.1,19,0,0,p=0.5→46; p=0.5→6,p=0.9→19; p=0.1→81
3581,2914,True,False,17,7.800000000000002,15.95,8.149999999999999,B,0.7764705882352941,0.7681708911393921,0.008299697095902059,B,none,False,False,False,24,0.4,-3,16,0.99,11,0,0,p=0.4→24; p=0.6→-3,p=0.01→11; p=0.99→16
3593,2926,True,True,17,1.8000000000000025,-2.200000000000001,-4.0000000000000036,A,0.4882352941176471,0.37828482172701006,0.10995047239063704,A,none,True,False,False,39,0.4,-23,17,0.6,-31,0,0,p=0.4→39; p=0.6→-23,p=0.4→-31; p=0.6→17
3599,2932,False,False,15,12.0,8.6,-3.4000000000000004,A,0.6266666666666666,0.5758421740693007,0.05082449259736588,B,none,False,False,False,48,0.5,-24,10,0.8,3,3,0,p=0.5→48; p=0.5→-24,p=0.2→3; p=0.4→11; p=0.4→9
3600,2932,True,False,16,12.0,8.6,-3.4000000000000004,A,0.4,0.5513942281520628,0.15139422815206283,A,none,False,False,False,48,0.5,-24,10,0.8,3,3,0,p=0.5→48; p=0.5→-24,p=0.2→3; p=0.4→11; p=0.4→9
3604,2935,False,False,15,7.75,13.5,5.75,B,0.5733333333333334,0.444954002199977,0.12837933113335637,B,none,False,False,False,20,0.75,-29,68,0.5,-41,0,0,p=0.75→20; p=0.25→-29,p=0.5→-41; p=0.5→68
3605,2935,True,False,32,7.75,13.5,5.75,B,0.53125,0.4723345199106121,0.058915480089387906,B,none,True,False,False,20,0.75,-29,68,0.5,-41,0,0,p=0.75→20; p=0.25→-29,p=0.5→-41; p=0.5→68
3632,2955,True,False,19,23.0,19.5,-3.5,A,0.6000000000000001,0.5275691369019166,0.07243086309808344,B,none,False,False,False,23,1.0,23,86,0.05,16,2,0,p=1→23; p=0→23,p=0.95→16; p=0.025→81; p=0.0125→83; p=0.00625→87; p=0.003125→95; p=0.0015625→111; p=0.0015625→143
3648,2966,False,False,31,-2.0,-4.25,-2.25,A,0.567741935483871,0.5685557393948628,0.0008138039109918394,B,none,False,False,False,-2,1.0,-2,1,0.75,-20,2,0,p=1→-2; p=0→-2,p=0.25→-20; p=0.375→-6; p=0.1875→-4; p=0.09375→0; p=0.046875→8; p=0.0234375→24; p=0.0117188→56; p=0.00585938→120; p=0.00585938→248
3649,2966,True,False,16,-2.0,-4.25,-2.25,A,0.65,0.5462269798257118,0.10377302017428824,B,none,False,False,False,-2,1.0,-2,1,0.75,-20,2,0,p=1→-2; p=0→-2,p=0.25→-20; p=0.375→-6; p=0.1875→-4; p=0.09375→0; p=0.046875→8; p=0.0234375→24; p=0.0117188→56; p=0.00585938→120; p=0.00585938→248
3653,2969,False,True,16,29.0,30.700000000000003,1.7000000000000028,B,0.7875,0.7781063646258828,0.009393635374117193,B,none,False,False,False,29,1.0,29,46,0.1,29,3,0,p=1→29; p=0→29,p=0.9→29; p=0.05→47; p=0.05→45
3654,2969,True,True,16,29.0,30.700000000000003,1.7000000000000028,B,0.775,0.8009268705977093,0.02592687059770926,B,none,False,False,False,29,1.0,29,46,0.1,29,3,0,p=1→29; p=0→29,p=0.9→29; p=0.05→47; p=0.05→45
3655,2970,False,False,16,-2.0,-4.0,-2.0,A,0.375,0.5487905512631002,0.17379055126310017,A,none,False,False,False,-2,1.0,-2,23,0.25,-13,0,0,p=1→-2; p=0→-2,p=0.75→-13; p=0.25→23
3681,2991,True,False,15,10.75,11.0,0.25,B,0.5333333333333333,0.48194113328202803,0.05139220005130529,B,none,True,False,False,22,0.25,7,11,1.0,11,1,0,p=0.25→22; p=0.75→7,p=0.5→10.5; p=0.5→11.5
3698,3008,True,False,20,-3.2,-3.0,0.20000000000000018,B,0.22000000000000008,0.3708703519167308,0.1508703519167307,A,none,False,False,False,20,0.2,-9,-3,1.0,-3,0,0,p=0.2→20; p=0.8→-9,p=1→-3
3705,3015,True,False,16,1.0,2.6,1.6,B,0.375,0.5610588734168076,0.1860588734168076,A,none,False,False,False,1,1.0,1,62,0.1,-4,1,0,p=1→1; p=0→1,p=0.9→-4; p=0.00078125→58.5; p=0.00546875→59.5; p=0.0164063→60.5; p=0.0273438→61.5; p=0.0273438→62.5; p=0.0164063→63.5; p=0.00546875→64.5; p=0.00078125→65.5
3711,3020,True,False,16,-1.0,4.0,5.0,B,0.7625000000000001,0.7521256752198536,0.010374324780146438,B,none,False,False,False,-1,1.0,-1,32,0.2,-3,1,0,p=1→-1; p=0→-1,p=0.8→-3; p=0.00625→29.5; p=0.03125→30.5; p=0.0625→31.5; p=0.0625→32.5; p=0.03125→33.5; p=0.00625→34.5
3713,3022,False,True,16,27.0,42.0,15.0,B,0.5284090909090909,0.40938150986146077,0.11902758104763017,B,none,True,False,False,27,1.0,27,85,0.5,-1,0,0,p=1→27; p=0→27,p=0.5→-1; p=0.5→85
3714,3022,True,True,16,27.0,42.0,15.0,B,0.4375,0.48057450786569933,0.04307450786569933,A,none,False,False,False,27,1.0,27,85,0.5,-1,0,0,p=1→27; p=0→27,p=0.5→-1; p=0.5→85
3720,3028,True,False,16,16.0,23.0,7.0,B,0.575,0.7362726329020834,0.1612726329020835,B,none,False,False,False,16,1.0,16,38,0.4,13,0,0,p=1→16; p=0→16,p=0.6→13; p=0.4→38
3724,3032,True,True,16,19.0,19.0,0.0,tie,0.7500000000000001,0.63436243307943,0.11563756692057015,B,none,False,False,False,31,0.75,-17,35,0.5,3,0,1,p=0.75→31; p=0.25→-17,p=0.5→3; p=0.5→35
3727,3035,True,False,16,-4.0,-6.0,-2.0,A,0.375,0.48016074593783037,0.10516074593783037,A,none,False,False,False,-4,1.0,-4,-3,0.4,-8,3,0,p=1→-4; p=0→-4,p=0.6→-8; p=0.2→1; p=0.1→-1; p=0.05→-5; p=0.025→-13; p=0.025→-29
3733,3041,True,False,17,2.0,5.199999999999999,3.1999999999999993,B,0.6,0.6052591962484473,0.005259196248447284,B,none,False,False,False,2,1.0,2,32,0.6,-35,1,0,p=1→2; p=0→2,p=0.4→-35; p=0.01875→29.5; p=0.09375→30.5; p=0.1875→31.5; p=0.1875→32.5; p=0.09375→33.5; p=0.01875→34.5
3742,3049,True,False,19,10.0,17.72,7.719999999999999,B,0.7157894736842105,0.7110585754922196,0.0047308981919909066,B,none,False,False,False,10,1.0,10,18,0.99,-10,1,0,p=1→10; p=0→10,p=0.01→-10; p=0.12375→16.5; p=0.37125→17.5; p=0.37125→18.5; p=0.12375→19.5
3777,3074,False,False,16,23.25,27.0,3.75,B,0.7875000000000002,0.6049205531085634,0.1825794468914368,B,none,False,False,False,48,0.01,23,31,0.6,21,1,-1,p=0.01→48; p=0.99→23,p=0.4→21; p=0.3→30.5; p=0.3→31.5
3805,3096,True,False,16,23.700000000000003,20.0,-3.700000000000003,A,0.4375,0.2814611315959579,0.15603886840404207,A,none,False,False,False,26,0.9,3,26,0.25,18,0,1,p=0.9→26; p=0.1→3,p=0.75→18; p=0.25→26
3814,3103,True,False,18,-5.0,-8.4,-3.4000000000000004,A,0.4888888888888889,0.46605026082789797,0.022838628060990906,A,none,True,False,False,-5,1.0,-5,33,0.1,-13,0,0,p=1→-5; p=0→-5,p=0.9→-13; p=0.1→33
3815,3104,True,True,16,3.0,-2.0,-5.0,A,0.45,0.38459408505483317,0.06540591494516684,A,none,True,False,False,3,1.0,3,25,0.5,-29,0,0,p=1→3; p=0→3,p=0.5→-29; p=0.5→25
3820,3108,False,False,17,22.0,34.0,12.0,B,0.7279411764705882,0.5917048931084569,0.13623628336213134,B,none,False,False,False,22,1.0,22,60,0.5,8,0,0,p=1→22; p=0→22,p=0.5→8; p=0.5→60
3821,3108,True,False,16,22.0,34.0,12.0,B,0.7375000000000002,0.6017658166314124,0.13573418336858778,B,none,False,False,False,22,1.0,22,60,0.5,8,0,0,p=1→22; p=0→22,p=0.5→8; p=0.5→60
3828,3115,True,False,17,9.649999999999999,11.5,1.8500000000000014,B,0.25882352941176473,0.37834177359840454,0.11951824418663981,A,none,False,False,False,60,0.05,7,55,0.25,-3,2,0,p=0.05→60; p=0.95→7,p=0.75→-3; p=0.125→52; p=0.0625→54; p=0.03125→58; p=0.03125→66
3830,3117,False,False,16,23.0,20.4,-2.6000000000000014,A,0.3625,0.35762037109325784,0.0048796289067421506,A,none,False,False,False,23,1.0,23,56,0.6,-33,0,0,p=1→23; p=0→23,p=0.4→-33; p=0.6→56
3831,3117,True,False,16,23.0,20.4,-2.6000000000000014,A,0.3375,0.36672874065667477,0.029228740656674745,A,none,False,False,False,23,1.0,23,56,0.6,-33,0,0,p=1→23; p=0→23,p=0.4→-33; p=0.6→56
3847,3130,False,False,17,26.25,26.0,-0.25,A,0.4823529411764706,0.37526102151042834,0.10709191966604226,A,none,True,False,False,29,0.75,18,26,1.0,26,0,0,p=0.75→29; p=0.25→18,p=1→26
3848,3130,True,False,16,26.25,26.0,-0.25,A,0.4625000000000001,0.3655188842050562,0.0969811157949439,A,none,True,False,False,29,0.75,18,26,1.0,26,0,0,p=0.75→29; p=0.25→18,p=1→26
3860,3139,True,False,17,13.0,16.5,3.5,B,0.8470588235294118,0.7934837666352736,0.05357505689413811,B,none,False,False,False,15,0.75,7,17,0.5,16,1,0,p=0.75→15; p=0.25→7,p=0.5→16; p=0.00390625→13.5; p=0.0273438→14.5; p=0.0820312→15.5; p=0.136719→16.5; p=0.136719→17.5; p=0.0820312→18.5; p=0.0273438→19.5; p=0.00390625→20.5
3861,3140,True,False,16,2.0,-0.25,-2.25,A,0.3625,0.32581200471058575,0.036687995289414244,A,none,False,False,False,2,1.0,2,1,0.75,-4,1,0,p=1→2; p=0→2,p=0.25→-4; p=0.00585938→-2.5; p=0.0410156→-1.5; p=0.123047→-0.5; p=0.205078→0.5; p=0.205078→1.5; p=0.123047→2.5; p=0.0410156→3.5; p=0.00585938→4.5
3876,3153,True,False,16,-5.0,-12.55,-7.550000000000001,A,0.15,0.12193168331369905,0.028068316686300943,A,none,False,False,False,-5,1.0,-5,-11,0.95,-42,0,0,p=1→-5; p=0→-5,p=0.05→-42; p=0.95→-11
3887,3161,True,False,18,3.7,9.0,5.3,B,0.7111111111111112,0.5805663690791029,0.1305447420320084,B,none,False,False,False,10,0.1,3,15,0.75,-9,3,0,p=0.1→10; p=0.9→3,p=0.25→-9; p=0.375→18; p=0.1875→16; p=0.09375→12; p=0.09375→4
3891,3165,False,False,15,30.0,30.1,0.10000000000000142,B,0.3733333333333333,0.45390499124694217,0.08057165791360887,A,none,False,False,False,30,1.0,30,31,0.95,13,0,0,p=1→30; p=0→30,p=0.05→13; p=0.95→31
3892,3165,True,False,15,30.0,30.1,0.10000000000000142,B,0.3200000000000001,0.4848292010678498,0.1648292010678497,A,none,False,False,False,30,1.0,30,31,0.95,13,0,0,p=1→30; p=0→30,p=0.05→13; p=0.95→31
3893,3166,False,False,16,-5.0,-12.75,-7.75,A,0.11250000000000004,0.18085455879222465,0.0683545587922246,A,none,False,False,False,-5,1.0,-5,-10,0.75,-21,2,0,p=1→-5; p=0→-5,p=0.25→-21; p=0.375→-11; p=0.375→-9
3903,3174,True,False,16,30.0,30.0,0.0,tie,0.4375000000000001,0.4527150386026831,0.015215038602682973,A,none,False,False,False,30,1.0,30,47,0.75,-21,1,0,p=1→30; p=0→30,p=0.25→-21; p=0.375→46.5; p=0.375→47.5
3910,3180,True,True,16,-6.0,-11.5,-5.5,A,0.65,0.43296593411401463,0.2170340658859854,B,strong_ev_a_humans_favor_b,False,False,True,29,0.5,-41,29,0.25,-25,0,1,p=0.5→29; p=0.5→-41,p=0.75→-25; p=0.25→29
3926,3194,True,False,18,-8.75,-9.0,-0.25,A,0.3888888888888889,0.3784132654492477,0.010475623439641202,A,none,False,False,False,4,0.25,-13,-9,1.0,-9,0,0,p=0.25→4; p=0.75→-13,p=1→-9
3931,3199,True,True,16,-3.2,4.200000000000003,7.400000000000003,B,0.6875,0.7126348405257923,0.02513484052579229,B,none,False,False,False,-3,0.8,-4,51,0.4,-27,1,0,p=0.8→-3; p=0.2→-4,p=0.6→-27; p=0.05→49.5; p=0.15→50.5; p=0.15→51.5; p=0.05→52.5
3938,3205,True,False,16,3.1999999999999993,-0.6499999999999999,-3.849999999999999,A,0.485576923076923,0.31206518639129516,0.17351173668562786,A,none,True,False,False,12,0.6,-10,34,0.01,-1,0,0,p=0.6→12; p=0.4→-10,p=0.99→-1; p=0.01→34
3943,3210,True,False,16,12.0,14.000000000000004,2.0000000000000036,B,0.5499999999999999,0.4249882099626848,0.1250117900373151,B,none,True,False,False,12,1.0,12,104,0.4,-46,1,0,p=1→12; p=0→12,p=0.6→-46; p=0.2→103.5; p=0.2→104.5
3944,3211,False,False,15,-8.0,-8.0,0.0,tie,0.5733333333333335,0.5642153547212706,0.009117978612062871,B,none,False,False,False,-8,1.0,-8,-8,1.0,-8,3,0,p=1→-8; p=0→-8,p=0.5→-5; p=0.25→-7; p=0.125→-11; p=0.125→-19
3945,3211,True,False,15,-8.0,-8.0,0.0,tie,0.6799999999999999,0.5721578682180071,0.10784213178199287,B,none,False,False,False,-8,1.0,-8,-8,1.0,-8,3,0,p=1→-8; p=0→-8,p=0.5→-5; p=0.25→-7; p=0.125→-11; p=0.125→-19
3946,3212,True,False,16,-2.8,-5.260000000000001,-2.460000000000001,A,0.25,0.2789251886675371,0.028925188667537127,A,none,False,False,False,14,0.4,-14,-5,0.99,-31,0,0,p=0.4→14; p=0.6→-14,p=0.01→-31; p=0.99→-5
3953,3219,True,False,19,25.0,17.75,-7.25,A,0.37894736842105264,0.4348303355562998,0.05588296713524715,A,none,False,False,False,25,1.0,25,33,0.75,-28,1,0,p=1→25; p=0→25,p=0.25→-28; p=0.0234375→30.5; p=0.117188→31.5; p=0.234375→32.5; p=0.234375→33.5; p=0.117188→34.5; p=0.0234375→35.5
3955,3221,True,False,16,7.0,12.299999999999999,5.299999999999999,B,0.85,0.7426956000390109,0.10730439996098906,B,none,False,False,False,79,0.25,-17,18,0.05,12,1,0,p=0.25→79; p=0.75→-17,p=0.95→12; p=0.000390625→14.5; p=0.00273438→15.5; p=0.00820313→16.5; p=0.0136719→17.5; p=0.0136719→18.5; p=0.00820313→19.5; p=0.00273438→20.5; p=0.000390625→21.5
3966,3231,False,False,16,-3.0,-10.0,-7.0,A,0.6,0.5503809367111999,0.04961906328880006,B,strong_ev_a_humans_favor_b,False,True,False,-3,1.0,-3,71,0.25,-37,3,0,p=1→-3; p=0→-3,p=0.75→-37; p=0.125→74; p=0.0625→72; p=0.03125→68; p=0.03125→60
3967,3231,True,False,16,-3.0,-10.0,-7.0,A,0.35000000000000003,0.5245995178864596,0.1745995178864596,A,none,False,False,False,-3,1.0,-3,71,0.25,-37,3,0,p=1→-3; p=0→-3,p=0.75→-37; p=0.125→74; p=0.0625→72; p=0.03125→68; p=0.03125→60
3970,3234,True,False,18,25.25,23.8,-1.4499999999999993,A,0.2333333333333333,0.3953156337887849,0.16198230045545162,A,none,False,False,False,44,0.25,19,61,0.4,-1,1,0,p=0.25→44; p=0.75→19,p=0.6→-1; p=0.003125→57.5; p=0.021875→58.5; p=0.065625→59.5; p=0.109375→60.5; p=0.109375→61.5; p=0.065625→62.5; p=0.021875→63.5; p=0.003125→64.5
3984,3246,False,False,16,28.0,29.500000000000004,1.5000000000000036,B,0.425,0.5287264710612563,0.10372647106125626,A,none,False,False,False,28,1.0,28,106,0.1,21,0,0,p=1→28; p=0→28,p=0.9→21; p=0.1→106
3985,3246,True,False,16,28.0,29.500000000000004,1.5000000000000036,B,0.6499999999999999,0.5361130153841515,0.11388698461584845,B,none,False,False,False,28,1.0,28,106,0.1,21,0,0,p=1→28; p=0→28,p=0.9→21; p=0.1→106
3995,3255,True,False,16,20.0,18.0,-2.0,A,0.325,0.38309733390148587,0.05809733390148586,A,none,False,False,False,20,1.0,20,78,0.25,-2,1,0,p=1→20; p=0→20,p=0.75→-2; p=0.03125→76.5; p=0.09375→77.5; p=0.09375→78.5; p=0.03125→79.5
3996,3256,True,True,16,24.25,17.200000000000003,-7.049999999999997,A,0.3500000000000001,0.6424841006415687,0.2924841006415686,A,none,False,False,False,26,0.95,-9,74,0.2,3,1,0,p=0.95→26; p=0.05→-9,p=0.8→3; p=0.00625→71.5; p=0.03125→72.5; p=0.0625→73.5; p=0.0625→74.5; p=0.03125→75.5; p=0.00625→76.5
4006,3264,True,False,33,17.0,15.25,-1.75,A,0.5878787878787878,0.5092440760630822,0.07863471181570558,B,none,False,False,False,17,1.0,17,31,0.25,10,2,0,p=1→17; p=0→17,p=0.75→10; p=0.125→28; p=0.0625→30; p=0.03125→34; p=0.03125→42
4017,3274,True,False,16,-8.0,-14.400000000000002,-6.400000000000002,A,0.3250000000000001,0.3185907214156936,0.00640927858430651,A,none,False,False,False,12,0.5,-28,45,0.1,-21,0,0,p=0.5→12; p=0.5→-28,p=0.9→-21; p=0.1→45
4018,3275,True,False,16,-3.0,-2.0,1.0,B,0.8125,0.7270861408371097,0.08541385916289035,B,none,False,False,False,-3,1.0,-3,27,0.5,-31,1,0,p=1→-3; p=0→-3,p=0.5→-31; p=0.00390625→23.5; p=0.0273438→24.5; p=0.0820312→25.5; p=0.136719→26.5; p=0.136719→27.5; p=0.0820312→28.5; p=0.0273438→29.5; p=0.00390625→30.5
4036,3288,True,False,19,16.0,25.09,9.09,B,0.831578947368421,0.8476320422037226,0.016053094835301596,B,none,False,False,False,16,1.0,16,34,0.01,25,1,0,p=1→16; p=0→16,p=0.99→25; p=0.0003125→31.5; p=0.0015625→32.5; p=0.003125→33.5; p=0.003125→34.5; p=0.0015625→35.5; p=0.0003125→36.5
4042,3292,False,False,16,23.0,17.099999999999998,-5.900000000000002,A,0.1,0.1950765296136965,0.0950765296136965,A,none,False,False,False,23,1.0,23,18,0.95,0,1,0,p=1→23; p=0→23,p=0.05→0; p=0.11875→16.5; p=0.35625→17.5; p=0.35625→18.5; p=0.11875→19.5
4050,3299,True,False,16,20.0,18.0,-2.0,A,0.3875,0.4171374846998684,0.029637484699868377,A,none,False,False,False,20,1.0,20,24,0.75,0,0,0,p=1→20; p=0→20,p=0.25→0; p=0.75→24
4054,3303,True,True,18,23.6,18.6,-5.0,A,0.2888888888888889,0.28892283573222644,3.394684333751785e-05,A,none,False,False,False,66,0.2,13,21,0.9,-3,2,0,p=0.2→66; p=0.8→13,p=0.1→-3; p=0.45→20; p=0.45→22
4059,3308,True,False,17,26.0,24.25,-1.75,A,0.5882352941176471,0.4220019386077323,0.1662333555099148,B,none,False,False,False,26,1.0,26,70,0.25,9,3,0,p=1→26; p=0→26,p=0.75→9; p=0.125→73; p=0.0625→71; p=0.03125→67; p=0.03125→59
4075,3324,False,False,15,17.0,13.0,-4.0,A,0.4133333333333333,0.3347850912287775,0.0785482421045558,A,none,False,False,False,17,1.0,17,61,0.25,-3,0,0,p=1→17; p=0→17,p=0.75→-3; p=0.25→61
4079,3328,False,False,15,9.0,5.200000000000001,-3.799999999999999,A,0.6133333333333334,0.6233164462152891,0.009983112881955747,B,none,False,False,False,39,0.25,-1,14,0.2,3,3,0,p=0.25→39; p=0.75→-1,p=0.8→3; p=0.1→16; p=0.05→14; p=0.05→10
4082,3331,True,False,15,-10.0,-15.999999999999998,-5.999999999999998,A,0.4400000000000001,0.48380362620711315,0.04380362620711303,A,none,False,False,False,-10,1.0,-10,22,0.05,-18,0,0,p=1→-10; p=0→-10,p=0.95→-18; p=0.05→22
4085,3334,True,True,18,18.0,12.02,-5.98,A,0.06666666666666668,0.14710748320870284,0.08044081654203616,A,none,False,False,False,18,1.0,18,14,0.01,12,0,0,p=1→18; p=0→18,p=0.99→12; p=0.01→14
4101,3347,True,False,17,7.0,10.15,3.1500000000000004,B,0.8705882352941177,0.8782274231993286,0.007639187905210898,B,none,False,False,False,7,1.0,7,13,0.05,10,1,0,p=1→7; p=0→7,p=0.95→10; p=0.000390625→9.5; p=0.00273438→10.5; p=0.00820313→11.5; p=0.0136719→12.5; p=0.0136719→13.5; p=0.00820313→14.5; p=0.00273438→15.5; p=0.000390625→16.5
4140,3378,False,False,17,-8.25,-19.8,-11.55,A,0.07058823529411766,0.18204462365042054,0.11145638835630288,A,none,False,False,False,-6,0.75,-15,-15,0.6,-27,0,0,p=0.75→-6; p=0.25→-15,p=0.4→-27; p=0.6→-15
4141,3378,True,False,15,-8.25,-19.8,-11.55,A,0.10666666666666667,0.14853775938743166,0.04187109272076499,A,none,False,False,False,-6,0.75,-15,-15,0.6,-27,0,0,p=0.75→-6; p=0.25→-15,p=0.4→-27; p=0.6→-15
4145,3381,True,False,16,20.0,21.0,1.0,B,0.4625,0.6084705645406344,0.1459705645406344,A,none,True,False,False,20,1.0,20,24,0.4,19,0,0,p=1→20; p=0→20,p=0.6→19; p=0.4→24
4149,3384,False,False,15,10.1,16.0,5.9,B,0.36000000000000004,0.5499303956524568,0.18993039565245678,A,strong_ev_b_humans_favor_a,False,False,True,11,0.9,2,24,0.75,-8,0,0,p=0.9→11; p=0.1→2,p=0.25→-8; p=0.75→24
4150,3384,True,False,15,10.1,16.0,5.9,B,0.6533333333333334,0.6188496381550703,0.03448369517826311,B,none,False,False,False,11,0.9,2,24,0.75,-8,0,0,p=0.9→11; p=0.1→2,p=0.25→-8; p=0.75→24
4159,3391,True,False,16,6.249999999999999,3.5,-2.749999999999999,A,0.3375,0.34623463094707424,0.008734630947074218,A,none,False,False,False,11,0.05,6,51,0.5,-44,0,0,p=0.05→11; p=0.95→6,p=0.5→-44; p=0.5→51
4166,3398,False,False,16,15.0,11.6,-3.4000000000000004,A,0.2375,0.3527584061124957,0.11525840611249571,A,none,False,False,False,15,1.0,15,30,0.6,-16,0,0,p=1→15; p=0→15,p=0.4→-16; p=0.6→30
4167,3398,True,False,15,15.0,11.6,-3.4000000000000004,A,0.26666666666666666,0.3776311622817907,0.11096449561512406,A,none,False,False,False,15,1.0,15,30,0.6,-16,0,0,p=1→15; p=0→15,p=0.4→-16; p=0.6→30
4197,3420,True,True,16,0.0,-7.949999999999998,-7.949999999999998,A,0.5249999999999999,0.5514975932771062,0.026497593277106324,B,none,True,False,False,0,1.0,0,69,0.05,-12,0,0,p=1→0; p=0→0,p=0.95→-12; p=0.05→69
4199,3422,True,False,16,3.0,7.699999999999999,4.699999999999999,B,0.75,0.6996329198196136,0.05036708018038638,B,none,False,False,False,3,0.8,3,8,0.99,-22,0,0,p=0.8→3; p=0.2→3,p=0.01→-22; p=0.99→8
4215,3432,False,False,16,-1.5500000000000014,2.0,3.5500000000000016,B,0.6875,0.5477619438379723,0.13973805616202772,B,none,False,False,False,0,0.95,-31,48,0.5,-44,3,0,p=0.95→0; p=0.05→-31,p=0.5→-44; p=0.25→50; p=0.125→48; p=0.125→44
4216,3432,True,False,16,-1.5500000000000014,2.0,3.5500000000000016,B,0.7124999999999998,0.5718513720303994,0.14064862796960043,B,none,False,False,False,0,0.95,-31,48,0.5,-44,3,0,p=0.95→0; p=0.05→-31,p=0.5→-44; p=0.25→50; p=0.125→48; p=0.125→44
4221,3437,True,False,16,20.0,15.600000000000003,-4.399999999999997,A,0.4625,0.346083444860949,0.11641655513905103,A,none,True,False,False,20,1.0,20,63,0.4,-16,3,0,p=1→20; p=0→20,p=0.6→-16; p=0.2→68; p=0.1→66; p=0.05→62; p=0.025→54; p=0.0125→38; p=0.0125→6
4223,3439,True,False,16,0.0,1.7000000000000002,1.7000000000000002,B,0.6124999999999999,0.5623333947608214,0.050166605239178486,B,none,False,False,False,0,1.0,0,91,0.05,-3,1,0,p=1→0; p=0→0,p=0.95→-3; p=0.00625→89.5; p=0.01875→90.5; p=0.01875→91.5; p=0.00625→92.5
4224,3440,False,False,16,6.800000000000001,15.35,8.549999999999999,B,0.8999999999999999,0.7577612566611481,0.14223874333885178,B,none,False,False,False,26,0.4,-6,22,0.05,15,0,0,p=0.4→26; p=0.6→-6,p=0.95→15; p=0.05→22
4228,3444,True,True,16,6.0,4.3,-1.7000000000000002,A,0.7,0.6714956350774984,0.028504364922501524,B,none,False,False,False,6,1.0,6,34,0.01,4,1,0,p=1→6; p=0→6,p=0.99→4; p=7.8125e-05→30.5; p=0.000546875→31.5; p=0.00164062→32.5; p=0.00273438→33.5; p=0.00273438→34.5; p=0.00164062→35.5; p=0.000546875→36.5; p=7.8125e-05→37.5
4229,3445,True,False,16,2.0,8.4,6.4,B,0.6250000000000001,0.5731944816257047,0.05180551837429537,B,none,False,False,False,2,1.0,2,36,0.4,-10,1,0,p=1→2; p=0→2,p=0.6→-10; p=0.0125→33.5; p=0.0625→34.5; p=0.125→35.5; p=0.125→36.5; p=0.0625→37.5; p=0.0125→38.5
4239,3453,False,False,16,15.0,2.75,-12.25,A,0.1,0.18966565842749844,0.08966565842749843,A,none,False,False,False,15,1.0,15,5,0.75,-4,1,0,p=1→15; p=0→15,p=0.25→-4; p=0.00585938→1.5; p=0.0410156→2.5; p=0.123047→3.5; p=0.205078→4.5; p=0.205078→5.5; p=0.123047→6.5; p=0.0410156→7.5; p=0.00585938→8.5
4240,3453,True,False,15,15.0,2.75,-12.25,A,0.14666666666666667,0.09633090485201513,0.05033576181465153,A,none,False,False,False,15,1.0,15,5,0.75,-4,1,0,p=1→15; p=0→15,p=0.25→-4; p=0.00585938→1.5; p=0.0410156→2.5; p=0.123047→3.5; p=0.205078→4.5; p=0.205078→5.5; p=0.123047→6.5; p=0.0410156→7.5; p=0.00585938→8.5
4243,3456,True,True,16,26.0,20.7,-5.300000000000001,A,0.225,0.17955945502442938,0.045440544975570624,A,none,False,False,False,26,1.0,26,27,0.1,20,0,0,p=1→26; p=0→26,p=0.9→20; p=0.1→27
4248,3461,True,False,16,13.8,14.400000000000002,0.6000000000000014,B,0.525,0.4267903028225964,0.09820969717740363,B,none,True,False,False,45,0.4,-7,92,0.2,-5,0,0,p=0.4→45; p=0.6→-7,p=0.8→-5; p=0.2→92
4255,3468,True,True,16,0.0,-2.0,-2.0,A,0.7,0.5158425018704115,0.18415749812958848,B,none,False,False,False,0,1.0,0,7,0.25,-5,0,0,p=1→0; p=0→0,p=0.75→-5; p=0.25→7
4257,3470,True,False,17,29.0,29.400000000000002,0.40000000000000213,B,0.6588235294117647,0.5243119552416937,0.13451157417007098,B,none,False,False,False,29,1.0,29,71,0.2,19,1,0,p=1→29; p=0→29,p=0.8→19; p=0.1→70.5; p=0.1→71.5
4266,3478,False,False,32,-10.0,-10.0,0.0,tie,0.5562500000000001,0.5140772345027578,0.04217276549724236,B,none,False,False,False,-10,1.0,-10,-9,0.9,-19,2,0,p=1→-10; p=0→-10,p=0.1→-19; p=0.45→-10; p=0.45→-8
4267,3478,True,False,16,-10.0,-10.0,0.0,tie,0.3625,0.5191662135814836,0.15666621358148364,A,none,False,False,False,-10,1.0,-10,-9,0.9,-19,2,0,p=1→-10; p=0→-10,p=0.1→-19; p=0.45→-10; p=0.45→-8
4291,3496,False,False,16,7.0,7.2,0.20000000000000018,B,0.625,0.517695338437953,0.10730466156204699,B,none,False,False,False,7,1.0,7,10,0.9,-18,2,0,p=1→7; p=0→7,p=0.1→-18; p=0.45→4; p=0.225→6; p=0.1125→10; p=0.05625→18; p=0.028125→34; p=0.0140625→66; p=0.0140625→130
4297,3501,False,False,15,-2.6,-1.799999999999999,0.8000000000000012,B,0.7333333333333333,0.5703432069352303,0.16299012639810295,B,none,False,False,False,1,0.1,-3,33,0.4,-25,1,0,p=0.1→1; p=0.9→-3,p=0.6→-25; p=0.05→31.5; p=0.15→32.5; p=0.15→33.5; p=0.05→34.5
4298,3501,True,False,16,-2.6,-1.799999999999999,0.8000000000000012,B,0.7875,0.5612048272407375,0.22629517275926248,B,none,False,False,False,1,0.1,-3,33,0.4,-25,1,0,p=0.1→1; p=0.9→-3,p=0.6→-25; p=0.05→31.5; p=0.15→32.5; p=0.15→33.5; p=0.05→34.5
4306,3506,True,False,19,29.3,28.5,-0.8000000000000007,A,0.7263157894736842,0.5934608722786084,0.1328549171950758,B,none,False,False,False,34,0.9,-13,39,0.5,18,2,0,p=0.9→34; p=0.1→-13,p=0.5→18; p=0.25→34; p=0.125→36; p=0.0625→40; p=0.03125→48; p=0.015625→64; p=0.015625→96
4326,3521,True,False,17,-8.199999999999996,-4.999999999999999,3.1999999999999966,B,0.22352941176470587,0.5134674847978977,0.28993807303319186,A,none,False,False,False,53,0.4,-49,-1,0.9,-41,3,0,p=0.4→53; p=0.6→-49,p=0.1→-41; p=0.45→1; p=0.225→-1; p=0.225→-5
4337,3530,False,False,16,26.8,26.349999999999998,-0.45000000000000284,A,0.3875,0.34721738325748175,0.04028261674251826,A,none,False,False,False,52,0.1,24,30,0.95,-43,3,0,p=0.1→52; p=0.9→24,p=0.05→-43; p=0.475→32; p=0.2375→30; p=0.2375→26
4338,3530,True,False,17,26.8,26.349999999999998,-0.45000000000000284,A,0.3058823529411765,0.36304821853255453,0.05716586559137804,A,none,False,False,False,52,0.1,24,30,0.95,-43,3,0,p=0.1→52; p=0.9→24,p=0.05→-43; p=0.475→32; p=0.2375→30; p=0.2375→26
4345,3535,False,False,15,23.0,26.400000000000002,3.400000000000002,B,0.6603174603174603,0.5708925864717689,0.08942487384569142,B,none,False,False,False,23,1.0,23,76,0.2,14,0,0,p=1→23; p=0→23,p=0.8→14; p=0.2→76
4346,3535,True,False,18,23.0,26.400000000000002,3.400000000000002,B,0.2888888888888889,0.5825283016817511,0.29363941279286215,A,none,False,False,False,23,1.0,23,76,0.2,14,0,0,p=1→23; p=0→23,p=0.8→14; p=0.2→76
4349,3538,False,False,15,12.0,19.86,7.859999999999999,B,0.7733333333333333,0.781385485683264,0.00805215234993073,B,none,False,False,False,17,0.75,-3,20,0.99,6,0,0,p=0.75→17; p=0.25→-3,p=0.01→6; p=0.99→20
4350,3538,True,False,15,12.0,19.86,7.859999999999999,B,0.6666666666666666,0.8080174825048502,0.14135081583818354,B,none,False,False,False,17,0.75,-3,20,0.99,6,0,0,p=0.75→17; p=0.25→-3,p=0.01→6; p=0.99→20
4358,3545,True,True,16,10.100000000000001,14.8,4.699999999999999,B,0.575,0.5096005747378628,0.06539942526213716,B,none,False,False,False,83,0.1,2,94,0.4,-38,1,0,p=0.1→83; p=0.9→2,p=0.6→-38; p=0.05→92.5; p=0.15→93.5; p=0.15→94.5; p=0.05→95.5
4359,3546,True,False,17,30.0,17.800000000000008,-12.199999999999992,A,0.4,0.27985579846009184,0.12014420153990818,A,none,False,False,False,30,1.0,30,106,0.4,-41,0,0,p=1→30; p=0→30,p=0.6→-41; p=0.4→106
4362,3549,True,False,17,13.0,4.6000000000000005,-8.399999999999999,A,0.3764705882352941,0.4266365324900883,0.050165944254794204,A,none,False,False,False,45,0.5,-19,7,0.8,-5,0,0,p=0.5→45; p=0.5→-19,p=0.2→-5; p=0.8→7
4378,3565,False,True,16,18.0,25.0,7.0,B,0.65,0.5745252298926724,0.07547477010732762,B,none,False,False,False,18,1.0,18,85,0.25,5,3,0,p=1→18; p=0→18,p=0.75→5; p=0.125→91; p=0.0625→89; p=0.03125→85; p=0.015625→77; p=0.0078125→61; p=0.00390625→29; p=0.00390625→-35
4379,3565,True,True,16,18.0,25.0,7.0,B,0.6625000000000001,0.5648919591690494,0.09760804083095065,B,none,False,False,False,18,1.0,18,85,0.25,5,3,0,p=1→18; p=0→18,p=0.75→5; p=0.125→91; p=0.0625→89; p=0.03125→85; p=0.015625→77; p=0.0078125→61; p=0.00390625→29; p=0.00390625→-35
4389,3572,False,False,19,23.0,13.900000000000002,-9.099999999999998,A,0.17894736842105266,0.22544670968180786,0.046499341260755195,A,none,False,False,False,23,1.0,23,22,0.1,13,1,0,p=1→23; p=0→23,p=0.9→13; p=0.003125→19.5; p=0.015625→20.5; p=0.03125→21.5; p=0.03125→22.5; p=0.015625→23.5; p=0.003125→24.5
4390,3572,True,False,15,23.0,13.900000000000002,-9.099999999999998,A,0.17333333333333334,0.2066072915723613,0.033273958239027956,A,none,False,False,False,23,1.0,23,22,0.1,13,1,0,p=1→23; p=0→23,p=0.9→13; p=0.003125→19.5; p=0.015625→20.5; p=0.03125→21.5; p=0.03125→22.5; p=0.015625→23.5; p=0.003125→24.5
4400,3582,False,False,16,19.200000000000003,24.6,5.399999999999999,B,0.8,0.6631275266489557,0.13687247335104435,B,none,False,False,False,66,0.4,-12,27,0.8,15,0,0,p=0.4→66; p=0.6→-12,p=0.2→15; p=0.8→27
4401,3582,True,False,15,19.200000000000003,24.6,5.399999999999999,B,0.72,0.6710383714538828,0.048961628546117186,B,none,False,False,False,66,0.4,-12,27,0.8,15,0,0,p=0.4→66; p=0.6→-12,p=0.2→15; p=0.8→27
4402,3583,False,False,16,23.0,21.6,-1.3999999999999986,A,0.17500000000000004,0.3434716080074217,0.16847160800742167,A,none,False,False,False,23,1.0,23,60,0.4,-4,0,0,p=1→23; p=0→23,p=0.6→-4; p=0.4→60
4403,3583,True,False,15,23.0,21.6,-1.3999999999999986,A,0.34666666666666673,0.3621641649874836,0.015497498320816872,A,none,False,False,False,23,1.0,23,60,0.4,-4,0,0,p=1→23; p=0→23,p=0.6→-4; p=0.4→60
4404,3584,True,True,18,13.0,5.800000000000001,-7.199999999999999,A,0.3444444444444445,0.3450982710429368,0.0006538265984922798,A,none,False,False,False,31,0.4,1,29,0.2,0,0,0,p=0.4→31; p=0.6→1,p=0.8→0; p=0.2→29
4406,3586,True,False,16,5.0,-3.1999999999999993,-8.2,A,0.23750000000000004,0.26276511485126186,0.025265114851261816,A,none,False,False,False,5,1.0,5,94,0.1,-14,0,0,p=1→5; p=0→5,p=0.9→-14; p=0.1→94
4407,3587,True,False,17,-8.0,-4.399999999999999,3.6000000000000014,B,0.8941176470588236,0.7428662389467722,0.1512514081120514,B,none,False,False,False,-8,1.0,-8,5,0.8,-42,1,0,p=1→-8; p=0→-8,p=0.2→-42; p=0.1→3.5; p=0.3→4.5; p=0.3→5.5; p=0.1→6.5
4417,3596,True,False,16,7.0,3.8,-3.2,A,0.1125,0.12864263119563088,0.016142631195630877,A,none,False,False,False,7,1.0,7,5,0.4,3,0,0,p=1→7; p=0→7,p=0.6→3; p=0.4→5
4421,3599,True,False,16,19.0,17.5,-1.5,A,0.45,0.5075245298916453,0.057524529891645304,A,none,True,False,False,37,0.75,-35,63,0.5,-28,1,0,p=0.75→37; p=0.25→-35,p=0.5→-28; p=0.015625→60.5; p=0.078125→61.5; p=0.15625→62.5; p=0.15625→63.5; p=0.078125→64.5; p=0.015625→65.5
4431,3607,False,False,16,1.0,9.5,8.5,B,0.575,0.6510888547153235,0.07608885471532356,B,none,False,False,False,1,1.0,1,17,0.75,-13,0,0,p=1→1; p=0→1,p=0.25→-13; p=0.75→17
4432,3607,True,False,16,1.0,9.5,8.5,B,0.8625000000000002,0.720370216043118,0.14212978395688214,B,none,False,False,False,1,1.0,1,17,0.75,-13,0,0,p=1→1; p=0→1,p=0.25→-13; p=0.75→17
4433,3608,False,False,16,20.75,29.5,8.75,B,0.7874999999999999,0.753345169314113,0.03415483068588687,B,none,False,False,False,25,0.75,8,32,0.75,22,0,0,p=0.75→25; p=0.25→8,p=0.25→22; p=0.75→32
4434,3608,True,False,16,20.75,29.5,8.75,B,0.8,0.7868907721384292,0.013109227861570871,B,none,False,False,False,25,0.75,8,32,0.75,22,0,0,p=0.75→25; p=0.25→8,p=0.25→22; p=0.75→32
4455,3627,False,True,16,29.0,35.2,6.200000000000003,B,0.7625,0.7651006271351014,0.002600627135101452,B,none,False,False,False,29,1.0,29,46,0.1,34,1,0,p=1→29; p=0→29,p=0.9→34; p=0.0125→44.5; p=0.0375→45.5; p=0.0375→46.5; p=0.0125→47.5
4456,3627,True,True,16,29.0,35.2,6.200000000000003,B,0.9375,0.8959014116584537,0.04159858834154628,B,none,False,False,False,29,1.0,29,46,0.1,34,1,0,p=1→29; p=0→29,p=0.9→34; p=0.0125→44.5; p=0.0375→45.5; p=0.0375→46.5; p=0.0125→47.5
4458,3629,True,False,16,-1.0,-5.199999999999999,-4.199999999999999,A,0.5125000000000001,0.4349648295155951,0.07753517048440495,B,none,True,False,False,-1,1.0,-1,11,0.1,-7,1,0,p=1→-1; p=0→-1,p=0.9→-7; p=0.00078125→7.5; p=0.00546875→8.5; p=0.0164063→9.5; p=0.0273438→10.5; p=0.0273438→11.5; p=0.0164063→12.5; p=0.00546875→13.5; p=0.00078125→14.5
4461,3631,True,True,16,30.0,24.0,-6.0,A,0.3875,0.497572484600562,0.11007248460056202,A,none,False,False,False,30,1.0,30,42,0.1,22,0,0,p=1→30; p=0→30,p=0.9→22; p=0.1→42
4468,3637,False,False,18,27.0,17.75,-9.25,A,0.2333333333333333,0.3370685005904447,0.10373516725711138,A,none,False,False,False,27,1.0,27,98,0.25,-9,1,0,p=1→27; p=0→27,p=0.75→-9; p=0.00195312→94.5; p=0.0136719→95.5; p=0.0410156→96.5; p=0.0683594→97.5; p=0.0683594→98.5; p=0.0410156→99.5; p=0.0136719→100.5; p=0.00195312→101.5
4469,3637,True,False,15,27.0,17.75,-9.25,A,0.17333333333333334,0.35232352431283936,0.17899019097950603,A,none,False,False,False,27,1.0,27,98,0.25,-9,1,0,p=1→27; p=0→27,p=0.75→-9; p=0.00195312→94.5; p=0.0136719→95.5; p=0.0410156→96.5; p=0.0683594→97.5; p=0.0683594→98.5; p=0.0410156→99.5; p=0.0136719→100.5; p=0.00195312→101.5
4474,3641,True,False,18,15.0,19.0,4.0,B,0.7888888888888891,0.8125584382540972,0.023669549365208153,B,none,False,False,False,15,1.0,15,25,0.4,15,0,0,p=1→15; p=0→15,p=0.6→15; p=0.4→25
4485,3650,True,False,17,18.0,15.0,-3.0,A,0.4352941176470589,0.3849425911721592,0.05035152647489971,A,none,False,False,False,18,1.0,18,64,0.5,-34,0,0,p=1→18; p=0→18,p=0.5→-34; p=0.5→64
4486,3651,False,False,16,-2.0,2.4000000000000004,4.4,B,0.6625,0.6107286316483714,0.051771368351628544,B,none,False,False,False,-2,1.0,-2,64,0.2,-13,0,0,p=1→-2; p=0→-2,p=0.8→-13; p=0.2→64
4498,3660,True,False,16,15.0,15.6,0.5999999999999996,B,0.5375000000000001,0.48855605738772956,0.04894394261227053,B,none,True,False,False,15,1.0,15,70,0.2,2,1,0,p=1→15; p=0→15,p=0.8→2; p=0.0015625→66.5; p=0.0109375→67.5; p=0.0328125→68.5; p=0.0546875→69.5; p=0.0546875→70.5; p=0.0328125→71.5; p=0.0109375→72.5; p=0.0015625→73.5
4515,3673,True,False,16,-10.0,-5.859999999999999,4.140000000000001,B,0.8875,0.780146173644874,0.10735382635512591,B,none,False,False,False,-6,0.75,-22,8,0.01,-6,0,0,p=0.75→-6; p=0.25→-22,p=0.99→-6; p=0.01→8
4517,3675,False,False,16,11.7,11.0,-0.6999999999999993,A,0.7145833333333333,0.5633389832399682,0.15124435009336512,B,none,False,False,False,14,0.9,-9,35,0.2,5,0,0,p=0.9→14; p=0.1→-9,p=0.8→5; p=0.2→35
4518,3675,True,False,15,11.7,11.0,-0.6999999999999993,A,0.4266666666666667,0.5431733839308766,0.11650671726420986,A,none,False,False,False,14,0.9,-9,35,0.2,5,0,0,p=0.9→14; p=0.1→-9,p=0.8→5; p=0.2→35
4523,3680,True,False,18,-1.0,-1.6000000000000014,-0.6000000000000014,A,0.5555555555555556,0.4333905782774229,0.12216497727813269,B,none,False,False,False,23,0.25,-9,108,0.2,-29,0,-1,p=0.25→23; p=0.75→-9,p=0.8→-29; p=0.2→108
4547,3702,True,True,16,11.0,12.75,1.75,B,0.425,0.3740187955788704,0.05098120442112958,A,none,False,False,False,49,0.05,9,60,0.25,-3,0,0,p=0.05→49; p=0.95→9,p=0.75→-3; p=0.25→60
4566,3715,False,False,16,-7.0,-17.330000000000002,-10.330000000000002,A,0.4375,0.4417432157971995,0.0042432157971994955,A,none,False,False,False,-7,1.0,-7,49,0.01,-18,0,0,p=1→-7; p=0→-7,p=0.99→-18; p=0.01→49
4567,3715,True,False,15,-7.0,-17.330000000000002,-10.330000000000002,A,0.4266666666666667,0.4099184945548129,0.01674817211185381,A,none,False,False,False,-7,1.0,-7,49,0.01,-18,0,0,p=1→-7; p=0→-7,p=0.99→-18; p=0.01→49
4571,3719,False,False,16,28.199999999999996,30.5,2.3000000000000043,B,0.6500000000000001,0.4471149090280245,0.20288509097197566,B,none,False,False,False,53,0.6,-9,80,0.5,-19,1,-1,p=0.6→53; p=0.4→-9,p=0.5→-19; p=0.25→79.5; p=0.25→80.5
4572,3719,True,False,16,28.199999999999996,30.5,2.3000000000000043,B,0.6625,0.4775717055468126,0.18492829445318737,B,none,False,False,False,53,0.6,-9,80,0.5,-19,1,-1,p=0.6→53; p=0.4→-9,p=0.5→-19; p=0.25→79.5; p=0.25→80.5
4573,3720,False,False,16,29.95,31.439999999999998,1.4899999999999984,B,0.3875,0.41312142790553563,0.02562142790553562,A,none,False,False,False,67,0.05,28,32,0.99,-24,2,0,p=0.05→67; p=0.95→28,p=0.01→-24; p=0.495→26; p=0.2475→28; p=0.12375→32; p=0.061875→40; p=0.0309375→56; p=0.0154687→88; p=0.0154688→152
4583,3729,False,True,16,15.0,18.0,3.0,B,0.3125,0.3626132647473306,0.05011326474733058,A,none,False,False,False,15,1.0,15,71,0.5,-35,0,0,p=1→15; p=0→15,p=0.5→-35; p=0.5→71
4584,3729,True,True,15,15.0,18.0,3.0,B,0.4800000000000001,0.4103654082575974,0.06963459174240272,A,none,True,False,False,15,1.0,15,71,0.5,-35,0,0,p=1→15; p=0→15,p=0.5→-35; p=0.5→71
4596,3738,False,False,16,24.0,32.6,8.600000000000001,B,0.525,0.5095798753794919,0.015420124620508124,B,none,True,False,False,24,1.0,24,103,0.2,15,2,0,p=1→24; p=0→24,p=0.8→15; p=0.1→99; p=0.05→101; p=0.025→105; p=0.0125→113; p=0.0125→129
4600,3741,False,False,16,5.0,7.400000000000001,2.4000000000000012,B,0.275,0.4976373958254425,0.22263739582544245,A,none,False,False,False,5,1.0,5,12,0.9,-34,0,0,p=1→5; p=0→5,p=0.1→-34; p=0.9→12
4601,3741,True,False,15,5.0,7.400000000000001,2.4000000000000012,B,0.6666666666666666,0.5221393057142473,0.14452736095241936,B,none,False,False,False,5,1.0,5,12,0.9,-34,0,0,p=1→5; p=0→5,p=0.1→-34; p=0.9→12
4603,3743,True,False,19,-7.0,-7.400000000000001,-0.40000000000000124,A,0.6210526315789473,0.5768868200736519,0.044165811505295416,B,none,False,False,False,-7,1.0,-7,43,0.1,-13,1,0,p=1→-7; p=0→-7,p=0.9→-13; p=0.0125→41.5; p=0.0375→42.5; p=0.0375→43.5; p=0.0125→44.5
4610,3748,True,False,18,23.0,17.65,-5.350000000000001,A,0.1111111111111111,0.12792114918061,0.016810038069498906,A,none,False,False,False,23,1.0,23,18,0.95,11,0,0,p=1→23; p=0→23,p=0.05→11; p=0.95→18
4616,3752,True,False,18,20.0,22.8,2.8000000000000007,B,0.6777777777777777,0.7001028457114475,0.02232506793366984,B,none,False,False,False,43,0.5,-3,95,0.05,19,0,0,p=0.5→43; p=0.5→-3,p=0.95→19; p=0.05→95
4618,3754,True,False,18,2.0,-4.999999999999999,-6.999999999999999,A,0.08888888888888889,0.09325651294089371,0.004367624052004818,A,none,False,False,False,2,1.0,2,-2,0.9,-32,2,0,p=1→2; p=0→2,p=0.1→-32; p=0.45→-4; p=0.225→-2; p=0.225→2
4623,3758,True,False,18,-4.0,2.200000000000001,6.200000000000001,B,0.8555555555555555,0.7701381191779193,0.08541743637763621,B,none,False,False,False,-4,1.0,-4,19,0.4,-9,1,0,p=1→-4; p=0→-4,p=0.6→-9; p=0.2→18.5; p=0.2→19.5
4624,3759,True,False,19,13.0,15.0,2.0,B,0.7894736842105262,0.8193140440883435,0.029840359877817302,B,none,False,False,False,13,1.0,13,15,0.1,15,0,0,p=1→13; p=0→13,p=0.9→15; p=0.1→15
4628,3762,False,False,16,18.0,18.25,0.25,B,0.5576923076923077,0.5171875461625187,0.04050476152978899,B,none,False,False,False,18,1.0,18,46,0.25,9,0,0,p=1→18; p=0→18,p=0.75→9; p=0.25→46
4629,3762,True,False,15,18.0,18.25,0.25,B,0.52,0.5113100241427248,0.008689975857275267,B,none,True,False,False,18,1.0,18,46,0.25,9,0,0,p=1→18; p=0→18,p=0.75→9; p=0.25→46
4637,3770,False,False,15,21.25,26.59,5.34,B,0.88,0.7593143191493755,0.12068568085062448,B,none,False,False,False,22,0.95,7,85,0.01,26,3,-1,p=0.95→22; p=0.05→7,p=0.99→26; p=0.005→89; p=0.0025→87; p=0.00125→83; p=0.000625→75; p=0.000625→59
4638,3771,True,False,30,-8.0,-11.400000000000002,-3.400000000000002,A,0.5333333333333333,0.5109192974959891,0.02241403583734425,B,none,True,False,False,-8,1.0,-8,95,0.2,-38,0,0,p=1→-8; p=0→-8,p=0.8→-38; p=0.2→95
4648,3781,True,False,16,-8.0,-23.4,-15.399999999999999,A,0.4625,0.3995085698099708,0.06299143019002923,A,none,True,False,False,-4,0.5,-12,36,0.01,-24,3,0,p=0.5→-4; p=0.5→-12,p=0.99→-24; p=0.005→41; p=0.0025→39; p=0.00125→35; p=0.000625→27; p=0.0003125→11; p=0.0003125→-21
4654,3787,True,False,18,-5.1899999999999995,-8.6,-3.41,A,0.12222222222222225,0.2184450554857725,0.09622283326355026,A,none,False,False,False,75,0.01,-6,-8,0.9,-14,0,0,p=0.01→75; p=0.99→-6,p=0.1→-14; p=0.9→-8
4655,3788,True,False,18,-10.0,-10.999999999999996,-0.9999999999999964,A,0.6222222222222222,0.3986590146398194,0.22356320758240283,B,none,False,False,False,0,0.75,-40,19,0.4,-31,0,0,p=0.75→0; p=0.25→-40,p=0.6→-31; p=0.4→19
4665,3798,True,True,16,15.600000000000001,17.5,1.8999999999999986,B,0.775,0.6771101243525952,0.09788987564740481,B,none,False,False,False,25,0.8,-22,25,0.5,10,0,0,p=0.8→25; p=0.2→-22,p=0.5→10; p=0.5→25
4667,3800,True,True,19,13.25,11.7,-1.5500000000000007,A,0.5894736842105263,0.5586104144877715,0.03086326972275477,B,none,False,False,False,41,0.25,4,45,0.1,8,0,0,p=0.25→41; p=0.75→4,p=0.9→8; p=0.1→45
4671,3804,True,False,16,-3.4,-2.8000000000000003,0.5999999999999996,B,0.6124999999999999,0.5729584789384274,0.03954152106157249,B,none,False,False,False,3,0.2,-5,18,0.2,-8,3,1,p=0.2→3; p=0.8→-5,p=0.8→-8; p=0.1→21; p=0.05→19; p=0.025→15; p=0.025→7
4687,3820,True,False,16,-4.0,9.0,13.0,B,0.9000000000000001,0.939283144081128,0.039283144081127874,B,none,False,False,False,-4,1.0,-4,9,0.75,9,1,0,p=1→-4; p=0→-4,p=0.25→9; p=0.0234375→6.5; p=0.117188→7.5; p=0.234375→8.5; p=0.234375→9.5; p=0.117188→10.5; p=0.0234375→11.5
4689,3822,False,False,15,22.0,17.9,-4.100000000000001,A,0.4266666666666665,0.4553993180858876,0.0287326514192211,A,none,False,False,False,22,1.0,22,18,0.99,8,2,0,p=1→22; p=0→22,p=0.01→8; p=0.495→12; p=0.2475→14; p=0.12375→18; p=0.061875→26; p=0.0309375→42; p=0.0154687→74; p=0.0154688→138
4690,3822,True,False,15,22.0,17.9,-4.100000000000001,A,0.56,0.447836394688327,0.11216360531167308,B,none,False,False,False,22,1.0,22,18,0.99,8,2,0,p=1→22; p=0→22,p=0.01→8; p=0.495→12; p=0.2475→14; p=0.12375→18; p=0.061875→26; p=0.0309375→42; p=0.0154687→74; p=0.0154688→138
4711,3839,False,False,17,14.0,14.600000000000001,0.6000000000000014,B,0.6352941176470588,0.6153664262536421,0.019927691393416658,B,none,False,False,False,14,1.0,14,21,0.2,13,1,0,p=1→14; p=0→14,p=0.8→13; p=0.025→19.5; p=0.075→20.5; p=0.075→21.5; p=0.025→22.5
4712,3839,True,False,15,14.0,14.600000000000001,0.6000000000000014,B,0.8133333333333332,0.6180163381707868,0.19531699516254641,B,none,False,False,False,14,1.0,14,21,0.2,13,1,0,p=1→14; p=0→14,p=0.8→13; p=0.025→19.5; p=0.075→20.5; p=0.075→21.5; p=0.025→22.5
4715,3841,True,False,18,29.0,32.6,3.6000000000000014,B,0.5111111111111112,0.3874868304886899,0.12362428062242126,B,none,True,False,False,89,0.25,9,110,0.4,-19,1,1,p=0.25→89; p=0.75→9,p=0.6→-19; p=0.05→108.5; p=0.15→109.5; p=0.15→110.5; p=0.05→111.5
4716,3842,True,False,18,8.0,6.75,-1.25,A,0.5888888888888889,0.613800383197976,0.024911494309087123,B,none,False,False,False,62,0.25,-10,18,0.25,3,0,-1,p=0.25→62; p=0.75→-10,p=0.75→3; p=0.25→18
4723,3849,True,False,16,9.25,11.700000000000001,2.450000000000001,B,0.7375,0.6914850214946309,0.046014978505369175,B,none,False,False,False,16,0.25,7,12,0.9,9,0,0,p=0.25→16; p=0.75→7,p=0.1→9; p=0.9→12
4737,3863,False,False,15,10.0,15.25,5.25,B,0.30666666666666664,0.4169993231904454,0.11033265652377877,A,strong_ev_b_humans_favor_a,False,False,False,11,0.75,7,82,0.25,-7,0,0,p=0.75→11; p=0.25→7,p=0.75→-7; p=0.25→82
4738,3863,True,False,15,10.0,15.25,5.25,B,0.3200000000000001,0.4386941336418831,0.11869413364188297,A,strong_ev_b_humans_favor_a,False,False,False,11,0.75,7,82,0.25,-7,0,0,p=0.75→11; p=0.25→7,p=0.75→-7; p=0.25→82
4740,3865,True,False,16,-6.0,0.25,6.25,B,0.8375,0.769627291203273,0.06787270879672702,B,none,False,False,False,-6,1.0,-6,6,0.75,-17,0,0,p=1→-6; p=0→-6,p=0.25→-17; p=0.75→6
4779,3895,False,False,15,17.0,11.25,-5.75,A,0.3600000000000001,0.36302422930527944,0.0030242293052793467,A,none,False,False,False,17,1.0,17,20,0.75,-15,1,0,p=1→17; p=0→17,p=0.25→-15; p=0.09375→18.5; p=0.28125→19.5; p=0.28125→20.5; p=0.09375→21.5
4780,3895,True,False,15,17.0,11.25,-5.75,A,0.48,0.37394909297639073,0.10605090702360925,A,none,True,False,False,17,1.0,17,20,0.75,-15,1,0,p=1→17; p=0→17,p=0.25→-15; p=0.09375→18.5; p=0.28125→19.5; p=0.28125→20.5; p=0.09375→21.5
4787,3900,True,False,16,30.0,31.800000000000004,1.8000000000000043,B,0.3624999999999999,0.44578747891304765,0.08328747891304777,A,none,False,False,False,30,1.0,30,87,0.4,-5,1,0,p=1→30; p=0→30,p=0.6→-5; p=0.003125→83.5; p=0.021875→84.5; p=0.065625→85.5; p=0.109375→86.5; p=0.109375→87.5; p=0.065625→88.5; p=0.021875→89.5; p=0.003125→90.5
4788,3901,True,False,16,-3.0,-3.5,-0.5,A,0.2625,0.2268455065737131,0.035654493426286904,A,none,False,False,False,-3,1.0,-3,-3,0.95,-13,0,0,p=1→-3; p=0→-3,p=0.05→-13; p=0.95→-3
4813,3923,True,False,16,-9.0,-6.279999999999999,2.7200000000000006,B,0.45,0.6162457913617111,0.16624579136171108,A,none,True,False,False,-6,0.4,-11,-6,0.99,-34,0,0,p=0.4→-6; p=0.6→-11,p=0.01→-34; p=0.99→-6
4827,3935,True,False,17,12.0,6.800000000000001,-5.199999999999999,A,0.22352941176470587,0.3286762768574769,0.10514686509277105,A,none,False,False,False,12,1.0,12,74,0.2,-10,1,0,p=1→12; p=0→12,p=0.8→-10; p=0.1→73.5; p=0.1→74.5
4828,3936,False,False,17,7.0,10.95,3.9499999999999993,B,0.8352941176470587,0.8066392023319636,0.02865491531509512,B,none,False,False,False,7,1.0,7,29,0.05,10,1,0,p=1→7; p=0→7,p=0.95→10; p=0.0015625→26.5; p=0.0078125→27.5; p=0.015625→28.5; p=0.015625→29.5; p=0.0078125→30.5; p=0.0015625→31.5
4829,3936,True,False,15,7.0,10.95,3.9499999999999993,B,0.8666666666666668,0.863981312393355,0.0026853542733118463,B,none,False,False,False,7,1.0,7,29,0.05,10,1,0,p=1→7; p=0→7,p=0.95→10; p=0.0015625→26.5; p=0.0078125→27.5; p=0.015625→28.5; p=0.015625→29.5; p=0.0078125→30.5; p=0.0015625→31.5
4830,3937,False,True,17,2.0,5.4,3.4000000000000004,B,0.8941176470588235,0.8254491950009549,0.06866845205786853,B,none,False,False,False,2,1.0,2,19,0.2,2,1,0,p=1→2; p=0→2,p=0.8→2; p=0.1→18.5; p=0.1→19.5
4831,3937,True,True,15,2.0,5.4,3.4000000000000004,B,0.8933333333333332,0.8721756327079323,0.0211577006254009,B,none,False,False,False,2,1.0,2,19,0.2,2,1,0,p=1→2; p=0→2,p=0.8→2; p=0.1→18.5; p=0.1→19.5
4832,3938,False,False,15,3.0,7.3999999999999995,4.3999999999999995,B,0.8266666666666667,0.8250657184662542,0.0016009482004124553,B,none,False,False,False,3,1.0,3,9,0.6,5,2,0,p=1→3; p=0→3,p=0.4→5; p=0.3→6; p=0.15→8; p=0.075→12; p=0.075→20
4833,3938,True,False,15,3.0,7.3999999999999995,4.3999999999999995,B,0.9333333333333332,0.8655184401798715,0.06781489315346179,B,none,False,False,False,3,1.0,3,9,0.6,5,2,0,p=1→3; p=0→3,p=0.4→5; p=0.3→6; p=0.15→8; p=0.075→12; p=0.075→20
4838,3942,True,False,15,6.0,9.85,3.8499999999999996,B,0.7866666666666667,0.6181591141937863,0.1685075524728804,B,none,False,False,False,6,1.0,6,10,0.99,-5,0,0,p=1→6; p=0→6,p=0.01→-5; p=0.99→10
4848,3951,True,False,17,5.0,1.52,-3.48,A,0.3058823529411765,0.4491162569772078,0.1432339040360313,A,none,False,False,False,5,1.0,5,53,0.01,1,2,0,p=1→5; p=0→5,p=0.99→1; p=0.005→49; p=0.0025→51; p=0.00125→55; p=0.000625→63; p=0.000625→79
4852,3955,True,True,17,28.24,26.0,-2.2399999999999984,A,0.4,0.26935169216175014,0.13064830783824988,A,none,False,False,False,52,0.01,28,30,0.75,14,0,0,p=0.01→52; p=0.99→28,p=0.25→14; p=0.75→30
4853,3956,True,True,15,15.400000000000002,9.400000000000002,-6.0,A,0.5999999999999999,0.44903552027302446,0.1509644797269754,B,none,False,False,False,37,0.1,13,34,0.4,-7,2,1,p=0.1→37; p=0.9→13,p=0.6→-7; p=0.2→31; p=0.1→33; p=0.05→37; p=0.05→45
4863,3965,False,False,16,24.299999999999997,27.800000000000004,3.500000000000007,B,0.575,0.6729370635690245,0.09793706356902454,B,none,False,False,False,54,0.01,24,43,0.2,24,1,0,p=0.01→54; p=0.99→24,p=0.8→24; p=0.025→41.5; p=0.075→42.5; p=0.075→43.5; p=0.025→44.5
4866,3968,True,False,18,11.0,15.5,4.5,B,0.6222222222222222,0.644789756120974,0.022567533898751768,B,none,False,False,False,11,1.0,11,50,0.25,4,1,0,p=1→11; p=0→11,p=0.75→4; p=0.125→49.5; p=0.125→50.5
4874,3976,False,False,15,11.200000000000003,20.400000000000002,9.2,B,0.6592592592592592,0.5300211090164233,0.12923815024283591,B,none,False,False,False,58,0.4,-20,108,0.4,-38,2,0,p=0.4→58; p=0.6→-20,p=0.6→-38; p=0.2→104; p=0.1→106; p=0.05→110; p=0.025→118; p=0.025→134
4875,3976,True,False,16,11.200000000000003,20.400000000000002,9.2,B,0.5625,0.5175475069867294,0.044952493013270645,B,none,False,False,False,58,0.4,-20,108,0.4,-38,2,0,p=0.4→58; p=0.6→-20,p=0.6→-38; p=0.2→104; p=0.1→106; p=0.05→110; p=0.025→118; p=0.025→134
4879,3980,False,False,16,-1.0,-4.0600000000000005,-3.0600000000000005,A,0.4,0.4774017155182395,0.07740171551823949,A,none,False,False,False,-1,1.0,-1,89,0.01,-5,0,0,p=1→-1; p=0→-1,p=0.99→-5; p=0.01→89
4880,3980,True,False,32,-1.0,-4.0600000000000005,-3.0600000000000005,A,0.5312500000000001,0.4090427865435457,0.12220721345645441,B,none,True,False,False,-1,1.0,-1,89,0.01,-5,0,0,p=1→-1; p=0→-1,p=0.99→-5; p=0.01→89
4883,3982,False,False,16,19.0,28.6,9.600000000000001,B,0.4500000000000001,0.5737546017374089,0.12375460173740876,A,none,True,False,False,19,1.0,19,32,0.9,-2,2,0,p=1→19; p=0→19,p=0.1→-2; p=0.45→29; p=0.225→31; p=0.1125→35; p=0.1125→43
4884,3982,True,False,16,19.0,28.6,9.600000000000001,B,0.825,0.6828606786876656,0.1421393213123343,B,none,False,False,False,19,1.0,19,32,0.9,-2,2,0,p=1→19; p=0→19,p=0.1→-2; p=0.45→29; p=0.225→31; p=0.1125→35; p=0.1125→43
4895,3990,True,False,18,5.0,5.0,0.0,tie,0.7419753086419754,0.5449226733705554,0.19705263527141992,B,none,False,False,False,55,0.5,-45,5,1.0,5,0,0,p=0.5→55; p=0.5→-45,p=1→5
4897,3992,False,False,16,-7.78,-7.249999999999999,0.5300000000000011,B,0.6124999999999999,0.6525032591452147,0.04000325914521474,B,none,False,False,False,14,0.01,-8,64,0.05,-11,0,1,p=0.01→14; p=0.99→-8,p=0.95→-11; p=0.05→64
4898,3992,True,False,16,-7.78,-7.249999999999999,0.5300000000000011,B,0.7875000000000001,0.6326772345678863,0.15482276543211382,B,none,False,False,False,14,0.01,-8,64,0.05,-11,0,1,p=0.01→14; p=0.99→-8,p=0.95→-11; p=0.05→64
4902,3995,False,False,16,23.25,23.0,-0.25,A,0.325,0.5072193605795087,0.18221936057950866,A,none,False,False,False,81,0.25,4,23,1.0,23,0,0,p=0.25→81; p=0.75→4,p=1→23
4903,3995,True,False,16,23.25,23.0,-0.25,A,0.5875,0.5030205998367184,0.08447940016328159,B,none,False,False,False,81,0.25,4,23,1.0,23,0,0,p=0.25→81; p=0.75→4,p=1→23
4911,4000,False,True,19,23.8,35.8,11.999999999999996,B,0.3578947368421053,0.44900087652601284,0.09110613968390752,A,strong_ev_b_humans_favor_a,False,False,False,27,0.6,19,73,0.6,-20,1,0,p=0.6→27; p=0.4→19,p=0.4→-20; p=0.3→72.5; p=0.3→73.5
4912,4000,True,True,15,23.8,35.8,11.999999999999996,B,0.7599999999999999,0.5291045231969869,0.23089547680301303,B,none,False,False,False,27,0.6,19,73,0.6,-20,1,0,p=0.6→27; p=0.4→19,p=0.4→-20; p=0.3→72.5; p=0.3→73.5
4913,4001,False,False,16,30.0,26.200000000000003,-3.799999999999997,A,0.7000000000000001,0.4490499019167992,0.25095009808320085,B,none,False,False,False,30,1.0,30,73,0.1,21,1,0,p=1→30; p=0→30,p=0.9→21; p=0.05→72.5; p=0.05→73.5
4930,4013,True,False,16,10.73,9.299999999999999,-1.4300000000000015,A,0.4875,0.5026642276051533,0.015164227605153291,A,none,True,False,False,11,0.99,-16,15,0.05,9,3,0,p=0.99→11; p=0.01→-16,p=0.95→9; p=0.025→19; p=0.0125→17; p=0.00625→13; p=0.003125→5; p=0.003125→-11
4938,4018,False,False,32,29.0,35.25,6.25,B,0.53125,0.6329246860310692,0.10167468603106922,B,none,True,False,False,29,1.0,29,40,0.75,21,1,0,p=1→29; p=0→29,p=0.25→21; p=0.09375→38.5; p=0.28125→39.5; p=0.28125→40.5; p=0.09375→41.5
4944,4022,False,False,15,7.0,15.600000000000001,8.600000000000001,B,0.8266666666666665,0.8106626801680393,0.01600398649862722,B,none,False,False,False,7,1.0,7,39,0.1,13,0,0,p=1→7; p=0→7,p=0.9→13; p=0.1→39
4945,4022,True,False,16,7.0,15.600000000000001,8.600000000000001,B,0.8999999999999999,0.8863520278409177,0.0136479721590822,B,none,False,False,False,7,1.0,7,39,0.1,13,0,0,p=1→7; p=0→7,p=0.9→13; p=0.1→39
4950,4026,True,True,16,15.0,14.5,-0.5,A,0.3750000000000001,0.543632817092079,0.1686328170920789,A,none,False,False,False,15,1.0,15,17,0.5,12,1,0,p=1→15; p=0→15,p=0.5→12; p=0.0625→15.5; p=0.1875→16.5; p=0.1875→17.5; p=0.0625→18.5
4951,4027,False,False,16,25.0,23.34,-1.6600000000000001,A,0.6375000000000002,0.5635374168156637,0.07396258318433646,B,none,False,False,False,25,1.0,25,57,0.01,23,2,0,p=1→25; p=0→25,p=0.99→23; p=0.005→52; p=0.0025→54; p=0.00125→58; p=0.000625→66; p=0.0003125→82; p=0.0003125→114
4952,4027,True,False,17,25.0,23.34,-1.6600000000000001,A,0.5176470588235295,0.54049783733718,0.022850778513650583,B,none,True,False,False,25,1.0,25,57,0.01,23,2,0,p=1→25; p=0→25,p=0.99→23; p=0.005→52; p=0.0025→54; p=0.00125→58; p=0.000625→66; p=0.0003125→82; p=0.0003125→114
4958,4032,True,True,19,9.0,15.95,6.949999999999999,B,0.6,0.7698359787084561,0.16983597870845613,B,none,False,False,False,9,1.0,9,72,0.05,13,3,0,p=1→9; p=0→9,p=0.95→13; p=0.025→78; p=0.0125→76; p=0.00625→72; p=0.003125→64; p=0.0015625→48; p=0.00078125→16; p=0.00078125→-48
4963,4037,True,True,16,14.0,16.2,2.1999999999999993,B,0.7625000000000001,0.8095698080609963,0.047069808060996254,B,none,False,False,False,14,1.0,14,18,0.1,16,0,0,p=1→14; p=0→14,p=0.9→16; p=0.1→18
4964,4038,False,False,16,3.0,-4.0,-7.0,A,0.225,0.3775448082415934,0.15254480824159342,A,none,False,False,False,3,1.0,3,7,0.5,-15,1,0,p=1→3; p=0→3,p=0.5→-15; p=0.015625→4.5; p=0.078125→5.5; p=0.15625→6.5; p=0.15625→7.5; p=0.078125→8.5; p=0.015625→9.5
4965,4038,True,False,18,3.0,-4.0,-7.0,A,0.4111111111111111,0.36791597898976347,0.043195132121347624,A,none,False,False,False,3,1.0,3,7,0.5,-15,1,0,p=1→3; p=0→3,p=0.5→-15; p=0.015625→4.5; p=0.078125→5.5; p=0.15625→6.5; p=0.15625→7.5; p=0.078125→8.5; p=0.015625→9.5
4974,4045,True,False,17,3.0,7.0,4.0,B,0.3882352941176471,0.49564981388634644,0.10741451976869931,A,none,False,False,False,3,1.0,3,55,0.2,-5,1,0,p=1→3; p=0→3,p=0.8→-5; p=0.00625→52.5; p=0.03125→53.5; p=0.0625→54.5; p=0.0625→55.5; p=0.03125→56.5; p=0.00625→57.5
4990,4061,True,False,16,-9.0,-12.1,-3.0999999999999996,A,0.2500000000000001,0.4985498597573422,0.24854985975734206,A,none,False,False,False,-9,1.0,-9,59,0.1,-20,0,0,p=1→-9; p=0→-9,p=0.9→-20; p=0.1→59
4999,4069,True,False,16,-2.0,-8.35,-6.35,A,0.17500000000000002,0.32009136820329137,0.14509136820329135,A,none,False,False,False,7,0.25,-5,23,0.05,-10,1,0,p=0.25→7; p=0.75→-5,p=0.95→-10; p=0.00625→21.5; p=0.01875→22.5; p=0.01875→23.5; p=0.00625→24.5
5005,4073,True,True,16,15.85,24.099999999999998,8.249999999999998,B,0.575,0.5699592224259371,0.005040777574062849,B,none,False,False,False,32,0.05,15,27,0.95,-31,1,0,p=0.05→32; p=0.95→15,p=0.05→-31; p=0.00742187→23.5; p=0.0519531→24.5; p=0.155859→25.5; p=0.259766→26.5; p=0.259766→27.5; p=0.155859→28.5; p=0.0519531→29.5; p=0.00742187→30.5
5006,4074,True,True,18,8.25,7.0,-1.25,A,0.3,0.45878913984114983,0.15878913984114984,A,none,False,False,False,54,0.25,-7,9,0.9,-11,0,-1,p=0.25→54; p=0.75→-7,p=0.1→-11; p=0.9→9
5007,4075,False,False,16,19.0,15.8,-3.1999999999999993,A,0.2625,0.23544827033058358,0.027051729669416436,A,none,False,False,False,19,1.0,19,16,0.95,12,2,0,p=1→19; p=0→19,p=0.05→12; p=0.475→14; p=0.2375→16; p=0.2375→20
5009,4077,True,False,15,-6.0,-6.799999999999999,-0.7999999999999989,A,0.6666666666666666,0.4844055933339815,0.18226107333268515,B,none,False,False,False,-6,1.0,-6,-2,0.8,-26,0,0,p=1→-6; p=0→-6,p=0.2→-26; p=0.8→-2
5010,4078,True,False,18,16.0,16.0,0.0,tie,0.4888888888888889,0.48172296036722456,0.007165928521664311,A,none,True,False,False,43,0.1,13,16,1.0,16,0,0,p=0.1→43; p=0.9→13,p=1→16
5021,4086,True,False,15,8.95,7.800000000000001,-1.1499999999999986,A,0.36,0.3621204966016389,0.0021204966016389326,A,none,False,False,False,9,0.99,4,81,0.4,-41,0,-1,p=0.99→9; p=0.01→4,p=0.6→-41; p=0.4→81
5022,4087,True,False,20,25.0,32.6,7.600000000000001,B,0.6100000000000001,0.5889854293452494,0.021014570654750653,B,none,False,False,False,25,1.0,25,41,0.8,-1,1,0,p=1→25; p=0→25,p=0.2→-1; p=0.4→40.5; p=0.4→41.5
5024,4089,True,False,15,7.2,10.73,3.5300000000000002,B,0.7333333333333333,0.5562218274311407,0.1771115059021926,B,none,False,False,False,9,0.1,7,11,0.99,-16,2,0,p=0.1→9; p=0.9→7,p=0.01→-16; p=0.495→10; p=0.495→12
5065,4119,False,False,16,24.0,27.79,3.789999999999999,B,0.625,0.6293595495534159,0.004359549553415887,B,none,False,False,False,24,1.0,24,28,0.99,7,1,0,p=1→24; p=0→24,p=0.01→7; p=0.495→27.5; p=0.495→28.5
5066,4119,True,False,17,24.0,27.79,3.789999999999999,B,0.4941176470588234,0.7418466193123738,0.24772897225355045,A,none,True,False,False,24,1.0,24,28,0.99,7,1,0,p=1→24; p=0→24,p=0.01→7; p=0.495→27.5; p=0.495→28.5
5067,4120,True,True,15,16.3,14.25,-2.0500000000000007,A,0.6666666666666667,0.5625777587441486,0.10408890792251813,B,none,False,False,False,109,0.1,6,39,0.01,14,0,-1,p=0.1→109; p=0.9→6,p=0.99→14; p=0.01→39
5070,4122,True,False,15,20.75,21.0,0.25,B,0.64,0.5185866582844247,0.12141334171557527,B,none,False,False,False,30,0.75,-7,21,1.0,21,1,0,p=0.75→30; p=0.25→-7,p=0.0078125→17.5; p=0.0546875→18.5; p=0.164062→19.5; p=0.273438→20.5; p=0.273438→21.5; p=0.164062→22.5; p=0.0546875→23.5; p=0.0078125→24.5
5075,4127,False,False,16,26.999999999999996,26.689999999999998,-0.3099999999999987,A,0.7000000000000001,0.6844286492145898,0.015571350785410276,B,none,False,False,False,53,0.6,-12,95,0.01,26,1,0,p=0.6→53; p=0.4→-12,p=0.99→26; p=0.005→94.5; p=0.005→95.5
5076,4127,True,False,17,26.999999999999996,26.689999999999998,-0.3099999999999987,A,0.7176470588235294,0.6550135514567401,0.0626335073667893,B,none,False,False,False,53,0.6,-12,95,0.01,26,1,0,p=0.6→53; p=0.4→-12,p=0.99→26; p=0.005→94.5; p=0.005→95.5
5077,4128,False,True,16,27.400000000000002,27.75,0.34999999999999787,B,0.2625,0.31724394161981606,0.05474394161981605,A,none,False,False,False,85,0.1,21,40,0.75,-9,0,0,p=0.1→85; p=0.9→21,p=0.25→-9; p=0.75→40
5097,4142,False,False,16,22.0,27.25,5.25,B,0.675,0.6784262557411025,0.0034262557411024464,B,none,False,False,False,22,1.0,22,30,0.75,19,0,0,p=1→22; p=0→22,p=0.25→19; p=0.75→30
5098,4142,True,False,16,22.0,27.25,5.25,B,0.6375,0.7746296541622845,0.1371296541622845,B,none,False,False,False,22,1.0,22,30,0.75,19,0,0,p=1→22; p=0→22,p=0.25→19; p=0.75→30
5102,4145,False,False,17,-3.0,-11.299999999999999,-8.299999999999999,A,0.5320261437908497,0.3982631227297735,0.13376302106107618,B,none,True,False,False,-3,1.0,-3,2,0.05,-12,1,0,p=1→-3; p=0→-3,p=0.95→-12; p=0.0015625→-0.5; p=0.0078125→0.5; p=0.015625→1.5; p=0.015625→2.5; p=0.0078125→3.5; p=0.0015625→4.5
5103,4145,True,False,18,-3.0,-11.299999999999999,-8.299999999999999,A,0.4666666666666667,0.35813021302021497,0.1085364536464517,A,none,True,False,False,-3,1.0,-3,2,0.05,-12,1,0,p=1→-3; p=0→-3,p=0.95→-12; p=0.0015625→-0.5; p=0.0078125→0.5; p=0.015625→1.5; p=0.015625→2.5; p=0.0078125→3.5; p=0.0015625→4.5
5104,4146,True,False,17,-1.7,1.7000000000000006,3.4000000000000004,B,0.6470588235294117,0.6820765069045873,0.035017683375175634,B,none,False,False,False,4,0.05,-2,5,0.9,-28,0,0,p=0.05→4; p=0.95→-2,p=0.1→-28; p=0.9→5
5141,4172,True,True,17,28.0,35.800000000000004,7.800000000000004,B,0.7529411764705882,0.8918331315712592,0.13889195510067098,B,none,False,False,False,28,1.0,28,43,0.2,34,1,0,p=1→28; p=0→28,p=0.8→34; p=0.00625→40.5; p=0.03125→41.5; p=0.0625→42.5; p=0.0625→43.5; p=0.03125→44.5; p=0.00625→45.5
5142,4173,True,False,17,-1.0,-11.5,-10.5,A,0.4588235294117647,0.3476296700500079,0.1111938593617568,A,none,True,False,False,40,0.5,-42,14,0.25,-20,0,0,p=0.5→40; p=0.5→-42,p=0.75→-20; p=0.25→14
5143,4174,True,True,17,17.0,21.800000000000004,4.800000000000004,B,0.6470588235294118,0.7223812695149653,0.07532244598555349,B,none,False,False,False,17,1.0,17,41,0.2,17,3,0,p=1→17; p=0→17,p=0.8→17; p=0.1→46; p=0.05→44; p=0.025→40; p=0.0125→32; p=0.00625→16; p=0.00625→-16
5146,4177,False,False,16,14.0,15.53,1.5299999999999994,B,0.7875,0.803180297255641,0.015680297255641018,B,none,False,False,False,14,1.0,14,68,0.01,15,3,0,p=1→14; p=0→14,p=0.99→15; p=0.005→71; p=0.0025→69; p=0.00125→65; p=0.00125→57
5165,4188,True,False,17,-3.4499999999999993,11.600000000000001,15.05,B,0.5176470588235293,0.6363555950727768,0.11870853624924749,B,none,True,False,False,45,0.05,-6,47,0.4,-12,0,0,p=0.05→45; p=0.95→-6,p=0.6→-12; p=0.4→47
5168,4191,True,False,19,27.0,22.5,-4.5,A,0.21052631578947367,0.32098011139905963,0.11045379560958596,A,none,False,False,False,27,1.0,27,29,0.5,16,0,0,p=1→27; p=0→27,p=0.5→16; p=0.5→29
5189,4206,True,False,16,-7.0,-9.9,-2.9000000000000004,A,0.2625,0.248648557744999,0.013851442255001012,A,none,False,False,False,-7,1.0,-7,-8,0.05,-10,1,0,p=1→-7; p=0→-7,p=0.95→-10; p=0.000390625→-11.5; p=0.00273438→-10.5; p=0.00820313→-9.5; p=0.0136719→-8.5; p=0.0136719→-7.5; p=0.00820313→-6.5; p=0.00273438→-5.5; p=0.000390625→-4.5
5205,4217,False,False,16,5.0,-2.28,-7.279999999999999,A,0.3625,0.23539027900863982,0.12710972099136017,A,none,False,False,False,5,1.0,5,69,0.01,-3,1,0,p=1→5; p=0→5,p=0.99→-3; p=7.8125e-05→65.5; p=0.000546875→66.5; p=0.00164062→67.5; p=0.00273438→68.5; p=0.00273438→69.5; p=0.00164062→70.5; p=0.000546875→71.5; p=7.8125e-05→72.5
5206,4217,True,False,15,5.0,-2.28,-7.279999999999999,A,0.24000000000000005,0.199908732812025,0.04009126718797504,A,none,False,False,False,5,1.0,5,69,0.01,-3,1,0,p=1→5; p=0→5,p=0.99→-3; p=7.8125e-05→65.5; p=0.000546875→66.5; p=0.00164062→67.5; p=0.00273438→68.5; p=0.00273438→69.5; p=0.00164062→70.5; p=0.000546875→71.5; p=7.8125e-05→72.5
5209,4220,False,True,16,24.1,16.0,-8.100000000000001,A,0.3625,0.36270498262082834,0.0002049826208283534,A,none,False,False,False,102,0.05,20,19,0.4,14,1,0,p=0.05→102; p=0.95→20,p=0.6→14; p=0.0125→16.5; p=0.0625→17.5; p=0.125→18.5; p=0.125→19.5; p=0.0625→20.5; p=0.0125→21.5
5210,4220,True,True,16,24.1,16.0,-8.100000000000001,A,0.275,0.35366641788530395,0.07866641788530393,A,none,False,False,False,102,0.05,20,19,0.4,14,1,0,p=0.05→102; p=0.95→20,p=0.6→14; p=0.0125→16.5; p=0.0625→17.5; p=0.125→18.5; p=0.125→19.5; p=0.0625→20.5; p=0.0125→21.5
5212,4222,True,False,17,13.0,4.25,-8.75,A,0.05882352941176471,0.10597976045760199,0.04715623104583728,A,none,False,False,False,13,1.0,13,5,0.75,2,0,0,p=1→13; p=0→13,p=0.25→2; p=0.75→5
5216,4225,False,False,16,-8.1,-0.5,7.6,B,0.7625000000000001,0.769434011672083,0.0069340116720829625,B,none,False,False,False,-8,0.99,-18,7,0.75,-23,0,1,p=0.99→-8; p=0.01→-18,p=0.25→-23; p=0.75→7
5217,4225,True,False,17,-8.1,-0.5,7.6,B,0.8823529411764705,0.7817780308065707,0.10057491036989974,B,none,False,False,False,-8,0.99,-18,7,0.75,-23,0,1,p=0.99→-8; p=0.01→-18,p=0.25→-23; p=0.75→7
5218,4226,True,False,16,1.0,10.8,9.8,B,0.8,0.7410337656379705,0.058966234362029524,B,none,False,False,False,1,1.0,1,11,0.99,-9,0,0,p=1→1; p=0→1,p=0.01→-9; p=0.99→11
5220,4228,True,False,16,13.0,15.200000000000003,2.200000000000003,B,0.6874999999999999,0.519524142841798,0.16797585715820185,B,none,False,False,False,13,1.0,13,19,0.9,-19,0,0,p=1→13; p=0→13,p=0.1→-19; p=0.9→19
5238,4240,True,False,16,11.42,11.5,0.08000000000000007,B,0.3625,0.5030996167320838,0.14059961673208382,A,none,False,False,False,53,0.01,11,25,0.25,7,0,0,p=0.01→53; p=0.99→11,p=0.75→7; p=0.25→25
5239,4241,True,False,16,3.2,10.0,6.8,B,0.825,0.7935124330085926,0.03148756699140731,B,none,False,False,False,50,0.1,-2,86,0.05,6,1,-1,p=0.1→50; p=0.9→-2,p=0.95→6; p=0.000390625→82.5; p=0.00273438→83.5; p=0.00820313→84.5; p=0.0136719→85.5; p=0.0136719→86.5; p=0.00820313→87.5; p=0.00273438→88.5; p=0.000390625→89.5
5240,4242,True,False,16,-0.7999999999999989,-7.0,-6.200000000000001,A,0.1,0.2916592228156457,0.1916592228156457,A,none,False,False,False,25,0.4,-18,11,0.1,-9,0,0,p=0.4→25; p=0.6→-18,p=0.9→-9; p=0.1→11
5249,4250,True,True,17,23.0,15.4,-7.6,A,0.6941176470588236,0.5764730408804042,0.11764460617841943,B,strong_ev_a_humans_favor_b,False,False,False,55,0.5,-9,55,0.1,11,1,0,p=0.5→55; p=0.5→-9,p=0.9→11; p=0.00078125→51.5; p=0.00546875→52.5; p=0.0164063→53.5; p=0.0273438→54.5; p=0.0273438→55.5; p=0.0164063→56.5; p=0.00546875→57.5; p=0.00078125→58.5
5251,4252,False,False,15,30.0,31.25,1.25,B,0.2933333333333333,0.318938116997737,0.02560478366440372,A,none,False,False,False,30,1.0,30,54,0.75,-37,0,0,p=1→30; p=0→30,p=0.25→-37; p=0.75→54
5253,4254,True,False,18,-6.0,-6.0,0.0,tie,0.5777777777777778,0.6369362623789564,0.05915848460117856,B,none,False,False,False,-6,1.0,-6,0,0.75,-24,1,0,p=1→-6; p=0→-6,p=0.25→-24; p=0.0234375→-2.5; p=0.117188→-1.5; p=0.234375→-0.5; p=0.234375→0.5; p=0.117188→1.5; p=0.0234375→2.5
5257,4258,False,False,15,23.0,23.0,0.0,tie,0.5866666666666667,0.5568587602760838,0.02980790639058284,B,none,False,False,False,58,0.5,-12,23,1.0,23,0,0,p=0.5→58; p=0.5→-12,p=1→23
5261,4261,True,False,16,22.0,25.0,3.0,B,0.575,0.4191502586031745,0.15584974139682545,B,none,False,False,False,22,1.0,22,70,0.5,-20,0,0,p=1→22; p=0→22,p=0.5→-20; p=0.5→70
5267,4266,False,False,17,5.0,12.799999999999997,7.799999999999997,B,0.29411764705882354,0.3898118514386568,0.09569420437983328,A,strong_ev_b_humans_favor_a,False,False,False,14,0.1,4,34,0.6,-19,0,0,p=0.1→14; p=0.9→4,p=0.4→-19; p=0.6→34
5268,4266,True,False,15,5.0,12.799999999999997,7.799999999999997,B,0.4933333333333334,0.39891658606105623,0.09441674727227717,A,none,True,False,False,14,0.1,4,34,0.6,-19,0,0,p=0.1→14; p=0.9→4,p=0.4→-19; p=0.6→34
5271,4269,False,False,16,11.1,17.75,6.65,B,0.2750000000000001,0.4116837207018,0.1366837207017999,A,strong_ev_b_humans_favor_a,False,False,False,70,0.05,8,32,0.75,-25,1,0,p=0.05→70; p=0.95→8,p=0.25→-25; p=0.0234375→29.5; p=0.117188→30.5; p=0.234375→31.5; p=0.234375→32.5; p=0.117188→33.5; p=0.0234375→34.5
5272,4269,True,False,15,11.1,17.75,6.65,B,0.5733333333333335,0.5593565360505914,0.013976797282742037,B,none,False,False,False,70,0.05,8,32,0.75,-25,1,0,p=0.05→70; p=0.95→8,p=0.25→-25; p=0.0234375→29.5; p=0.117188→30.5; p=0.234375→31.5; p=0.234375→32.5; p=0.117188→33.5; p=0.0234375→34.5
5275,4271,True,False,17,14.0,11.0,-3.0,A,0.3294117647058824,0.2967015459319271,0.0327102187739553,A,none,False,False,False,14,1.0,14,13,0.75,5,1,0,p=1→14; p=0→14,p=0.25→5; p=0.00585938→9.5; p=0.0410156→10.5; p=0.123047→11.5; p=0.205078→12.5; p=0.205078→13.5; p=0.123047→14.5; p=0.0410156→15.5; p=0.00585938→16.5
5277,4273,True,True,16,5.0,9.5,4.5,B,0.6749999999999999,0.5749132752973545,0.10008672470264546,B,none,False,False,False,53,0.5,-43,83,0.25,-15,0,0,p=0.5→53; p=0.5→-43,p=0.75→-15; p=0.25→83
5278,4274,True,False,16,8.0,-2.16,-10.16,A,0.025,0.08037119305042652,0.055371193050426516,A,none,False,False,False,8,1.0,8,-2,0.99,-18,1,0,p=1→8; p=0→8,p=0.01→-18; p=0.495→-2.5; p=0.495→-1.5
5279,4275,True,False,16,29.0,22.6,-6.399999999999999,A,0.125,0.16944675530949216,0.04444675530949216,A,none,False,False,False,29,1.0,29,29,0.8,-3,0,0,p=1→29; p=0→29,p=0.2→-3; p=0.8→29
5292,4288,False,False,16,8.0,10.0,2.0,B,0.4625,0.4802849362593117,0.017784936259311657,A,none,True,False,False,8,1.0,8,100,0.1,0,0,0,p=1→8; p=0→8,p=0.9→0; p=0.1→100
5293,4288,True,False,15,8.0,10.0,2.0,B,0.2933333333333333,0.48722409952019924,0.19389076618686596,A,none,False,False,False,8,1.0,8,100,0.1,0,0,0,p=1→8; p=0→8,p=0.9→0; p=0.1→100
5317,4312,True,False,17,8.0,-0.5,-8.5,A,0.4941176470588234,0.2666473265024429,0.2274703205563805,A,none,True,False,False,8,1.0,8,103,0.1,-12,3,0,p=1→8; p=0→8,p=0.9→-12; p=0.05→104; p=0.05→102
5332,4323,False,False,16,13.0,17.8,4.800000000000001,B,0.5249999999999999,0.5564458989540555,0.031445898954055584,B,none,True,False,False,13,1.0,13,35,0.6,-8,1,0,p=1→13; p=0→13,p=0.4→-8; p=0.01875→32.5; p=0.09375→33.5; p=0.1875→34.5; p=0.1875→35.5; p=0.09375→36.5; p=0.01875→37.5
5333,4323,True,False,17,13.0,17.8,4.800000000000001,B,0.6705882352941176,0.5805670781731262,0.09002115712099135,B,none,False,False,False,13,1.0,13,35,0.6,-8,1,0,p=1→13; p=0→13,p=0.4→-8; p=0.01875→32.5; p=0.09375→33.5; p=0.1875→34.5; p=0.1875→35.5; p=0.09375→36.5; p=0.01875→37.5
5343,4330,False,False,16,19.0,24.75,5.75,B,0.5875,0.5221243024953997,0.06537569750460037,B,none,False,False,False,19,1.0,19,81,0.25,6,3,0,p=1→19; p=0→19,p=0.75→6; p=0.125→86; p=0.0625→84; p=0.03125→80; p=0.015625→72; p=0.0078125→56; p=0.0078125→24
5344,4330,True,False,17,19.0,24.75,5.75,B,0.5176470588235295,0.5184800545799988,0.0008329957564693347,B,none,True,False,False,19,1.0,19,81,0.25,6,3,0,p=1→19; p=0→19,p=0.75→6; p=0.125→86; p=0.0625→84; p=0.03125→80; p=0.015625→72; p=0.0078125→56; p=0.0078125→24
5347,4332,True,False,17,17.0,27.0,10.0,B,0.6235294117647061,0.5279272059591373,0.09560220580556877,B,none,False,False,False,17,1.0,17,93,0.25,5,0,0,p=1→17; p=0→17,p=0.75→5; p=0.25→93
5358,4339,False,True,16,-10.0,-11.4,-1.4000000000000004,A,0.5982142857142858,0.6957655764936262,0.09755129077934044,B,none,False,False,False,-10,1.0,-10,1,0.6,-30,1,0,p=1→-10; p=0→-10,p=0.4→-30; p=0.075→-0.5; p=0.225→0.5; p=0.225→1.5; p=0.075→2.5
5363,4343,True,False,17,27.0,27.8,0.8000000000000007,B,0.5882352941176471,0.5728043435253338,0.015430950592313253,B,none,False,False,False,27,1.0,27,38,0.4,21,1,0,p=1→27; p=0→27,p=0.6→21; p=0.0125→35.5; p=0.0625→36.5; p=0.125→37.5; p=0.125→38.5; p=0.0625→39.5; p=0.0125→40.5
5367,4346,False,True,16,5.0,6.5,1.5,B,0.2625000000000001,0.35151408011104324,0.08901408011104311,A,none,False,False,False,14,0.1,4,33,0.5,-20,0,0,p=0.1→14; p=0.9→4,p=0.5→-20; p=0.5→33
5368,4346,True,True,16,5.0,6.5,1.5,B,0.275,0.3796521393140507,0.10465213931405065,A,none,False,False,False,14,0.1,4,33,0.5,-20,0,0,p=0.1→14; p=0.9→4,p=0.5→-20; p=0.5→33
5369,4347,True,False,17,23.0,18.09,-4.91,A,0.388235294117647,0.3148544882289029,0.07338080588874413,A,none,False,False,False,23,1.0,23,27,0.01,18,3,0,p=1→23; p=0→23,p=0.99→18; p=0.005→30; p=0.0025→28; p=0.00125→24; p=0.00125→16
5388,4361,True,False,15,1.0,1.0,0.0,tie,0.3866666666666667,0.5888993070337895,0.20223264036712274,A,none,False,False,False,14,0.5,-12,1,1.0,1,1,0,p=0.5→14; p=0.5→-12,p=0.5→0.5; p=0.5→1.5
5389,4362,True,False,16,28.0,23.200000000000003,-4.799999999999997,A,0.475,0.37475034522805895,0.10024965477194103,A,none,True,False,False,28,1.0,28,84,0.2,8,2,0,p=1→28; p=0→28,p=0.8→8; p=0.1→82; p=0.05→84; p=0.05→88
5402,4372,False,False,16,7.0,0.40000000000000013,-6.6,A,0.07500000000000001,0.14817247016616814,0.07317247016616812,A,none,False,False,False,7,1.0,7,6,0.2,-1,0,0,p=1→7; p=0→7,p=0.8→-1; p=0.2→6
5403,4372,True,False,15,7.0,0.40000000000000013,-6.6,A,0.13333333333333333,0.0664380919755211,0.06689524135781223,A,none,False,False,False,7,1.0,7,6,0.2,-1,0,0,p=1→7; p=0→7,p=0.8→-1; p=0.2→6
5406,4375,True,False,16,22.0,25.7,3.6999999999999993,B,0.5125000000000001,0.4878096922362159,0.02469030776378417,B,none,True,False,False,22,1.0,22,33,0.9,-40,0,0,p=1→22; p=0→22,p=0.1→-40; p=0.9→33
5412,4380,False,False,16,4.49,0.5,-3.99,A,0.2375,0.24186396538247254,0.004363965382472551,A,none,False,False,False,53,0.01,4,35,0.25,-11,0,0,p=0.01→53; p=0.99→4,p=0.75→-11; p=0.25→35
5413,4380,True,False,17,4.49,0.5,-3.99,A,0.2588235294117648,0.2349818747310174,0.023841654680747393,A,none,False,False,False,53,0.01,4,35,0.25,-11,0,0,p=0.01→53; p=0.99→4,p=0.75→-11; p=0.25→35
5417,4384,True,False,18,7.0,6.000000000000002,-0.9999999999999982,A,0.6111111111111109,0.3966596742725212,0.21445143683858975,B,none,False,False,False,7,1.0,7,14,0.8,-26,0,0,p=1→7; p=0→7,p=0.2→-26; p=0.8→14
5418,4385,False,True,16,-8.0,-6.06,1.9400000000000004,B,0.4625,0.593906851886084,0.13140685188608403,A,none,True,False,False,-8,1.0,-8,-6,0.99,-12,0,0,p=1→-8; p=0→-8,p=0.01→-12; p=0.99→-6
5419,4385,True,True,15,-8.0,-6.06,1.9400000000000004,B,0.7733333333333333,0.6447035404443388,0.12862979288899457,B,none,False,False,False,-8,1.0,-8,-6,0.99,-12,0,0,p=1→-8; p=0→-8,p=0.01→-12; p=0.99→-6
5434,4396,False,True,16,11.0,9.3,-1.6999999999999993,A,0.1375,0.1952585961676415,0.05775859616764148,A,none,False,False,False,11,1.0,11,11,0.9,-6,0,0,p=1→11; p=0→11,p=0.1→-6; p=0.9→11
5435,4396,True,True,15,11.0,9.3,-1.6999999999999993,A,0.16,0.19372299687352626,0.033722996873526256,A,none,False,False,False,11,1.0,11,11,0.9,-6,0,0,p=1→11; p=0→11,p=0.1→-6; p=0.9→11
5452,4410,False,False,16,17.65,12.25,-5.399999999999999,A,0.17500000000000002,0.24346916240578742,0.0684691624057874,A,none,False,False,False,68,0.05,15,55,0.25,-2,0,0,p=0.05→68; p=0.95→15,p=0.75→-2; p=0.25→55
5475,4427,True,False,19,25.25,23.0,-2.25,A,0.37894736842105264,0.41273593888666193,0.03378857046560929,A,none,False,False,False,29,0.75,14,95,0.2,5,0,0,p=0.75→29; p=0.25→14,p=0.8→5; p=0.2→95
5477,4429,True,False,18,26.0,17.85,-8.149999999999999,A,0.13333333333333336,0.1030813464641694,0.030251986869163958,A,none,False,False,False,26,0.05,26,18,0.99,3,0,0,p=0.05→26; p=0.95→26,p=0.01→3; p=0.99→18
5480,4432,True,False,15,20.150000000000002,20.75,0.5999999999999979,B,0.24,0.49361744205846714,0.25361744205846715,A,none,False,False,False,42,0.05,19,32,0.25,17,0,0,p=0.05→42; p=0.95→19,p=0.75→17; p=0.25→32
5486,4438,True,True,16,1.0,-1.4999999999999991,-2.499999999999999,A,0.45,0.5468421903336824,0.09684219033368241,A,none,True,False,False,1,1.0,1,66,0.1,-9,0,0,p=1→1; p=0→1,p=0.9→-9; p=0.1→66
5493,4445,True,False,17,24.8,25.0,0.1999999999999993,B,0.4941176470588236,0.5239191350791619,0.029801488020338274,A,none,True,False,False,32,0.8,-4,25,1.0,25,0,0,p=0.8→32; p=0.2→-4,p=1→25
5494,4446,True,False,16,23.900000000000002,22.0,-1.9000000000000021,A,0.575,0.366518185227359,0.20848181477264094,B,none,False,False,False,50,0.1,21,29,0.5,15,1,0,p=0.1→50; p=0.9→21,p=0.5→15; p=0.015625→26.5; p=0.078125→27.5; p=0.15625→28.5; p=0.15625→29.5; p=0.078125→30.5; p=0.015625→31.5
5505,4456,False,False,16,10.0,8.600000000000001,-1.3999999999999986,A,0.2375,0.3429885960820355,0.10548859608203554,A,none,False,False,False,10,1.0,10,13,0.8,-9,0,0,p=1→10; p=0→10,p=0.2→-9; p=0.8→13
5506,4456,True,False,15,10.0,8.600000000000001,-1.3999999999999986,A,0.4,0.368456777941404,0.031543222058596,A,none,False,False,False,10,1.0,10,13,0.8,-9,0,0,p=1→10; p=0→10,p=0.2→-9; p=0.8→13
5512,4461,False,False,16,5.0,4.200000000000001,-0.7999999999999989,A,0.2,0.2780615789448916,0.07806157894489157,A,none,False,False,False,5,1.0,5,6,0.8,-3,0,0,p=1→5; p=0→5,p=0.2→-3; p=0.8→6
5533,4478,True,False,18,-9.75,0.9000000000000004,10.65,B,0.6333333333333333,0.594259161495986,0.039074171837347293,B,none,False,False,False,21,0.25,-20,108,0.1,-11,0,1,p=0.25→21; p=0.75→-20,p=0.9→-11; p=0.1→108
5553,4492,False,False,16,13.0,15.5,2.5,B,0.45,0.4925174644346867,0.04251746443468668,A,none,True,False,False,93,0.2,-7,61,0.5,-30,0,1,p=0.2→93; p=0.8→-7,p=0.5→-30; p=0.5→61
5559,4496,True,False,16,0.0,-1.4000000000000004,-1.4000000000000004,A,0.425,0.46060659013968996,0.035606590139689975,A,none,False,False,False,18,0.1,-2,85,0.1,-11,1,0,p=0.1→18; p=0.9→-2,p=0.9→-11; p=0.003125→82.5; p=0.015625→83.5; p=0.03125→84.5; p=0.03125→85.5; p=0.015625→86.5; p=0.003125→87.5
5569,4503,False,True,16,1.0,-3.5,-4.5,A,0.15000000000000002,0.16310083616233942,0.013100836162339397,A,none,False,False,False,1,1.0,1,-2,0.75,-8,1,0,p=1→1; p=0→1,p=0.25→-8; p=0.0234375→-4.5; p=0.117188→-3.5; p=0.234375→-2.5; p=0.234375→-1.5; p=0.117188→-0.5; p=0.0234375→0.5
5577,4509,True,False,18,-8.8,-6.0,2.8000000000000007,B,0.3444444444444445,0.4229530382068831,0.07850859376243863,A,none,False,False,False,6,0.6,-31,-3,0.75,-15,0,0,p=0.6→6; p=0.4→-31,p=0.25→-15; p=0.75→-3
5584,4515,False,True,16,20.0,24.4,4.399999999999999,B,0.3875,0.4349554458158034,0.04745544581580341,A,none,False,False,False,20,1.0,20,42,0.6,-2,0,0,p=1→20; p=0→20,p=0.4→-2; p=0.6→42
5585,4515,True,True,16,20.0,24.4,4.399999999999999,B,0.5375000000000001,0.4784615418275067,0.05903845817249337,B,none,True,False,False,20,1.0,20,42,0.6,-2,0,0,p=1→20; p=0→20,p=0.4→-2; p=0.6→42
5587,4517,True,False,16,26.4,29.700000000000003,3.3000000000000043,B,0.8,0.6936461344754767,0.1063538655245233,B,none,False,False,False,30,0.8,12,31,0.9,18,0,0,p=0.8→30; p=0.2→12,p=0.1→18; p=0.9→31
5589,4519,True,False,18,24.8,21.75,-3.0500000000000007,A,0.7333333333333334,0.5702398305379274,0.16309350279540602,B,none,False,False,False,30,0.9,-22,96,0.01,21,2,0,p=0.9→30; p=0.1→-22,p=0.99→21; p=0.005→90; p=0.0025→92; p=0.00125→96; p=0.000625→104; p=0.0003125→120; p=0.00015625→152; p=0.00015625→216
5592,4521,True,False,16,17.0,14.55,-2.4499999999999993,A,0.4500000000000001,0.41517913273240964,0.03482086726759048,A,none,True,False,False,17,1.0,17,44,0.05,13,0,0,p=1→17; p=0→17,p=0.95→13; p=0.05→44
5593,4522,False,False,15,13.0,13.0,0.0,tie,0.52,0.4988638398878302,0.021136160112169844,B,none,True,False,False,15,0.8,5,13,1.0,13,1,0,p=0.8→15; p=0.2→5,p=0.5→12.5; p=0.5→13.5
5594,4522,True,False,17,13.0,13.0,0.0,tie,0.4588235294117648,0.5048899329117982,0.04606640350003338,A,none,True,False,False,15,0.8,5,13,1.0,13,1,0,p=0.8→15; p=0.2→5,p=0.5→12.5; p=0.5→13.5
5599,4526,False,True,16,6.0,6.200000000000001,0.20000000000000107,B,0.3625,0.38564423437037454,0.02314423437037455,A,none,False,False,False,6,1.0,6,44,0.4,-19,0,0,p=1→6; p=0→6,p=0.6→-19; p=0.4→44
5600,4526,True,True,17,6.0,6.200000000000001,0.20000000000000107,B,0.6000000000000001,0.41071721358728347,0.18928278641271662,B,none,False,False,False,6,1.0,6,44,0.4,-19,0,0,p=1→6; p=0→6,p=0.6→-19; p=0.4→44
5611,4534,True,False,15,10.75,10.5,-0.25,A,0.6533333333333334,0.5360216121011921,0.11731172123214129,B,none,False,False,False,43,0.25,0,11,0.5,10,2,0,p=0.25→43; p=0.75→0,p=0.5→10; p=0.25→8; p=0.125→10; p=0.0625→14; p=0.0625→22
5616,4538,True,False,15,5.0,-0.9999999999999964,-5.9999999999999964,A,0.48,0.31849857439048657,0.16150142560951342,A,none,True,False,False,5,1.0,5,56,0.4,-39,0,0,p=1→5; p=0→5,p=0.6→-39; p=0.4→56
5633,4555,True,False,16,3.6500000000000004,2.3999999999999986,-1.2500000000000018,A,0.5875,0.3823715028323629,0.20512849716763715,B,none,False,False,False,54,0.05,1,18,0.6,-21,1,0,p=0.05→54; p=0.95→1,p=0.4→-21; p=0.0046875→14.5; p=0.0328125→15.5; p=0.0984375→16.5; p=0.164062→17.5; p=0.164062→18.5; p=0.0984375→19.5; p=0.0328125→20.5; p=0.0046875→21.5
5645,4567,True,False,17,21.0,24.0,3.0,B,0.5764705882352942,0.5879515731062877,0.011480984870993471,B,none,False,False,False,21,1.0,21,35,0.75,-9,1,0,p=1→21; p=0→21,p=0.25→-9; p=0.00585938→31.5; p=0.0410156→32.5; p=0.123047→33.5; p=0.205078→34.5; p=0.205078→35.5; p=0.123047→36.5; p=0.0410156→37.5; p=0.00585938→38.5
5655,4577,True,False,15,10.0,4.5,-5.5,A,0.5466666666666666,0.4070551542124951,0.13961151245417153,B,none,True,False,False,10,1.0,10,16,0.5,-7,2,0,p=1→10; p=0→10,p=0.5→-7; p=0.25→11; p=0.125→13; p=0.0625→17; p=0.03125→25; p=0.015625→41; p=0.015625→73
5666,4585,True,False,16,14.0,12.0,-2.0,A,0.3875000000000001,0.23005451858973003,0.1574454814102701,A,none,False,False,False,14,1.0,14,12,0.25,12,1,0,p=1→14; p=0→14,p=0.75→12; p=0.00195312→8.5; p=0.0136719→9.5; p=0.0410156→10.5; p=0.0683594→11.5; p=0.0683594→12.5; p=0.0410156→13.5; p=0.0136719→14.5; p=0.00195312→15.5
5672,4590,False,True,16,-9.75,2.4000000000000004,12.15,B,0.575,0.7287246782489164,0.15372467824891645,B,none,False,False,False,93,0.25,-44,4,0.2,2,0,0,p=0.25→93; p=0.75→-44,p=0.8→2; p=0.2→4
5673,4590,True,True,16,-9.75,2.4000000000000004,12.15,B,0.7125,0.7458709443475451,0.03337094434754506,B,none,False,False,False,93,0.25,-44,4,0.2,2,0,0,p=0.25→93; p=0.75→-44,p=0.8→2; p=0.2→4
5681,4597,False,False,16,-4.999999999999999,0.8000000000000007,5.8,B,0.7250000000000001,0.6752362355796149,0.049763764420385215,B,none,False,False,False,19,0.4,-21,28,0.6,-40,1,0,p=0.4→19; p=0.6→-21,p=0.4→-40; p=0.075→26.5; p=0.225→27.5; p=0.225→28.5; p=0.075→29.5
5682,4597,True,False,15,-4.999999999999999,0.8000000000000007,5.8,B,0.84,0.6506304349618854,0.18936956503811453,B,none,False,False,False,19,0.4,-21,28,0.6,-40,1,0,p=0.4→19; p=0.6→-21,p=0.4→-40; p=0.075→26.5; p=0.225→27.5; p=0.225→28.5; p=0.075→29.5
5686,4601,True,False,16,21.0,15.0,-6.0,A,0.28750000000000003,0.29872280914841876,0.011222809148418722,A,none,False,False,False,21,1.0,21,30,0.4,5,0,0,p=1→21; p=0→21,p=0.6→5; p=0.4→30
5695,4609,False,False,16,19.200000000000003,19.0,-0.20000000000000284,A,0.6625,0.6144614846055722,0.04803851539442783,B,none,False,False,False,72,0.4,-16,19,1.0,19,1,0,p=0.4→72; p=0.6→-16,p=0.125→17.5; p=0.375→18.5; p=0.375→19.5; p=0.125→20.5
5696,4609,True,False,16,19.200000000000003,19.0,-0.20000000000000284,A,0.6375,0.5983394176533221,0.03916058234667785,B,none,False,False,False,72,0.4,-16,19,1.0,19,1,0,p=0.4→72; p=0.6→-16,p=0.125→17.5; p=0.375→18.5; p=0.375→19.5; p=0.125→20.5
5705,4617,False,False,16,25.0,18.5,-6.5,A,0.2125,0.19270398852367243,0.019796011476327563,A,none,False,False,False,25,1.0,25,20,0.25,18,0,0,p=1→25; p=0→25,p=0.75→18; p=0.25→20
5709,4621,False,False,16,7.8,10.5,2.7,B,0.7,0.7277075874173556,0.027707587417355684,B,none,False,False,False,105,0.1,-3,27,0.25,5,1,0,p=0.1→105; p=0.9→-3,p=0.75→5; p=0.125→26.5; p=0.125→27.5
5710,4621,True,False,16,7.8,10.5,2.7,B,0.7000000000000001,0.727890283597183,0.02789028359718293,B,none,False,False,False,105,0.1,-3,27,0.25,5,1,0,p=0.1→105; p=0.9→-3,p=0.75→5; p=0.125→26.5; p=0.125→27.5
5723,4632,True,False,17,25.0,36.900000000000006,11.900000000000006,B,0.7411764705882353,0.8015813624000246,0.06040489181178932,B,none,False,False,False,25,1.0,25,38,0.95,16,1,0,p=1→25; p=0→25,p=0.05→16; p=0.00742187→34.5; p=0.0519531→35.5; p=0.155859→36.5; p=0.259766→37.5; p=0.259766→38.5; p=0.155859→39.5; p=0.0519531→40.5; p=0.00742187→41.5
5744,4649,False,True,19,4.2,3.0,-1.2000000000000002,A,0.5473684210526315,0.43377233759818823,0.11359608345444328,B,none,True,False,False,15,0.4,-3,3,0.99,3,3,0,p=0.4→15; p=0.6→-3,p=0.01→3; p=0.495→5; p=0.2475→3; p=0.2475→-1
5745,4649,True,True,17,4.2,3.0,-1.2000000000000002,A,0.5176470588235293,0.4227196715411643,0.09492738728236505,B,none,True,False,False,15,0.4,-3,3,0.99,3,3,0,p=0.4→15; p=0.6→-3,p=0.01→3; p=0.495→5; p=0.2475→3; p=0.2475→-1
5750,4653,True,True,17,10.0,-4.78,-14.780000000000001,A,0.14117647058823532,0.3989712500454898,0.2577947794572545,A,none,False,False,False,10,1.0,10,17,0.01,-5,0,0,p=1→10; p=0→10,p=0.99→-5; p=0.01→17
5755,4658,True,False,17,28.0,27.4,-0.6000000000000014,A,0.5294117647058822,0.4699385554525917,0.05947320925329053,B,none,True,False,False,28,1.0,28,30,0.8,17,1,0,p=1→28; p=0→28,p=0.2→17; p=0.025→27.5; p=0.125→28.5; p=0.25→29.5; p=0.25→30.5; p=0.125→31.5; p=0.025→32.5
5760,4662,False,False,19,17.0,24.27,7.27,B,0.5578947368421053,0.7725029321458259,0.21460819530372055,B,none,False,False,False,17,1.0,17,51,0.01,24,1,0,p=1→17; p=0→17,p=0.99→24; p=7.8125e-05→47.5; p=0.000546875→48.5; p=0.00164062→49.5; p=0.00273438→50.5; p=0.00273438→51.5; p=0.00164062→52.5; p=0.000546875→53.5; p=7.8125e-05→54.5
5761,4662,True,False,16,17.0,24.27,7.27,B,0.8875000000000001,0.8295660362853785,0.05793396371462156,B,none,False,False,False,17,1.0,17,51,0.01,24,1,0,p=1→17; p=0→17,p=0.99→24; p=7.8125e-05→47.5; p=0.000546875→48.5; p=0.00164062→49.5; p=0.00273438→50.5; p=0.00273438→51.5; p=0.00164062→52.5; p=0.000546875→53.5; p=7.8125e-05→54.5
5764,4665,True,True,19,-5.3,-0.8999999999999999,4.4,B,0.8842105263157896,0.6957326080367245,0.18847791827906502,B,none,False,False,False,37,0.1,-10,77,0.05,-5,0,0,p=0.1→37; p=0.9→-10,p=0.95→-5; p=0.05→77
5774,4674,True,False,16,29.8,27.0,-2.8000000000000007,A,0.4125,0.5389469228766558,0.12644692287665582,A,none,False,False,False,105,0.2,11,36,0.25,24,1,0,p=0.2→105; p=0.8→11,p=0.75→24; p=0.00195312→32.5; p=0.0136719→33.5; p=0.0410156→34.5; p=0.0683594→35.5; p=0.0683594→36.5; p=0.0410156→37.5; p=0.0136719→38.5; p=0.00195312→39.5
5775,4675,True,False,16,18.0,22.0,4.0,B,0.7125,0.5235886706045941,0.1889113293954059,B,none,False,False,False,18,1.0,18,49,0.5,-5,1,0,p=1→18; p=0→18,p=0.5→-5; p=0.0625→47.5; p=0.1875→48.5; p=0.1875→49.5; p=0.0625→50.5
5782,4681,True,True,17,3.0,9.7,6.699999999999999,B,0.8352941176470587,0.880210977068015,0.044916859420956246,B,none,False,False,False,3,1.0,3,10,0.9,7,1,0,p=1→3; p=0→3,p=0.1→7; p=0.1125→8.5; p=0.3375→9.5; p=0.3375→10.5; p=0.1125→11.5
5783,4682,False,True,16,-7.999999999999998,-7.2,0.799999999999998,B,0.375,0.5685045686713193,0.19350456867131927,A,none,False,False,False,-1,0.8,-36,-6,0.8,-12,3,0,p=0.8→-1; p=0.2→-36,p=0.2→-12; p=0.4→-2; p=0.2→-4; p=0.1→-8; p=0.05→-16; p=0.05→-32
5784,4682,True,True,15,-7.999999999999998,-7.2,0.799999999999998,B,0.4,0.5697542232097779,0.16975422320977784,A,none,False,False,False,-1,0.8,-36,-6,0.8,-12,3,0,p=0.8→-1; p=0.2→-36,p=0.2→-12; p=0.4→-2; p=0.2→-4; p=0.1→-8; p=0.05→-16; p=0.05→-32
5792,4688,True,True,17,24.0,24.0,0.0,tie,0.6352941176470589,0.4982611894482001,0.13703292819885882,B,none,False,False,False,24,1.0,24,24,1.0,24,1,0,p=1→24; p=0→24,p=0.125→22.5; p=0.375→23.5; p=0.375→24.5; p=0.125→25.5
5801,4694,False,False,15,12.0,9.600000000000001,-2.3999999999999986,A,0.33333333333333337,0.21520295824691554,0.11813037508641783,A,none,False,False,False,12,1.0,12,12,0.2,9,0,0,p=1→12; p=0→12,p=0.8→9; p=0.2→12
5802,4694,True,False,17,12.0,9.600000000000001,-2.3999999999999986,A,0.011764705882352941,0.15644568178466822,0.14468097590231527,A,none,False,False,False,12,1.0,12,12,0.2,9,0,0,p=1→12; p=0→12,p=0.8→9; p=0.2→12
5808,4698,False,False,32,18.0,21.8,3.8000000000000007,B,0.58125,0.6383421553644868,0.05709215536448675,B,none,False,False,False,18,1.0,18,38,0.4,11,0,0,p=1→18; p=0→18,p=0.6→11; p=0.4→38
5809,4698,True,False,18,18.0,21.8,3.8000000000000007,B,0.8111111111111113,0.6416216847730359,0.1694894263380754,B,none,False,False,False,18,1.0,18,38,0.4,11,0,0,p=1→18; p=0→18,p=0.6→11; p=0.4→38
5817,4703,False,True,16,-7.0,-12.8,-5.800000000000001,A,0.07500000000000001,0.16371981252027046,0.08871981252027045,A,none,False,False,False,-7,1.0,-7,-11,0.1,-13,1,0,p=1→-7; p=0→-7,p=0.9→-13; p=0.05→-11.5; p=0.05→-10.5
5818,4703,True,True,16,-7.0,-12.8,-5.800000000000001,A,0.2375,0.13380881438934938,0.1036911856106506,A,none,False,False,False,-7,1.0,-7,-11,0.1,-13,1,0,p=1→-7; p=0→-7,p=0.9→-13; p=0.05→-11.5; p=0.05→-10.5
5820,4705,False,False,15,23.0,29.599999999999998,6.599999999999998,B,0.48,0.5198783489542249,0.03987834895422493,A,none,True,False,False,23,1.0,23,64,0.6,-22,2,0,p=1→23; p=0→23,p=0.4→-22; p=0.3→63; p=0.3→65
5821,4705,True,False,16,23.0,29.599999999999998,6.599999999999998,B,0.4875,0.5391235075081936,0.05162350750819361,A,none,True,False,False,23,1.0,23,64,0.6,-22,2,0,p=1→23; p=0→23,p=0.4→-22; p=0.3→63; p=0.3→65
5837,4717,True,False,16,9.2,14.200000000000003,5.0000000000000036,B,0.23750000000000004,0.3909754240572928,0.15347542405729275,A,strong_ev_b_humans_favor_a,False,False,True,13,0.05,9,107,0.2,-9,0,0,p=0.05→13; p=0.95→9,p=0.8→-9; p=0.2→107
5842,4721,True,True,18,8.0,6.25,-1.75,A,0.5888888888888889,0.462741715575825,0.1261471733130639,B,none,False,False,False,8,1.0,8,28,0.25,-1,0,0,p=1→8; p=0→8,p=0.75→-1; p=0.25→28
5843,4722,True,True,18,-5.0,-6.800000000000001,-1.8000000000000007,A,0.6666666666666667,0.6742314915362893,0.007564824869622511,B,none,False,False,False,-5,1.0,-5,42,0.2,-19,0,0,p=1→-5; p=0→-5,p=0.8→-19; p=0.2→42
5853,4730,True,False,17,-1.0,-2.25,-1.25,A,0.4352941176470588,0.5137707063280487,0.07847658868098989,A,none,False,False,False,-1,1.0,-1,66,0.25,-25,0,0,p=1→-1; p=0→-1,p=0.75→-25; p=0.25→66
5863,4738,False,False,15,1.0,1.1500000000000001,0.15000000000000013,B,0.5047619047619047,0.5856520551738438,0.08089015041193903,B,none,True,False,False,1,1.0,1,23,0.05,0,0,0,p=1→1; p=0→1,p=0.95→0; p=0.05→23
5864,4738,True,False,15,1.0,1.1500000000000001,0.15000000000000013,B,0.3466666666666667,0.5914303884457565,0.24476372177908978,A,none,False,False,False,1,1.0,1,23,0.05,0,0,0,p=1→1; p=0→1,p=0.95→0; p=0.05→23
5865,4739,True,False,18,15.0,16.97,1.9699999999999989,B,0.8333333333333334,0.7418322779885446,0.0915010553447888,B,none,False,False,False,15,1.0,15,17,0.99,14,0,0,p=1→15; p=0→15,p=0.01→14; p=0.99→17
5877,4748,True,False,16,23.0,22.799999999999997,-0.20000000000000284,A,0.4125,0.3839415688591683,0.028558431140831675,A,none,False,False,False,23,1.0,23,46,0.6,-12,0,0,p=1→23; p=0→23,p=0.4→-12; p=0.6→46
5882,4753,False,False,15,25.0,24.8,-0.1999999999999993,A,0.30666666666666664,0.45666259168102946,0.14999592501436282,A,none,False,False,False,25,1.0,25,30,0.6,17,0,0,p=1→25; p=0→25,p=0.4→17; p=0.6→30
5883,4753,True,False,15,25.0,24.8,-0.1999999999999993,A,0.36000000000000004,0.4531187088941843,0.09311870889418428,A,none,False,False,False,25,1.0,25,30,0.6,17,0,0,p=1→25; p=0→25,p=0.4→17; p=0.6→30
5886,4755,False,True,15,12.0,8.600000000000001,-3.3999999999999986,A,0.6666666666666666,0.6362977845200616,0.030368882146605047,B,none,False,False,False,12,1.0,12,68,0.1,2,0,0,p=1→12; p=0→12,p=0.9→2; p=0.1→68
5887,4755,True,True,15,12.0,8.600000000000001,-3.3999999999999986,A,0.5466666666666666,0.61204134268987,0.06537467602320335,B,none,True,False,False,12,1.0,12,68,0.1,2,0,0,p=1→12; p=0→12,p=0.9→2; p=0.1→68
5890,4758,True,False,18,29.0,31.0,2.0,B,0.4666666666666667,0.3507656943282813,0.11590097233838537,A,none,True,False,False,29,1.0,29,102,0.5,-40,0,0,p=1→29; p=0→29,p=0.5→-40; p=0.5→102
5897,4762,False,False,16,-3.0,-2.1999999999999993,0.8000000000000007,B,0.6125,0.6268157997370529,0.014315799737052881,B,none,False,False,False,-3,1.0,-3,59,0.1,-9,0,0,p=1→-3; p=0→-3,p=0.9→-9; p=0.1→59
5898,4762,True,False,15,-3.0,-2.1999999999999993,0.8000000000000007,B,0.56,0.5998667774422305,0.03986677744223044,B,none,False,False,False,-3,1.0,-3,59,0.1,-9,0,0,p=1→-3; p=0→-3,p=0.9→-9; p=0.1→59
5910,4773,True,False,18,14.0,17.5,3.5,B,0.4888888888888888,0.6132795377925223,0.1243906489036335,A,none,True,False,False,14,1.0,14,49,0.25,7,0,0,p=1→14; p=0→14,p=0.75→7; p=0.25→49
5916,4778,False,False,15,19.0,18.8,-0.1999999999999993,A,0.4400000000000001,0.42395312343053954,0.016046876569460577,A,none,False,False,False,19,1.0,19,86,0.2,2,0,0,p=1→19; p=0→19,p=0.8→2; p=0.2→86
5917,4778,True,False,15,19.0,18.8,-0.1999999999999993,A,0.28,0.4167256280869034,0.13672562808690336,A,none,False,False,False,19,1.0,19,86,0.2,2,0,0,p=1→19; p=0→19,p=0.8→2; p=0.2→86
5918,4779,False,True,16,-3.0,-3.299999999999999,-0.29999999999999893,A,0.85,0.6400765259420319,0.20992347405796807,B,none,False,False,False,3,0.4,-7,48,0.1,-9,0,1,p=0.4→3; p=0.6→-7,p=0.9→-9; p=0.1→48
5919,4779,True,True,16,-3.0,-3.299999999999999,-0.29999999999999893,A,0.7125,0.6357532276836715,0.07674677231632854,B,none,False,False,False,3,0.4,-7,48,0.1,-9,0,1,p=0.4→3; p=0.6→-7,p=0.9→-9; p=0.1→48
5930,4787,False,False,32,21.0,14.5,-6.5,A,0.41875,0.3018867737950496,0.11686322620495043,A,none,False,False,False,21,1.0,21,71,0.5,-42,0,0,p=1→21; p=0→21,p=0.5→-42; p=0.5→71
5931,4787,True,False,17,21.0,14.5,-6.5,A,0.4823529411764706,0.3346929404924739,0.1476600006839967,A,none,True,False,False,21,1.0,21,71,0.5,-42,0,0,p=1→21; p=0→21,p=0.5→-42; p=0.5→71
5934,4789,False,True,16,18.0,13.95,-4.050000000000001,A,0.6375000000000001,0.6050594557476751,0.03244054425232501,B,none,False,False,False,18,1.0,18,51,0.05,12,0,0,p=1→18; p=0→18,p=0.95→12; p=0.05→51
5937,4791,True,False,19,9.0,8.8,-0.1999999999999993,A,0.7368421052631579,0.4860457280114375,0.2507963772517204,B,none,False,False,False,9,1.0,9,14,0.9,-38,1,0,p=1→9; p=0→9,p=0.1→-38; p=0.028125→11.5; p=0.140625→12.5; p=0.28125→13.5; p=0.28125→14.5; p=0.140625→15.5; p=0.028125→16.5
5945,4797,False,False,15,25.75,20.0,-5.75,A,0.3333333333333333,0.32440497588780715,0.00892835744552617,A,none,False,False,False,43,0.25,20,29,0.1,19,0,-1,p=0.25→43; p=0.75→20,p=0.9→19; p=0.1→29
5946,4797,True,False,15,25.75,20.0,-5.75,A,0.16000000000000006,0.2731256966443253,0.11312569664432523,A,none,False,False,False,43,0.25,20,29,0.1,19,0,-1,p=0.25→43; p=0.75→20,p=0.9→19; p=0.1→29
5949,4799,False,True,16,16.0,23.47,7.469999999999999,B,0.825,0.7938552772415837,0.031144722758416288,B,none,False,False,False,16,1.0,16,70,0.01,23,0,0,p=1→16; p=0→16,p=0.99→23; p=0.01→70
5950,4799,True,True,16,16.0,23.47,7.469999999999999,B,0.825,0.8768070585658185,0.051807058565818576,B,none,False,False,False,16,1.0,16,70,0.01,23,0,0,p=1→16; p=0→16,p=0.99→23; p=0.01→70
5951,4800,True,False,16,17.0,24.139999999999997,7.139999999999997,B,0.9,0.8511090135678182,0.048890986432181816,B,none,False,False,False,17,1.0,17,38,0.01,24,1,0,p=1→17; p=0→17,p=0.99→24; p=0.0003125→35.5; p=0.0015625→36.5; p=0.003125→37.5; p=0.003125→38.5; p=0.0015625→39.5; p=0.0003125→40.5
5959,4806,False,False,18,3.0,8.25,5.25,B,0.7333333333333333,0.6836314972471724,0.049701836086160855,B,none,False,False,False,36,0.5,-30,27,0.25,2,1,1,p=0.5→36; p=0.5→-30,p=0.75→2; p=0.03125→25.5; p=0.09375→26.5; p=0.09375→27.5; p=0.03125→28.5
5960,4806,True,False,17,3.0,8.25,5.25,B,0.7058823529411766,0.6739384385348356,0.031943914406341034,B,none,False,False,False,36,0.5,-30,27,0.25,2,1,1,p=0.5→36; p=0.5→-30,p=0.75→2; p=0.03125→25.5; p=0.09375→26.5; p=0.09375→27.5; p=0.03125→28.5
5964,4809,False,False,17,8.299999999999997,4.800000000000001,-3.4999999999999964,A,0.5529411764705882,0.32673366333334697,0.2262075131372412,B,none,False,False,False,11,0.95,-43,66,0.1,-2,0,0,p=0.95→11; p=0.05→-43,p=0.9→-2; p=0.1→66
5972,4817,True,False,16,-3.0,-8.25,-5.25,A,0.275,0.3391947013887001,0.06419470138870009,A,none,False,False,False,-3,1.0,-3,-8,0.75,-9,2,0,p=1→-3; p=0→-3,p=0.25→-9; p=0.375→-11; p=0.1875→-9; p=0.09375→-5; p=0.09375→3
5973,4818,False,True,15,5.0,9.4,4.4,B,0.7066666666666666,0.6162847383675891,0.09038192829907743,B,none,False,False,False,56,0.25,-12,25,0.4,-1,0,0,p=0.25→56; p=0.75→-12,p=0.6→-1; p=0.4→25
5974,4818,True,True,15,5.0,9.4,4.4,B,0.6266666666666667,0.6074505120019328,0.01921615466473392,B,none,False,False,False,56,0.25,-12,25,0.4,-1,0,0,p=0.25→56; p=0.75→-12,p=0.6→-1; p=0.4→25
5987,4825,True,False,33,-7.0,-10.700000000000001,-3.700000000000001,A,0.5454545454545454,0.47465218074786536,0.07080236470668005,B,none,True,False,False,-6,0.8,-11,82,0.1,-21,0,0,p=0.8→-6; p=0.2→-11,p=0.9→-21; p=0.1→82
5996,4832,False,True,17,0.09999999999999998,8.0,7.9,B,0.7604278074866311,0.6870122842039028,0.07341552328272827,B,none,False,False,False,10,0.1,-1,19,0.5,-3,0,0,p=0.1→10; p=0.9→-1,p=0.5→-3; p=0.5→19
5997,4832,True,True,16,0.09999999999999998,8.0,7.9,B,0.8250000000000001,0.736687033323403,0.08831296667659705,B,none,False,False,False,10,0.1,-1,19,0.5,-3,0,0,p=0.1→10; p=0.9→-1,p=0.5→-3; p=0.5→19
6009,4841,False,False,17,27.849999999999998,24.999999999999996,-2.8500000000000014,A,0.25882352941176473,0.46020336661972633,0.2013798372079616,A,none,False,False,False,28,0.99,13,73,0.6,-47,1,-1,p=0.99→28; p=0.01→13,p=0.4→-47; p=0.01875→70.5; p=0.09375→71.5; p=0.1875→72.5; p=0.1875→73.5; p=0.09375→74.5; p=0.01875→75.5
6010,4841,True,False,16,27.849999999999998,24.999999999999996,-2.8500000000000014,A,0.3375,0.46518590149831196,0.12768590149831194,A,none,False,False,False,28,0.99,13,73,0.6,-47,1,-1,p=0.99→28; p=0.01→13,p=0.4→-47; p=0.01875→70.5; p=0.09375→71.5; p=0.1875→72.5; p=0.1875→73.5; p=0.09375→74.5; p=0.01875→75.5
6017,4846,False,False,16,-3.0,-7.3999999999999995,-4.3999999999999995,A,0.1625,0.2000863264792084,0.0375863264792084,A,none,False,False,False,-3,1.0,-3,-5,0.9,-29,1,0,p=1→-3; p=0→-3,p=0.1→-29; p=0.00703125→-8.5; p=0.0492187→-7.5; p=0.147656→-6.5; p=0.246094→-5.5; p=0.246094→-4.5; p=0.147656→-3.5; p=0.0492187→-2.5; p=0.00703125→-1.5
6018,4846,True,False,18,-3.0,-7.3999999999999995,-4.3999999999999995,A,0.07777777777777778,0.2060950232243667,0.12831724544658893,A,none,False,False,False,-3,1.0,-3,-5,0.9,-29,1,0,p=1→-3; p=0→-3,p=0.1→-29; p=0.00703125→-8.5; p=0.0492187→-7.5; p=0.147656→-6.5; p=0.246094→-5.5; p=0.246094→-4.5; p=0.147656→-3.5; p=0.0492187→-2.5; p=0.00703125→-1.5
6026,4852,True,False,19,-0.04999999999999982,-0.75,-0.7000000000000002,A,0.4736842105263158,0.4927987210068367,0.019114510480520874,A,none,True,False,False,37,0.05,-2,3,0.25,-2,0,0,p=0.05→37; p=0.95→-2,p=0.75→-2; p=0.25→3
6030,4855,False,False,16,13.0,5.75,-7.25,A,0.2875,0.31097823417327763,0.023478234173277657,A,none,False,False,False,13,1.0,13,47,0.25,-8,0,0,p=1→13; p=0→13,p=0.75→-8; p=0.25→47
6031,4855,True,False,16,13.0,5.75,-7.25,A,0.15,0.3101374760546749,0.1601374760546749,A,none,False,False,False,13,1.0,13,47,0.25,-8,0,0,p=1→13; p=0→13,p=0.75→-8; p=0.25→47
6075,4888,True,False,16,9.0,8.299999999999999,-0.7000000000000011,A,0.1375,0.23302813567255753,0.09552813567255752,A,none,False,False,False,9,1.0,9,9,0.9,2,0,0,p=1→9; p=0→9,p=0.1→2; p=0.9→9
6084,4897,True,True,17,17.58,19.15,1.5700000000000003,B,0.6823529411764706,0.6184988047928212,0.06385413638364945,B,none,False,False,False,75,0.01,17,41,0.05,18,0,1,p=0.01→75; p=0.99→17,p=0.95→18; p=0.05→41
6085,4898,False,True,17,21.0,19.25,-1.75,A,0.5176470588235293,0.5622990836536292,0.04465202483009989,B,none,True,False,False,21,1.0,21,35,0.25,14,0,0,p=1→21; p=0→21,p=0.75→14; p=0.25→35
6086,4898,True,True,16,21.0,19.25,-1.75,A,0.6124999999999999,0.5519908431161851,0.06050915688381486,B,none,False,False,False,21,1.0,21,35,0.25,14,0,0,p=1→21; p=0→21,p=0.75→14; p=0.25→35
6088,4900,True,False,17,10.0,1.5,-8.5,A,0.22352941176470592,0.312946135040624,0.0894167232759181,A,none,False,False,False,25,0.75,-35,25,0.5,-22,1,1,p=0.75→25; p=0.25→-35,p=0.5→-22; p=0.25→24.5; p=0.25→25.5
6090,4902,True,False,18,12.0,12.91,0.9100000000000001,B,0.7333333333333334,0.5146422158540462,0.21869111747928716,B,none,False,False,False,32,0.2,7,13,0.99,4,0,0,p=0.2→32; p=0.8→7,p=0.01→4; p=0.99→13
6097,4908,True,False,16,2.0000000000000004,3.8,1.7999999999999994,B,0.6499999999999999,0.7705510930232304,0.12055109302323053,B,none,False,False,False,3,0.8,-2,15,0.2,1,0,1,p=0.8→3; p=0.2→-2,p=0.8→1; p=0.2→15
6102,4911,False,False,15,30.0,33.5,3.5,B,0.7466666666666666,0.7333182984813301,0.013348368185336468,B,none,False,False,False,30,1.0,30,34,0.75,32,0,0,p=1→30; p=0→30,p=0.25→32; p=0.75→34
6103,4911,True,False,16,30.0,33.5,3.5,B,1.0,0.8223551718378252,0.17764482816217475,B,none,False,False,False,30,1.0,30,34,0.75,32,0,0,p=1→30; p=0→30,p=0.25→32; p=0.75→34
6127,4931,True,False,17,-6.0,-1.7999999999999994,4.200000000000001,B,0.8352941176470587,0.8238781629071268,0.011415954739931955,B,none,False,False,False,-6,1.0,-6,2,0.8,-17,1,0,p=1→-6; p=0→-6,p=0.2→-17; p=0.025→-0.5; p=0.125→0.5; p=0.25→1.5; p=0.25→2.5; p=0.125→3.5; p=0.025→4.5
6134,4938,True,False,16,4.0,-2.5,-6.5,A,0.375,0.24209432247341628,0.13290567752658372,A,none,False,False,False,4,1.0,4,65,0.1,-10,0,0,p=1→4; p=0→4,p=0.9→-10; p=0.1→65
6144,4948,True,False,16,-10.0,-1.2600000000000002,8.74,B,0.775,0.7905275170953712,0.015527517095371146,B,none,False,False,False,-10,1.0,-10,-1,0.99,-27,0,0,p=1→-10; p=0→-10,p=0.01→-27; p=0.99→-1
6150,4954,True,False,15,2.6799999999999997,0.0,-2.6799999999999997,A,0.3866666666666667,0.3812118572544022,0.005454809412264505,A,none,False,False,False,3,0.99,-29,54,0.25,-18,1,0,p=0.99→3; p=0.01→-29,p=0.75→-18; p=0.03125→52.5; p=0.09375→53.5; p=0.09375→54.5; p=0.03125→55.5
6159,4962,True,True,16,19.75,16.2,-3.5500000000000007,A,0.0625,0.23756443399386445,0.17506443399386445,A,none,False,False,False,34,0.05,19,17,0.95,1,1,0,p=0.05→34; p=0.95→19,p=0.05→1; p=0.11875→15.5; p=0.35625→16.5; p=0.35625→17.5; p=0.11875→18.5
6167,4969,True,False,16,14.0,19.200000000000003,5.200000000000003,B,0.7,0.7374510378703506,0.037451037870350645,B,none,False,False,False,27,0.5,1,28,0.2,17,0,1,p=0.5→27; p=0.5→1,p=0.8→17; p=0.2→28
6174,4975,False,False,15,-4.0,-0.7000000000000002,3.3,B,0.6933333333333334,0.7348982551622595,0.04156492182892613,B,none,False,False,False,-4,1.0,-4,47,0.1,-6,1,0,p=1→-4; p=0→-4,p=0.9→-6; p=0.003125→44.5; p=0.015625→45.5; p=0.03125→46.5; p=0.03125→47.5; p=0.015625→48.5; p=0.003125→49.5
6177,4977,True,False,16,14.0,15.35,1.3499999999999996,B,0.8125000000000001,0.8427460000886313,0.03024600008863121,B,none,False,False,False,14,1.0,14,50,0.01,15,0,0,p=1→14; p=0→14,p=0.99→15; p=0.01→50
6178,4978,False,False,15,5.0,2.5,-2.5,A,0.26666666666666666,0.41210632838139943,0.14543966171473277,A,none,False,False,False,5,1.0,5,10,0.25,0,1,0,p=1→5; p=0→5,p=0.75→0; p=0.125→9.5; p=0.125→10.5
6179,4978,True,False,16,5.0,2.5,-2.5,A,0.2,0.40141805456753926,0.20141805456753925,A,none,False,False,False,5,1.0,5,10,0.25,0,1,0,p=1→5; p=0→5,p=0.75→0; p=0.125→9.5; p=0.125→10.5
6184,4981,True,False,20,7.0,9.36,2.3599999999999994,B,0.96,0.8664074929996509,0.09359250700034905,B,none,False,False,False,7,1.0,7,45,0.01,9,0,0,p=1→7; p=0→7,p=0.99→9; p=0.01→45
6190,4987,True,False,20,23.0,33.6,10.600000000000001,B,0.58,0.7160806760451769,0.13608067604517693,B,none,False,False,False,101,0.25,-3,36,0.8,24,0,1,p=0.25→101; p=0.75→-3,p=0.2→24; p=0.8→36
6205,4998,False,False,16,7.0,11.8,4.800000000000001,B,0.7374999999999999,0.6610177896410765,0.07648221035892344,B,none,False,False,False,7,1.0,7,47,0.2,3,3,0,p=1→7; p=0→7,p=0.8→3; p=0.1→49; p=0.05→47; p=0.05→43
6209,5001,True,False,17,8.0,5.5,-2.5,A,0.5764705882352941,0.6079729956562298,0.031502407420935685,B,none,False,False,False,72,0.2,-8,6,0.5,5,0,0,p=0.2→72; p=0.8→-8,p=0.5→5; p=0.5→6
6214,5005,False,False,16,24.0,17.5,-6.5,A,0.475,0.41201244715368085,0.06298755284631913,A,none,True,False,False,52,0.5,-4,36,0.5,-1,1,0,p=0.5→52; p=0.5→-4,p=0.5→-1; p=0.00390625→32.5; p=0.0273438→33.5; p=0.0820312→34.5; p=0.136719→35.5; p=0.136719→36.5; p=0.0820312→37.5; p=0.0273438→38.5; p=0.00390625→39.5
6227,5016,True,False,16,-3.0,6.35,9.35,B,0.925,0.8686274469957516,0.05637255300424848,B,none,False,False,False,-3,1.0,-3,7,0.95,-6,0,0,p=1→-3; p=0→-3,p=0.05→-6; p=0.95→7
6237,5023,True,False,18,16.0,17.0,1.0,B,0.5777777777777778,0.4406217865491485,0.13715599122862931,B,none,False,False,False,16,1.0,16,47,0.5,-13,0,0,p=1→16; p=0→16,p=0.5→-13; p=0.5→47
6242,5027,True,False,33,23.0,23.0,0.0,tie,0.496969696969697,0.5278445197521059,0.030874822782408884,A,none,True,False,False,23,1.0,23,80,0.05,20,0,0,p=1→23; p=0→23,p=0.95→20; p=0.05→80
6243,5028,True,False,16,-8.0,-1.88,6.12,B,0.9625,0.886845231830618,0.07565476816938199,B,none,False,False,False,-8,1.0,-8,10,0.01,-2,0,0,p=1→-8; p=0→-8,p=0.99→-2; p=0.01→10
6245,5030,True,False,17,30.0,25.500000000000004,-4.4999999999999964,A,0.4235294117647059,0.3890712564778178,0.03445815528688806,A,none,False,False,False,30,1.0,30,66,0.1,21,0,0,p=1→30; p=0→30,p=0.9→21; p=0.1→66
6251,5036,False,False,16,15.0,13.75,-1.25,A,0.4625000000000001,0.32852832248003766,0.13397167751996242,A,none,True,False,False,15,1.0,15,73,0.25,-6,0,0,p=1→15; p=0→15,p=0.75→-6; p=0.25→73
6259,5043,True,False,17,0.0,-9.5,-9.5,A,0.023529411764705882,0.09208993518892492,0.06856052342421903,A,none,False,False,False,0,1.0,0,-3,0.5,-16,0,0,p=1→0; p=0→0,p=0.5→-16; p=0.5→-3
6271,5052,True,False,17,1.0,-3.6,-4.6,A,0.023529411764705882,0.08233808487934288,0.058808673114637,A,none,False,False,False,1,1.0,1,-3,0.4,-4,3,0,p=1→1; p=0→1,p=0.6→-4; p=0.2→-2; p=0.2→-4
6272,5053,True,False,16,1.5999999999999996,3.4,1.8000000000000003,B,0.7625,0.5809013014630235,0.1815986985369764,B,none,False,False,False,36,0.2,-7,43,0.1,-1,0,0,p=0.2→36; p=0.8→-7,p=0.9→-1; p=0.1→43
6277,5058,True,True,15,8.600000000000001,15.700000000000001,7.1,B,0.5866666666666667,0.7282049678444835,0.14153830117781685,B,none,False,False,False,19,0.8,-33,17,0.9,4,0,0,p=0.8→19; p=0.2→-33,p=0.1→4; p=0.9→17
6281,5062,True,False,17,18.0,14.799999999999997,-3.200000000000003,A,0.5764705882352942,0.4953225056579433,0.0811480825773509,B,none,False,False,False,18,1.0,18,34,0.6,-14,1,0,p=1→18; p=0→18,p=0.4→-14; p=0.01875→31.5; p=0.09375→32.5; p=0.1875→33.5; p=0.1875→34.5; p=0.09375→35.5; p=0.01875→36.5
6284,5065,True,True,16,18.0,17.0,-1.0,A,0.6125,0.6091346103316446,0.003365389668355423,B,none,False,False,False,18,1.0,18,60,0.5,-26,2,0,p=1→18; p=0→18,p=0.5→-26; p=0.25→55; p=0.125→57; p=0.0625→61; p=0.03125→69; p=0.015625→85; p=0.015625→117
6290,5071,True,False,18,26.200000000000003,21.75,-4.450000000000003,A,0.6,0.5226440089619021,0.07735599103809787,B,none,False,False,False,39,0.8,-25,63,0.25,8,0,0,p=0.8→39; p=0.2→-25,p=0.75→8; p=0.25→63
6292,5073,False,False,15,-10.0,-17.599999999999998,-7.599999999999998,A,0.5866666666666666,0.47696073430430863,0.10970593236235793,B,none,False,False,False,-10,1.0,-10,31,0.1,-23,0,0,p=1→-10; p=0→-10,p=0.9→-23; p=0.1→31
6293,5073,True,False,15,-10.0,-17.599999999999998,-7.599999999999998,A,0.4933333333333333,0.4959990559270146,0.002665722593681308,A,none,True,False,False,-10,1.0,-10,31,0.1,-23,0,0,p=1→-10; p=0→-10,p=0.9→-23; p=0.1→31
6304,5081,True,False,16,2.4,9.200000000000003,6.8000000000000025,B,0.4500000000000001,0.48182830045208663,0.03182830045208651,A,none,True,False,False,42,0.01,2,59,0.4,-24,2,0,p=0.01→42; p=0.99→2,p=0.6→-24; p=0.2→57; p=0.1→59; p=0.1→63
6306,5083,False,False,15,30.0,39.75,9.75,B,0.6666666666666667,0.6314305584899773,0.03523610817668943,B,none,False,False,False,30,1.0,30,75,0.25,28,0,0,p=1→30; p=0→30,p=0.75→28; p=0.25→75
6307,5083,True,False,16,30.0,39.75,9.75,B,0.725,0.6487262141045973,0.07627378589540268,B,none,False,False,False,30,1.0,30,75,0.25,28,0,0,p=1→30; p=0→30,p=0.75→28; p=0.25→75
6308,5084,True,False,19,14.0,18.8,4.800000000000001,B,0.6,0.5297209455736946,0.07027905442630533,B,none,False,False,False,14,1.0,14,24,0.9,-28,0,0,p=1→14; p=0→14,p=0.1→-28; p=0.9→24
6311,5086,False,False,15,10.600000000000001,15.999999999999998,5.399999999999997,B,0.48,0.4350874779103943,0.044912522089605666,A,none,True,False,False,97,0.1,1,17,0.95,-3,3,0,p=0.1→97; p=0.9→1,p=0.05→-3; p=0.475→22; p=0.2375→20; p=0.11875→16; p=0.059375→8; p=0.0296875→-8; p=0.0296875→-40
6331,5101,False,True,16,1.1999999999999997,2.6,1.4000000000000004,B,0.775,0.7424433385797161,0.032556661420283906,B,none,False,False,False,4,0.6,-3,5,0.4,1,0,1,p=0.6→4; p=0.4→-3,p=0.6→1; p=0.4→5
6344,5111,True,True,16,9.0,9.0,0.0,tie,0.7,0.7320755425032754,0.03207554250327549,B,none,False,False,False,45,0.4,-15,9,1.0,9,2,0,p=0.4→45; p=0.6→-15,p=0.5→4; p=0.25→6; p=0.125→10; p=0.0625→18; p=0.03125→34; p=0.03125→66
6394,5153,False,False,16,29.82,30.300000000000004,0.480000000000004,B,0.3875,0.6359364936449734,0.2484364936449734,A,none,False,False,False,30,0.99,12,87,0.1,24,1,0,p=0.99→30; p=0.01→12,p=0.9→24; p=0.00078125→83.5; p=0.00546875→84.5; p=0.0164063→85.5; p=0.0273438→86.5; p=0.0273438→87.5; p=0.0164063→88.5; p=0.00546875→89.5; p=0.00078125→90.5
6398,5157,False,False,16,19.94,22.200000000000003,2.2600000000000016,B,0.4625,0.5269732045492146,0.06447320454921457,A,none,True,False,False,20,0.99,14,26,0.9,-12,1,0,p=0.99→20; p=0.01→14,p=0.1→-12; p=0.00703125→22.5; p=0.0492187→23.5; p=0.147656→24.5; p=0.246094→25.5; p=0.246094→26.5; p=0.147656→27.5; p=0.0492187→28.5; p=0.00703125→29.5
6399,5158,False,True,15,-2.0,-4.0,-2.0,A,0.7576470588235295,0.6556089344530388,0.10203812437049065,B,none,False,False,False,-2,1.0,-2,26,0.25,-14,0,0,p=1→-2; p=0→-2,p=0.75→-14; p=0.25→26
6400,5159,False,False,15,6.31,4.300000000000001,-2.009999999999999,A,0.22666666666666666,0.25489038591786123,0.028223719251194573,A,none,False,False,False,37,0.01,6,7,0.9,-20,0,0,p=0.01→37; p=0.99→6,p=0.1→-20; p=0.9→7
6410,5167,True,False,18,6.449999999999999,4.4,-2.049999999999999,A,0.4777777777777778,0.26776268059342323,0.21001509718435457,A,none,True,False,False,15,0.05,6,8,0.8,-10,1,0,p=0.05→15; p=0.95→6,p=0.2→-10; p=0.00625→4.5; p=0.04375→5.5; p=0.13125→6.5; p=0.21875→7.5; p=0.21875→8.5; p=0.13125→9.5; p=0.04375→10.5; p=0.00625→11.5
6420,5175,False,False,16,27.700000000000003,25.5,-2.200000000000003,A,0.30000000000000004,0.36717845574803737,0.06717845574803732,A,none,False,False,False,34,0.1,27,71,0.5,-20,3,0,p=0.1→34; p=0.9→27,p=0.5→-20; p=0.25→75; p=0.125→73; p=0.0625→69; p=0.03125→61; p=0.03125→45
6434,5187,True,False,19,22.0,22.0,0.0,tie,0.431578947368421,0.4489760336859798,0.01739708631755882,A,none,False,False,False,22,1.0,22,79,0.25,3,3,0,p=1→22; p=0→22,p=0.75→3; p=0.125→84; p=0.0625→82; p=0.03125→78; p=0.015625→70; p=0.0078125→54; p=0.0078125→22
6445,5198,False,False,16,26.75,30.0,3.25,B,0.375,0.5860104990829015,0.21101049908290148,A,none,False,False,False,35,0.75,2,81,0.25,13,3,0,p=0.75→35; p=0.25→2,p=0.75→13; p=0.125→85; p=0.0625→83; p=0.03125→79; p=0.015625→71; p=0.015625→55
6446,5198,True,False,16,26.75,30.0,3.25,B,0.4625000000000001,0.5887251450539045,0.12622514505390442,A,none,True,False,False,35,0.75,2,81,0.25,13,3,0,p=0.75→35; p=0.25→2,p=0.75→13; p=0.125→85; p=0.0625→83; p=0.03125→79; p=0.015625→71; p=0.015625→55
6452,5203,False,True,17,8.799999999999999,8.4,-0.3999999999999986,A,0.2470588235294117,0.4292398796060941,0.18218105607668242,A,none,False,False,False,10,0.95,-14,20,0.6,-9,0,0,p=0.95→10; p=0.05→-14,p=0.4→-9; p=0.6→20
6453,5203,True,True,16,8.799999999999999,8.4,-0.3999999999999986,A,0.45,0.43203106536684444,0.017968934633155575,A,none,True,False,False,10,0.95,-14,20,0.6,-9,0,0,p=0.95→10; p=0.05→-14,p=0.4→-9; p=0.6→20
6455,5205,True,False,18,11.0,7.000000000000002,-3.9999999999999982,A,0.43333333333333335,0.4334317742607683,9.84409274349396e-05,A,none,False,False,False,11,1.0,11,14,0.8,-21,2,0,p=1→11; p=0→11,p=0.2→-21; p=0.4→9; p=0.2→11; p=0.1→15; p=0.05→23; p=0.025→39; p=0.025→71
6461,5210,False,True,17,22.62,25.4,2.7799999999999976,B,0.5647058823529413,0.5507197502939891,0.013986132058952161,B,none,False,False,False,23,0.99,-15,45,0.6,-4,1,1,p=0.99→23; p=0.01→-15,p=0.4→-4; p=0.01875→42.5; p=0.09375→43.5; p=0.1875→44.5; p=0.1875→45.5; p=0.09375→46.5; p=0.01875→47.5
6482,5224,True,True,18,8.0,2.999999999999999,-5.000000000000001,A,0.2777777777777778,0.3266719746979569,0.0488941969201791,A,none,False,False,False,8,1.0,8,17,0.6,-18,0,0,p=1→8; p=0→8,p=0.4→-18; p=0.6→17
6489,5229,True,True,18,-1.0,-1.0,0.0,tie,0.6111111111111112,0.6003968449483513,0.010714266162759833,B,none,False,False,False,-1,1.0,-1,-1,1.0,-1,3,0,p=1→-1; p=0→-1,p=0.5→3; p=0.25→1; p=0.125→-3; p=0.0625→-11; p=0.0625→-27
6494,5232,False,False,17,29.0,22.200000000000003,-6.799999999999997,A,0.17647058823529416,0.224534231240518,0.04806364300522384,A,none,False,False,False,29,1.0,29,27,0.2,21,0,0,p=1→29; p=0→29,p=0.8→21; p=0.2→27
6495,5232,True,False,17,29.0,22.200000000000003,-6.799999999999997,A,0.09411764705882353,0.12585731111294143,0.031739664054117905,A,none,False,False,False,29,1.0,29,27,0.2,21,0,0,p=1→29; p=0→29,p=0.8→21; p=0.2→27
6511,5243,False,False,16,26.8,30.000000000000004,3.200000000000003,B,0.3125,0.3608158650718073,0.048315865071807296,A,none,False,False,False,31,0.8,10,41,0.8,-14,0,0,p=0.8→31; p=0.2→10,p=0.2→-14; p=0.8→41
6512,5243,True,False,19,26.8,30.000000000000004,3.200000000000003,B,0.4947368421052633,0.41713363216425686,0.07760320994100645,A,none,True,False,False,31,0.8,10,41,0.8,-14,0,0,p=0.8→31; p=0.2→10,p=0.2→-14; p=0.8→41
6533,5259,True,False,17,23.800000000000004,25.779999999999998,1.9799999999999933,B,0.7176470588235294,0.5681923884004658,0.1494546704230636,B,none,False,False,False,34,0.8,-17,26,0.99,4,0,0,p=0.8→34; p=0.2→-17,p=0.01→4; p=0.99→26
6551,5273,True,False,18,0.0,0.9199999999999999,0.9199999999999999,B,0.6666666666666666,0.6161556612839345,0.05051100538273212,B,none,False,False,False,0,1.0,0,1,0.99,-7,2,0,p=1→0; p=0→0,p=0.01→-7; p=0.495→-2; p=0.2475→0; p=0.12375→4; p=0.12375→12
6567,5287,True,False,16,29.0,37.8,8.799999999999997,B,0.8375,0.8432440421268423,0.005744042126842319,B,none,False,False,False,29,1.0,29,42,0.4,35,0,0,p=1→29; p=0→29,p=0.6→35; p=0.4→42
6573,5293,True,False,16,18.999999999999996,12.999999999999996,-6.0,A,0.4375000000000001,0.365648242660508,0.07185175733949212,A,none,False,False,False,31,0.6,1,49,0.6,-41,1,0,p=0.6→31; p=0.4→1,p=0.4→-41; p=0.01875→46.5; p=0.09375→47.5; p=0.1875→48.5; p=0.1875→49.5; p=0.09375→50.5; p=0.01875→51.5
6575,5295,True,False,16,29.0,35.6,6.600000000000001,B,0.725,0.6368995478672597,0.08810045213274031,B,none,False,False,False,55,0.75,-49,43,0.8,6,0,0,p=0.75→55; p=0.25→-49,p=0.2→6; p=0.8→43
6592,5312,True,False,17,24.0,24.75,0.75,B,0.6588235294117647,0.5319298124930547,0.12689371691871,B,none,False,False,False,24,1.0,24,25,0.95,20,1,0,p=1→24; p=0→24,p=0.05→20; p=0.475→24.5; p=0.475→25.5
6596,5316,True,True,18,1.95,7.5,5.55,B,0.5222222222222224,0.6949348143172288,0.17271259209500645,B,none,True,False,False,20,0.05,1,30,0.25,0,0,0,p=0.05→20; p=0.95→1,p=0.75→0; p=0.25→30
6597,5317,True,False,17,16.0,19.0,3.0,B,0.7647058823529411,0.817761159234718,0.053055276881776914,B,none,False,False,False,16,1.0,16,20,0.75,16,0,0,p=1→16; p=0→16,p=0.25→16; p=0.75→20
6599,5319,True,False,18,8.98,8.0,-0.9800000000000004,A,0.4111111111111112,0.37914771450006507,0.031963396611046135,A,none,False,False,False,106,0.01,8,44,0.25,-4,1,0,p=0.01→106; p=0.99→8,p=0.75→-4; p=0.03125→42.5; p=0.09375→43.5; p=0.09375→44.5; p=0.03125→45.5
6601,5321,False,False,15,13.8,13.649999999999999,-0.15000000000000213,A,0.8666666666666667,0.6772763945922992,0.18939027207436754,B,none,False,False,False,45,0.4,-7,64,0.05,11,1,0,p=0.4→45; p=0.6→-7,p=0.95→11; p=0.0015625→61.5; p=0.0078125→62.5; p=0.015625→63.5; p=0.015625→64.5; p=0.0078125→65.5; p=0.0015625→66.5
6604,5324,True,False,16,14.75,8.74,-6.01,A,0.4125,0.4700508528551343,0.05755085285513434,A,none,False,False,False,65,0.25,-2,9,0.99,-17,3,0,p=0.25→65; p=0.75→-2,p=0.01→-17; p=0.495→10; p=0.495→8
6606,5326,True,False,16,-10.0,-13.91,-3.91,A,0.30000000000000004,0.4742468191187285,0.17424681911872847,A,none,False,False,False,-10,1.0,-10,94,0.01,-15,0,0,p=1→-10; p=0→-10,p=0.99→-15; p=0.01→94
6622,5338,True,False,16,19.0,24.2,5.199999999999999,B,0.55,0.6649425514442378,0.1149425514442377,B,none,False,False,False,19,1.0,19,31,0.6,14,0,0,p=1→19; p=0→19,p=0.4→14; p=0.6→31
6631,5347,False,False,15,15.0,17.55,2.5500000000000007,B,0.68,0.7692651736962339,0.08926517369623388,B,none,False,False,False,15,1.0,15,66,0.05,15,0,0,p=1→15; p=0→15,p=0.95→15; p=0.05→66
6632,5347,True,False,15,15.0,17.55,2.5500000000000007,B,0.6666666666666666,0.8003634334995721,0.13369676683290543,B,none,False,False,False,15,1.0,15,66,0.05,15,0,0,p=1→15; p=0→15,p=0.95→15; p=0.05→66
6634,5349,False,True,15,-6.0,-2.6499999999999995,3.3500000000000005,B,0.9866666666666668,0.7954439417081083,0.19122272495855852,B,none,False,False,False,-6,1.0,-6,80,0.05,-7,3,0,p=1→-6; p=0→-6,p=0.95→-7; p=0.025→83; p=0.0125→81; p=0.00625→77; p=0.00625→69
6635,5350,True,False,16,10.0,6.2,-3.8,A,0.037500000000000006,0.10584313809889487,0.06834313809889486,A,none,False,False,False,10,1.0,10,7,0.9,-1,0,0,p=1→10; p=0→10,p=0.1→-1; p=0.9→7
6640,5355,True,False,16,24.0,18.75,-5.25,A,0.35,0.31550945534519775,0.034490544654802224,A,none,False,False,False,24,1.0,24,60,0.25,5,0,0,p=1→24; p=0→24,p=0.75→5; p=0.25→60
6644,5359,True,False,16,9.0,4.2,-4.8,A,0.3875,0.2603377511022418,0.12716224889775823,A,none,False,False,False,25,0.2,5,15,0.1,3,3,1,p=0.2→25; p=0.8→5,p=0.9→3; p=0.05→17; p=0.025→15; p=0.025→11
6645,5360,True,False,17,18.0,16.71,-1.2899999999999991,A,0.426890756302521,0.4936515584721027,0.06676080216958169,A,none,False,False,False,18,1.0,18,87,0.01,16,1,0,p=1→18; p=0→18,p=0.99→16; p=7.8125e-05→83.5; p=0.000546875→84.5; p=0.00164062→85.5; p=0.00273438→86.5; p=0.00273438→87.5; p=0.00164062→88.5; p=0.000546875→89.5; p=7.8125e-05→90.5
6653,5368,True,False,17,-5.75,-12.7,-6.949999999999999,A,0.3411764705882353,0.3341590333588843,0.007017437229350998,A,none,False,False,False,88,0.25,-37,-12,0.9,-19,0,0,p=0.25→88; p=0.75→-37,p=0.1→-19; p=0.9→-12
6655,5370,True,False,17,15.7,16.0,0.3000000000000007,B,0.3529411764705883,0.5056361378775777,0.15269496140698935,A,none,False,False,False,48,0.05,14,16,1.0,16,0,0,p=0.05→48; p=0.95→14,p=1→16
6671,5386,True,False,17,24.6,23.1,-1.5,A,0.4470588235294118,0.547511467814953,0.10045264428554118,A,none,False,False,False,103,0.2,5,60,0.1,19,1,0,p=0.2→103; p=0.8→5,p=0.9→19; p=0.0125→58.5; p=0.0375→59.5; p=0.0375→60.5; p=0.0125→61.5
6692,5401,True,False,16,12.9,13.0,0.09999999999999964,B,0.6125,0.5669277261939595,0.045572273806040564,B,none,False,False,False,16,0.9,-15,13,1.0,13,1,0,p=0.9→16; p=0.1→-15,p=0.03125→10.5; p=0.15625→11.5; p=0.3125→12.5; p=0.3125→13.5; p=0.15625→14.5; p=0.03125→15.5
6695,5404,True,False,19,8.0,2.8000000000000003,-5.199999999999999,A,0.2842105263157895,0.19671094792449778,0.08749957839129174,A,none,False,False,False,8,1.0,8,13,0.4,-4,0,0,p=1→8; p=0→8,p=0.6→-4; p=0.4→13
6714,5419,True,False,17,21.0,20.25,-0.75,A,0.3647058823529412,0.4312009751429003,0.06649509278995908,A,none,False,False,False,21,1.0,21,25,0.75,6,0,0,p=1→21; p=0→21,p=0.25→6; p=0.75→25
6715,5420,True,False,16,4.0,2.799999999999997,-1.2000000000000028,A,0.275,0.39168176206135996,0.11668176206135994,A,none,False,False,False,4,1.0,4,110,0.2,-24,1,0,p=1→4; p=0→4,p=0.8→-24; p=0.00625→107.5; p=0.03125→108.5; p=0.0625→109.5; p=0.0625→110.5; p=0.03125→111.5; p=0.00625→112.5
6717,5422,True,False,15,-9.0,-15.0,-6.0,A,0.5733333333333335,0.49705219622138164,0.07628113711195184,B,none,False,False,False,-9,1.0,-9,15,0.25,-25,0,0,p=1→-9; p=0→-9,p=0.75→-25; p=0.25→15
6722,5427,True,True,16,20.0,10.5,-9.5,A,0.4,0.4731666699303954,0.07316666993039539,A,none,False,False,False,20,1.0,20,17,0.75,-9,2,0,p=1→20; p=0→20,p=0.25→-9; p=0.375→12; p=0.1875→14; p=0.09375→18; p=0.046875→26; p=0.0234375→42; p=0.0234375→74
6728,5433,False,False,16,-3.0,2.0,5.0,B,0.7000000000000001,0.6964725537031851,0.0035274462968150067,B,none,False,False,False,-3,1.0,-3,47,0.25,-13,2,0,p=1→-3; p=0→-3,p=0.75→-13; p=0.125→45; p=0.0625→47; p=0.0625→51
6729,5433,True,False,15,-3.0,2.0,5.0,B,0.72,0.6647066296631045,0.05529337033689552,B,none,False,False,False,-3,1.0,-3,47,0.25,-13,2,0,p=1→-3; p=0→-3,p=0.75→-13; p=0.125→45; p=0.0625→47; p=0.0625→51
6745,5448,False,False,15,9.0,9.9,0.9000000000000004,B,0.3466666666666667,0.5083576307452692,0.1616909640786025,A,none,False,False,False,9,1.0,9,81,0.1,2,0,0,p=1→9; p=0→9,p=0.9→2; p=0.1→81
6746,5448,True,False,15,9.0,9.9,0.9000000000000004,B,0.5866666666666667,0.5134780819582353,0.07318858470843137,B,none,False,False,False,9,1.0,9,81,0.1,2,0,0,p=1→9; p=0→9,p=0.9→2; p=0.1→81
6752,5452,True,True,16,25.0,20.77,-4.23,A,0.75,0.60327174454722,0.14672825545278,B,none,False,False,False,25,1.0,25,97,0.01,20,0,0,p=1→25; p=0→25,p=0.99→20; p=0.01→97
6756,5456,False,True,16,1.0,-5.0,-6.0,A,0.125,0.13604013793393188,0.011040137933931882,A,none,False,False,False,1,1.0,1,-1,0.5,-9,0,0,p=1→1; p=0→1,p=0.5→-9; p=0.5→-1
6757,5457,True,True,16,9.0,12.8,3.8000000000000007,B,0.45,0.5514398077231609,0.10143980772316091,A,none,True,False,False,9,1.0,9,19,0.8,-12,3,0,p=1→9; p=0→9,p=0.2→-12; p=0.4→24; p=0.2→22; p=0.1→18; p=0.05→10; p=0.025→-6; p=0.025→-38
6761,5461,True,False,16,1.0,8.8,7.800000000000001,B,0.975,0.8844750980942355,0.09052490190576445,B,none,False,False,False,1,1.0,1,24,0.05,8,2,0,p=1→1; p=0→1,p=0.95→8; p=0.025→19; p=0.0125→21; p=0.00625→25; p=0.003125→33; p=0.0015625→49; p=0.0015625→81
6765,5464,True,False,16,23.900000000000002,19.700000000000003,-4.199999999999999,A,0.3375,0.385700213837347,0.04820021383734696,A,none,False,False,False,68,0.1,19,116,0.1,9,2,0,p=0.1→68; p=0.9→19,p=0.9→9; p=0.05→114; p=0.025→116; p=0.025→120
6766,5465,True,False,18,3.0,4.5,1.5,B,0.5666666666666667,0.548450773525452,0.018215893141214634,B,none,False,False,False,3,1.0,3,71,0.05,1,0,0,p=1→3; p=0→3,p=0.95→1; p=0.05→71
6788,5483,True,False,19,5.2,2.2199999999999998,-2.9800000000000004,A,0.2210526315789474,0.34763789995722133,0.12658526837827394,A,none,False,False,False,7,0.4,4,24,0.01,2,0,0,p=0.4→7; p=0.6→4,p=0.99→2; p=0.01→24
6818,5507,False,False,18,5.41,4.1499999999999995,-1.2600000000000007,A,0.2444444444444445,0.32632502026338345,0.08188057581893896,A,none,False,False,False,46,0.01,5,5,0.95,-12,1,0,p=0.01→46; p=0.99→5,p=0.05→-12; p=0.475→4.5; p=0.475→5.5
6819,5507,True,False,16,5.41,4.1499999999999995,-1.2600000000000007,A,0.17500000000000004,0.3292177721626809,0.15421777216268084,A,none,False,False,False,46,0.01,5,5,0.95,-12,1,0,p=0.01→46; p=0.99→5,p=0.05→-12; p=0.475→4.5; p=0.475→5.5
6824,5511,False,False,18,-4.0,-6.2,-2.2,A,0.7,0.6591988589713575,0.04080114102864241,B,none,False,False,False,-4,1.0,-4,3,0.6,-20,1,0,p=1→-4; p=0→-4,p=0.4→-20; p=0.075→1.5; p=0.225→2.5; p=0.225→3.5; p=0.075→4.5
6825,5511,True,False,15,-4.0,-6.2,-2.2,A,0.6399999999999999,0.6687021167534263,0.028702116753426377,B,none,False,False,False,-4,1.0,-4,3,0.6,-20,1,0,p=1→-4; p=0→-4,p=0.4→-20; p=0.075→1.5; p=0.225→2.5; p=0.225→3.5; p=0.075→4.5
6826,5512,False,False,16,7.0,2.3000000000000007,-4.699999999999999,A,0.4,0.3529414122986427,0.047058587701357346,A,none,False,False,False,7,1.0,7,68,0.1,-5,1,0,p=1→7; p=0→7,p=0.9→-5; p=0.003125→65.5; p=0.015625→66.5; p=0.03125→67.5; p=0.03125→68.5; p=0.015625→69.5; p=0.003125→70.5
6827,5512,True,False,16,7.0,2.3000000000000007,-4.699999999999999,A,0.3125,0.3437619774427989,0.031261977442798905,A,none,False,False,False,7,1.0,7,68,0.1,-5,1,0,p=1→7; p=0→7,p=0.9→-5; p=0.003125→65.5; p=0.015625→66.5; p=0.03125→67.5; p=0.03125→68.5; p=0.015625→69.5; p=0.003125→70.5
6849,5532,True,False,17,21.0,21.0,0.0,tie,0.6235294117647059,0.5749066801284793,0.048622731636226546,B,none,False,False,False,35,0.75,-21,21,1.0,21,1,0,p=0.75→35; p=0.25→-21,p=0.03125→18.5; p=0.15625→19.5; p=0.3125→20.5; p=0.3125→21.5; p=0.15625→22.5; p=0.03125→23.5
6854,5537,True,True,17,3.0,5.200000000000001,2.200000000000001,B,0.4470588235294117,0.486845343960468,0.03978652043105635,A,none,False,False,False,3,1.0,3,15,0.8,-34,0,0,p=1→3; p=0→3,p=0.2→-34; p=0.8→15
6856,5539,False,True,16,15.29,15.629999999999999,0.33999999999999986,B,0.13749999999999998,0.3357370087724549,0.1982370087724549,A,none,False,False,False,44,0.01,15,16,0.99,-21,0,1,p=0.01→44; p=0.99→15,p=0.01→-21; p=0.99→16
6857,5539,True,True,15,15.29,15.629999999999999,0.33999999999999986,B,0.14666666666666667,0.34620287487696233,0.19953620821029566,A,none,False,False,False,44,0.01,15,16,0.99,-21,0,1,p=0.01→44; p=0.99→15,p=0.01→-21; p=0.99→16
6864,5544,False,False,16,12.0,13.75,1.75,B,0.4604166666666666,0.49344133111256083,0.03302466444589425,A,none,True,False,False,88,0.05,8,52,0.25,1,1,0,p=0.05→88; p=0.95→8,p=0.75→1; p=0.125→51.5; p=0.125→52.5
6875,5554,True,False,16,8.0,7.900000000000001,-0.09999999999999876,A,0.2625,0.30818758013911324,0.045687580139113226,A,none,False,False,False,8,1.0,8,97,0.1,-2,0,0,p=1→8; p=0→8,p=0.9→-2; p=0.1→97
6880,5559,True,True,16,29.0,23.0,-6.0,A,0.225,0.15258431905375594,0.07241568094624407,A,none,False,False,False,29,1.0,29,26,0.25,22,1,0,p=1→29; p=0→29,p=0.75→22; p=0.03125→24.5; p=0.09375→25.5; p=0.09375→26.5; p=0.03125→27.5
6881,5560,False,False,16,12.200000000000003,23.4,11.199999999999996,B,0.7,0.7126185758266641,0.012618575826664147,B,none,False,False,False,53,0.4,-15,35,0.6,6,0,0,p=0.4→53; p=0.6→-15,p=0.4→6; p=0.6→35
6882,5560,True,False,15,12.200000000000003,23.4,11.199999999999996,B,0.7200000000000001,0.7409670445468405,0.020967044546840397,B,none,False,False,False,53,0.4,-15,35,0.6,6,0,0,p=0.4→53; p=0.6→-15,p=0.4→6; p=0.6→35
6914,5585,True,False,16,20.0,19.25,-0.75,A,0.4125,0.4425298873367438,0.030029887336743832,A,none,False,False,False,20,1.0,20,62,0.25,5,1,0,p=1→20; p=0→20,p=0.75→5; p=0.125→61.5; p=0.125→62.5
6923,5592,True,False,16,15.2,16.599999999999998,1.3999999999999986,B,0.725,0.6533744669666918,0.07162553303330821,B,none,False,False,False,32,0.6,-10,27,0.6,1,2,0,p=0.6→32; p=0.4→-10,p=0.4→1; p=0.3→26; p=0.3→28
6924,5593,True,False,18,24.0,26.800000000000004,2.8000000000000043,B,0.5222222222222221,0.5370209533517553,0.014798731129533116,B,none,True,False,False,24,1.0,24,82,0.2,13,0,0,p=1→24; p=0→24,p=0.8→13; p=0.2→82
6928,5597,False,True,16,4.2,8.2,3.999999999999999,B,0.7124999999999999,0.7621535109983665,0.04965351099836657,B,none,False,False,False,7,0.6,0,13,0.6,1,1,-1,p=0.6→7; p=0.4→0,p=0.4→1; p=0.3→12.5; p=0.3→13.5
6949,5615,False,False,16,4.0,-1.6000000000000003,-5.6000000000000005,A,0.1375,0.127465699308781,0.010034300691219022,A,none,False,False,False,4,1.0,4,4,0.2,-3,0,0,p=1→4; p=0→4,p=0.8→-3; p=0.2→4
6970,5631,True,False,16,-0.75,1.62,2.37,B,0.9,0.8701647760366484,0.029835223963351587,B,none,False,False,False,0,0.25,-1,63,0.01,1,1,1,p=0.25→0; p=0.75→-1,p=0.99→1; p=0.00125→61.5; p=0.00375→62.5; p=0.00375→63.5; p=0.00125→64.5
6974,5635,True,False,18,1.0,9.25,8.25,B,0.6000000000000001,0.7396344739461793,0.13963447394617923,B,none,False,False,False,49,0.25,-15,10,0.75,7,0,0,p=0.25→49; p=0.75→-15,p=0.25→7; p=0.75→10
6985,5644,False,False,15,3.0,2.5,-0.5,A,0.6,0.4678917787114794,0.13210822128852057,B,none,False,False,False,3,1.0,3,17,0.75,-41,0,0,p=1→3; p=0→3,p=0.25→-41; p=0.75→17
6986,5644,True,False,15,3.0,2.5,-0.5,A,0.5733333333333335,0.4891463209809108,0.08418701235242265,B,none,False,False,False,3,1.0,3,17,0.75,-41,0,0,p=1→3; p=0→3,p=0.25→-41; p=0.75→17
6989,5647,True,False,19,12.0,11.0,-1.0,A,0.2526315789473685,0.2195024545515793,0.03312912439578919,A,none,False,False,False,12,1.0,12,11,0.25,11,1,0,p=1→12; p=0→12,p=0.75→11; p=0.03125→9.5; p=0.09375→10.5; p=0.09375→11.5; p=0.03125→12.5
7008,5663,True,True,18,29.0,30.000000000000004,1.0000000000000036,B,0.7222222222222222,0.6240098265427354,0.09821239567948681,B,none,False,False,False,29,1.0,29,34,0.2,29,3,0,p=1→29; p=0→29,p=0.8→29; p=0.1→38; p=0.05→36; p=0.025→32; p=0.0125→24; p=0.0125→8
7010,5665,True,False,16,29.0,35.0,6.0,B,0.65,0.5427651604003627,0.10723483959963731,B,none,False,False,False,29,1.0,29,65,0.5,5,0,0,p=1→29; p=0→29,p=0.5→5; p=0.5→65
7011,5666,True,False,17,8.0,9.200000000000001,1.200000000000001,B,0.5294117647058824,0.6034876140083302,0.07407584930244782,B,none,True,False,False,8,1.0,8,20,0.8,-34,2,0,p=1→8; p=0→8,p=0.2→-34; p=0.4→15; p=0.2→17; p=0.1→21; p=0.05→29; p=0.025→45; p=0.025→77
7017,5671,True,False,17,18.0,20.0,2.0,B,0.4470588235294118,0.5022800015929261,0.05522117806351429,A,none,False,False,False,18,1.0,18,22,0.6,17,3,0,p=1→18; p=0→18,p=0.4→17; p=0.3→27; p=0.15→25; p=0.075→21; p=0.0375→13; p=0.01875→-3; p=0.01875→-35
7018,5672,False,False,15,14.459999999999999,27.75,13.290000000000001,B,0.6933333333333334,0.7545114516915749,0.061178118358241496,B,none,False,False,False,60,0.01,14,57,0.25,18,2,1,p=0.01→60; p=0.99→14,p=0.75→18; p=0.125→51; p=0.0625→53; p=0.03125→57; p=0.015625→65; p=0.0078125→81; p=0.00390625→113; p=0.00390625→177
7038,5690,True,False,16,21.6,33.0,11.399999999999999,B,0.8500000000000001,0.8405290864203423,0.009470913579657791,B,none,False,False,False,27,0.1,21,33,0.1,33,0,0,p=0.1→27; p=0.9→21,p=0.9→33; p=0.1→33
7040,5692,True,True,16,2.11,9.0,6.890000000000001,B,0.375,0.5370879340356476,0.16208793403564759,A,strong_ev_b_humans_favor_a,False,False,True,13,0.01,2,19,0.6,-6,0,0,p=0.01→13; p=0.99→2,p=0.4→-6; p=0.6→19
7043,5695,True,False,16,29.549999999999997,32.3,2.75,B,0.5875,0.553206227810211,0.03429377218978902,B,none,False,False,False,78,0.05,27,34,0.95,0,1,0,p=0.05→78; p=0.95→27,p=0.05→0; p=0.00742187→30.5; p=0.0519531→31.5; p=0.155859→32.5; p=0.259766→33.5; p=0.259766→34.5; p=0.155859→35.5; p=0.0519531→36.5; p=0.00742187→37.5
7051,5703,True,True,16,0.0,-1.9500000000000008,-1.9500000000000008,A,0.18750000000000008,0.11442960557741765,0.07307039442258244,A,none,False,False,False,0,1.0,0,-1,0.95,-20,0,0,p=1→0; p=0→0,p=0.05→-20; p=0.95→-1
7055,5707,True,False,18,-10.0,-11.4,-1.4000000000000004,A,0.7,0.6839164229791949,0.016083577020805095,B,none,False,False,False,-10,1.0,-10,11,0.6,-45,1,0,p=1→-10; p=0→-10,p=0.4→-45; p=0.01875→8.5; p=0.09375→9.5; p=0.1875→10.5; p=0.1875→11.5; p=0.09375→12.5; p=0.01875→13.5
7064,5714,True,False,16,-7.2,-9.199999999999998,-1.9999999999999973,A,0.4625,0.6380392498538884,0.17553924985388836,A,none,True,False,False,-7,0.8,-8,28,0.4,-34,0,0,p=0.8→-7; p=0.2→-8,p=0.6→-34; p=0.4→28
7069,5718,True,False,19,15.0,19.6,4.600000000000001,B,0.7368421052631579,0.7129451948296658,0.02389691043349207,B,none,False,False,False,15,1.0,15,31,0.4,12,0,0,p=1→15; p=0→15,p=0.6→12; p=0.4→31
7074,5722,True,True,16,-6.0,-1.7999999999999992,4.200000000000001,B,0.5375,0.7361727953205375,0.1986727953205375,B,none,True,False,False,-4,0.6,-9,2,0.9,-36,0,0,p=0.6→-4; p=0.4→-9,p=0.1→-36; p=0.9→2
7091,5735,True,False,17,11.0,14.5,3.5,B,0.7764705882352941,0.7249962335958875,0.05147435463940664,B,none,False,False,False,11,1.0,11,20,0.5,9,3,0,p=1→11; p=0→11,p=0.5→9; p=0.25→22; p=0.125→20; p=0.125→16
7092,5736,True,True,19,24.0,24.0,0.0,tie,0.6526315789473685,0.6516858874327677,0.0009456915146007772,B,none,False,False,False,24,1.0,24,24,1.0,24,2,0,p=1→24; p=0→24,p=0.5→19; p=0.25→21; p=0.125→25; p=0.0625→33; p=0.03125→49; p=0.03125→81
7102,5743,True,True,20,25.200000000000003,35.400000000000006,10.200000000000003,B,0.76,0.6982649454504188,0.06173505454958117,B,none,False,False,False,74,0.2,13,37,0.9,21,1,0,p=0.2→74; p=0.8→13,p=0.1→21; p=0.1125→35.5; p=0.3375→36.5; p=0.3375→37.5; p=0.1125→38.5
7106,5747,True,False,17,-1.0,0.39999999999999947,1.3999999999999995,B,0.6588235294117648,0.6947448407251291,0.03592131131336429,B,none,False,False,False,-1,1.0,-1,1,0.95,-11,0,0,p=1→-1; p=0→-1,p=0.05→-11; p=0.95→1
7120,5758,False,False,17,26.0,24.2,-1.8000000000000007,A,0.5411764705882353,0.4970556591991962,0.04412081138903906,B,none,True,False,False,26,1.0,26,31,0.6,14,1,0,p=1→26; p=0→26,p=0.4→14; p=0.01875→28.5; p=0.09375→29.5; p=0.1875→30.5; p=0.1875→31.5; p=0.09375→32.5; p=0.01875→33.5
7121,5758,True,False,15,26.0,24.2,-1.8000000000000007,A,0.6133333333333333,0.5134305357125711,0.09990279762076215,B,none,False,False,False,26,1.0,26,31,0.6,14,1,0,p=1→26; p=0→26,p=0.4→14; p=0.01875→28.5; p=0.09375→29.5; p=0.1875→30.5; p=0.1875→31.5; p=0.09375→32.5; p=0.01875→33.5
7134,5769,True,True,20,-4.75,-7.399999999999999,-2.6499999999999986,A,0.42,0.6028186229778694,0.18281862297786938,A,none,False,False,False,-1,0.75,-16,40,0.4,-39,0,0,p=0.75→-1; p=0.25→-16,p=0.6→-39; p=0.4→40
7143,5776,True,False,20,22.0,35.800000000000004,13.800000000000004,B,0.8400000000000001,0.8451190487733704,0.005119048773370327,B,none,False,False,False,22,1.0,22,39,0.8,23,3,0,p=1→22; p=0→22,p=0.2→23; p=0.4→41; p=0.2→39; p=0.2→35
7166,5794,False,True,16,16.0,16.0,0.0,tie,0.7374999999999999,0.5226138742486152,0.21488612575138477,B,none,False,False,False,16,1.0,16,33,0.5,-1,1,0,p=1→16; p=0→16,p=0.5→-1; p=0.015625→30.5; p=0.078125→31.5; p=0.15625→32.5; p=0.15625→33.5; p=0.078125→34.5; p=0.015625→35.5
7167,5794,True,True,17,16.0,16.0,0.0,tie,0.6588235294117647,0.5360011169117,0.12282241250006465,B,none,False,False,False,16,1.0,16,33,0.5,-1,1,0,p=1→16; p=0→16,p=0.5→-1; p=0.015625→30.5; p=0.078125→31.5; p=0.15625→32.5; p=0.15625→33.5; p=0.078125→34.5; p=0.015625→35.5
7170,5797,False,True,16,12.0,19.0,7.0,B,0.8875000000000001,0.7756159087901915,0.11188409120980858,B,none,False,False,False,12,1.0,12,28,0.4,13,0,0,p=1→12; p=0→12,p=0.6→13; p=0.4→28
7173,5800,True,False,17,14.16,20.5,6.34,B,0.7411764705882353,0.6640812334929994,0.07709523709523591,B,none,False,False,False,30,0.01,14,26,0.75,4,1,0,p=0.01→30; p=0.99→14,p=0.25→4; p=0.0234375→23.5; p=0.117188→24.5; p=0.234375→25.5; p=0.234375→26.5; p=0.117188→27.5; p=0.0234375→28.5
7175,5802,False,True,16,7.0,8.200000000000003,1.2000000000000028,B,0.75,0.5650119301678661,0.1849880698321339,B,none,False,False,False,61,0.25,-11,34,0.4,-9,1,0,p=0.25→61; p=0.75→-11,p=0.6→-9; p=0.2→33.5; p=0.2→34.5
7176,5802,True,True,16,7.0,8.200000000000003,1.2000000000000028,B,0.8250000000000002,0.5543074209278165,0.2706925790721837,B,none,False,False,False,61,0.25,-11,34,0.4,-9,1,0,p=0.25→61; p=0.75→-11,p=0.6→-9; p=0.2→33.5; p=0.2→34.5
7179,5805,True,False,17,23.0,26.6,3.6000000000000014,B,0.8941176470588235,0.825294825805395,0.06882282125342842,B,none,False,False,False,23,1.0,23,27,0.9,23,1,0,p=1→23; p=0→23,p=0.1→23; p=0.00703125→23.5; p=0.0492187→24.5; p=0.147656→25.5; p=0.246094→26.5; p=0.246094→27.5; p=0.147656→28.5; p=0.0492187→29.5; p=0.00703125→30.5
7188,5811,False,False,16,15.66,19.800000000000004,4.140000000000004,B,0.52109375,0.5487595359686303,0.02766578596863023,B,none,True,False,False,16,0.99,-18,29,0.8,-17,0,1,p=0.99→16; p=0.01→-18,p=0.2→-17; p=0.8→29
7189,5811,True,False,17,15.66,19.800000000000004,4.140000000000004,B,0.6823529411764706,0.5532900066433009,0.12906293453316975,B,none,False,False,False,16,0.99,-18,29,0.8,-17,0,1,p=0.99→16; p=0.01→-18,p=0.2→-17; p=0.8→29
7207,5824,False,False,32,9.7,11.889999999999999,2.1899999999999995,B,0.4624999999999999,0.6316944597971057,0.1691944597971058,A,none,True,False,False,10,0.9,7,12,0.99,1,1,0,p=0.9→10; p=0.1→7,p=0.01→1; p=0.12375→10.5; p=0.37125→11.5; p=0.37125→12.5; p=0.12375→13.5
7208,5824,True,False,16,9.7,11.889999999999999,2.1899999999999995,B,0.6,0.6978554637212396,0.09785546372123965,B,none,False,False,False,10,0.9,7,12,0.99,1,1,0,p=0.9→10; p=0.1→7,p=0.01→1; p=0.12375→10.5; p=0.37125→11.5; p=0.37125→12.5; p=0.12375→13.5
7214,5829,True,True,18,6.0,13.5,7.5,B,0.5,0.5661612796374806,0.06616127963748064,tie,none,True,False,False,6,1.0,6,77,0.5,-50,3,0,p=1→6; p=0→6,p=0.5→-50; p=0.25→83; p=0.125→81; p=0.0625→77; p=0.03125→69; p=0.015625→53; p=0.0078125→21; p=0.0078125→-43
7217,5832,True,False,18,25.0,31.200000000000003,6.200000000000003,B,0.8333333333333333,0.6974074008263094,0.1359259325070239,B,none,False,False,False,25,1.0,25,34,0.9,6,1,0,p=1→25; p=0→25,p=0.1→6; p=0.028125→31.5; p=0.140625→32.5; p=0.28125→33.5; p=0.28125→34.5; p=0.140625→35.5; p=0.028125→36.5
7221,5835,True,False,32,25.0,31.5,6.5,B,0.6225961538461537,0.5029194686411975,0.11967668520495622,B,none,False,False,False,25,1.0,25,93,0.25,11,0,0,p=1→25; p=0→25,p=0.75→11; p=0.25→93
7222,5836,True,False,17,14.0,22.2,8.2,B,0.6705882352941176,0.7259207748203508,0.05533253952623318,B,none,False,False,False,89,0.25,-11,27,0.6,15,1,-1,p=0.25→89; p=0.75→-11,p=0.4→15; p=0.0046875→23.5; p=0.0328125→24.5; p=0.0984375→25.5; p=0.164062→26.5; p=0.164062→27.5; p=0.0984375→28.5; p=0.0328125→29.5; p=0.0046875→30.5
7228,5842,False,False,16,30.0,25.779999999999998,-4.220000000000002,A,0.17500000000000002,0.22543387252014832,0.050433872520148304,A,none,False,False,False,30,1.0,30,26,0.99,4,0,0,p=1→30; p=0→30,p=0.01→4; p=0.99→26
7229,5842,True,False,16,30.0,25.779999999999998,-4.220000000000002,A,0.1,0.12514071651040834,0.025140716510408334,A,none,False,False,False,30,1.0,30,26,0.99,4,0,0,p=1→30; p=0→30,p=0.01→4; p=0.99→26
7240,5851,True,False,15,4.9,9.6,4.699999999999999,B,0.6799999999999999,0.6988175166052234,0.01881751660522346,B,none,False,False,False,79,0.05,1,12,0.6,6,1,0,p=0.05→79; p=0.95→1,p=0.4→6; p=0.01875→9.5; p=0.09375→10.5; p=0.1875→11.5; p=0.1875→12.5; p=0.09375→13.5; p=0.01875→14.5
7243,5854,False,False,16,29.0,29.8,0.8000000000000007,B,0.9375,0.7832125389286912,0.15428746107130875,B,none,False,False,False,29,1.0,29,37,0.1,29,1,0,p=1→29; p=0→29,p=0.9→29; p=0.00078125→33.5; p=0.00546875→34.5; p=0.0164063→35.5; p=0.0273438→36.5; p=0.0273438→37.5; p=0.0164063→38.5; p=0.00546875→39.5; p=0.00078125→40.5
7244,5854,True,False,16,29.0,29.8,0.8000000000000007,B,0.8625,0.8112879278121956,0.051212072187804436,B,none,False,False,False,29,1.0,29,37,0.1,29,1,0,p=1→29; p=0→29,p=0.9→29; p=0.00078125→33.5; p=0.00546875→34.5; p=0.0164063→35.5; p=0.0273438→36.5; p=0.0273438→37.5; p=0.0164063→38.5; p=0.00546875→39.5; p=0.00078125→40.5
7245,5855,False,False,16,12.0,9.8,-2.1999999999999993,A,0.2,0.20532410408080476,0.005324104080804748,A,none,False,False,False,12,1.0,12,11,0.6,8,0,0,p=1→12; p=0→12,p=0.4→8; p=0.6→11
7250,5859,True,False,15,24.0,26.0,2.0,B,0.6933333333333334,0.5911547122027664,0.10217862113056697,B,none,False,False,False,45,0.5,3,35,0.1,25,0,1,p=0.5→45; p=0.5→3,p=0.9→25; p=0.1→35
7252,5861,False,False,16,17.0,15.399999999999999,-1.6000000000000014,A,0.3625,0.44106576020667615,0.07856576020667616,A,none,False,False,False,17,1.0,17,23,0.6,4,0,0,p=1→17; p=0→17,p=0.4→4; p=0.6→23
7253,5861,True,False,15,17.0,15.399999999999999,-1.6000000000000014,A,0.44,0.43390399189533185,0.006096008104668149,A,none,False,False,False,17,1.0,17,23,0.6,4,0,0,p=1→17; p=0→17,p=0.4→4; p=0.6→23
7256,5864,True,True,16,17.0,7.35,-9.65,A,0.6124999999999999,0.4630375730502594,0.14946242694974055,B,strong_ev_a_humans_favor_b,False,False,True,17,1.0,17,42,0.01,7,0,0,p=1→17; p=0→17,p=0.99→7; p=0.01→42
7258,5866,True,False,15,17.0,17.5,0.5,B,0.7066666666666667,0.7599681752372983,0.05330150857063165,B,none,False,False,False,17,1.0,17,18,0.5,17,0,0,p=1→17; p=0→17,p=0.5→17; p=0.5→18
7261,5868,True,False,18,27.0,33.5,6.5,B,0.6666666666666666,0.6399281599812885,0.02673850668537814,B,none,False,False,False,94,0.5,-40,40,0.5,27,0,0,p=0.5→94; p=0.5→-40,p=0.5→27; p=0.5→40
7263,5870,True,True,17,8.0,5.75,-2.25,A,0.25882352941176473,0.44960373280187554,0.19078020339011081,A,none,False,False,False,10,0.8,0,77,0.25,-18,0,0,p=0.8→10; p=0.2→0,p=0.75→-18; p=0.25→77
7269,5875,True,False,16,3.0,12.9,9.9,B,0.95,0.8909002729944437,0.05909972700555621,B,none,False,False,False,3,1.0,3,13,0.95,11,1,0,p=1→3; p=0→3,p=0.05→11; p=0.00742187→9.5; p=0.0519531→10.5; p=0.155859→11.5; p=0.259766→12.5; p=0.259766→13.5; p=0.155859→14.5; p=0.0519531→15.5; p=0.00742187→16.5
7280,5885,True,False,16,-7.0,-10.5,-3.5,A,0.2375,0.22581024281243803,0.011689757187561961,A,none,False,False,False,-7,1.0,-7,-6,0.75,-24,0,0,p=1→-7; p=0→-7,p=0.25→-24; p=0.75→-6
7289,5893,False,False,16,10.0,3.3,-6.7,A,0.4375,0.42518134490419884,0.012318655095801156,A,none,False,False,False,10,1.0,10,28,0.05,2,2,0,p=1→10; p=0→10,p=0.95→2; p=0.025→22; p=0.0125→24; p=0.00625→28; p=0.003125→36; p=0.0015625→52; p=0.00078125→84; p=0.00078125→148
7290,5893,True,False,17,10.0,3.3,-6.7,A,0.3647058823529412,0.39068122800956023,0.02597534565661902,A,none,False,False,False,10,1.0,10,28,0.05,2,2,0,p=1→10; p=0→10,p=0.95→2; p=0.025→22; p=0.0125→24; p=0.00625→28; p=0.003125→36; p=0.0015625→52; p=0.00078125→84; p=0.00078125→148
7294,5896,True,False,15,-9.599999999999998,-5.1,4.499999999999998,B,0.4133333333333334,0.5193056958048268,0.10597236247149339,A,none,False,False,False,66,0.1,-18,-3,0.9,-24,0,1,p=0.1→66; p=0.9→-18,p=0.1→-24; p=0.9→-3
7296,5898,True,False,15,-4.25,-12.149999999999999,-7.899999999999999,A,0.13333333333333333,0.15227393293577324,0.018940599602439906,A,none,False,False,False,13,0.25,-10,-12,0.95,-15,0,0,p=0.25→13; p=0.75→-10,p=0.05→-15; p=0.95→-12
7297,5899,False,False,16,19.0,24.400000000000002,5.400000000000002,B,0.3875,0.42216241223753237,0.03466241223753236,A,strong_ev_b_humans_favor_a,False,True,False,19,1.0,19,67,0.4,-4,0,0,p=1→19; p=0→19,p=0.6→-4; p=0.4→67
7301,5902,True,False,18,10.77,14.0,3.2300000000000004,B,0.3888888888888889,0.41072825611351055,0.021839367224621653,A,none,False,False,False,11,0.99,-12,52,0.6,-43,0,0,p=0.99→11; p=0.01→-12,p=0.4→-43; p=0.6→52
7328,5924,False,False,16,18.0,31.450000000000003,13.450000000000003,B,0.925,0.756593539703533,0.168406460296467,B,none,False,False,False,37,0.5,-1,76,0.01,31,1,0,p=0.5→37; p=0.5→-1,p=0.99→31; p=0.005→75.5; p=0.005→76.5
7340,5933,True,False,15,14.0,13.6,-0.40000000000000036,A,0.5466666666666666,0.4484618796712768,0.09820478699538981,B,none,True,False,False,14,1.0,14,38,0.6,-23,3,0,p=1→14; p=0→14,p=0.4→-23; p=0.3→42; p=0.15→40; p=0.075→36; p=0.0375→28; p=0.0375→12
7352,5942,True,False,15,13.0,20.600000000000005,7.600000000000005,B,0.44,0.5329732066823126,0.09297320668231263,A,none,False,False,False,17,0.75,1,34,0.8,-33,3,0,p=0.75→17; p=0.25→1,p=0.2→-33; p=0.4→36; p=0.2→34; p=0.2→30
7355,5945,False,False,16,12.0,19.65,7.649999999999999,B,0.7999999999999999,0.7763122313293205,0.023687768670679454,B,none,False,False,False,12,1.0,12,89,0.05,16,1,0,p=1→12; p=0→12,p=0.95→16; p=0.025→88.5; p=0.025→89.5
7356,5945,True,False,16,12.0,19.65,7.649999999999999,B,0.9,0.8482734872338669,0.05172651276613316,B,none,False,False,False,12,1.0,12,89,0.05,16,1,0,p=1→12; p=0→12,p=0.95→16; p=0.025→88.5; p=0.025→89.5
7365,5952,False,False,16,10.0,13.0,3.0,B,0.65,0.7585543605643591,0.10855436056435908,B,none,False,False,False,10,1.0,10,16,0.4,11,0,0,p=1→10; p=0→10,p=0.6→11; p=0.4→16
7371,5956,True,False,17,15.0,5.6000000000000005,-9.399999999999999,A,0.388235294117647,0.3142683414812745,0.07396695263637248,A,none,False,False,False,15,1.0,15,29,0.1,3,2,0,p=1→15; p=0→15,p=0.9→3; p=0.05→25; p=0.025→27; p=0.0125→31; p=0.00625→39; p=0.00625→55
7380,5965,False,False,15,2.0,-0.040000000000000036,-2.04,A,0.08,0.17771442273599458,0.09771442273599458,A,none,False,False,False,2,1.0,2,0,0.99,-4,1,0,p=1→2; p=0→2,p=0.01→-4; p=0.0309375→-2.5; p=0.154688→-1.5; p=0.309375→-0.5; p=0.309375→0.5; p=0.154688→1.5; p=0.0309375→2.5
7401,5985,True,False,15,16.0,16.0,0.0,tie,0.3866666666666667,0.4041933535624465,0.017526686895779797,A,none,False,False,False,16,1.0,16,64,0.4,-16,0,0,p=1→16; p=0→16,p=0.6→-16; p=0.4→64
7403,5987,True,False,16,14.0,20.400000000000002,6.400000000000002,B,0.3375,0.6654645903598122,0.3279645903598122,A,strong_ev_b_humans_favor_a,False,False,True,25,0.5,3,78,0.2,6,2,0,p=0.5→25; p=0.5→3,p=0.8→6; p=0.1→77; p=0.1→79
7408,5991,True,False,18,3.0,-2.5,-5.5,A,0.30000000000000004,0.22111683808785398,0.07888316191214606,A,none,False,False,False,3,1.0,3,7,0.5,-12,0,0,p=1→3; p=0→3,p=0.5→-12; p=0.5→7
7417,5997,True,False,16,19.0,20.75,1.75,B,0.4625,0.4057429694719641,0.056757030528035934,A,none,True,False,False,19,1.0,19,43,0.75,-46,0,0,p=1→19; p=0→19,p=0.25→-46; p=0.75→43
7429,6008,True,False,18,29.4,28.0,-1.3999999999999986,A,0.35185185185185186,0.4693888568146186,0.11753700496276676,A,none,False,False,False,31,0.8,23,39,0.75,-5,2,0,p=0.8→31; p=0.2→23,p=0.25→-5; p=0.375→37; p=0.1875→39; p=0.1875→43
7432,6010,False,False,15,17.0,18.25,1.25,B,0.68,0.6457776905136821,0.03422230948631799,B,none,False,False,False,59,0.4,-11,19,0.25,18,1,1,p=0.4→59; p=0.6→-11,p=0.75→18; p=0.00195312→15.5; p=0.0136719→16.5; p=0.0410156→17.5; p=0.0683594→18.5; p=0.0683594→19.5; p=0.0410156→20.5; p=0.0136719→21.5; p=0.00195312→22.5
7433,6010,True,False,18,17.0,18.25,1.25,B,0.6666666666666665,0.6525821198111145,0.01408454685555205,B,none,False,False,False,59,0.4,-11,19,0.25,18,1,1,p=0.4→59; p=0.6→-11,p=0.75→18; p=0.00195312→15.5; p=0.0136719→16.5; p=0.0410156→17.5; p=0.0683594→18.5; p=0.0683594→19.5; p=0.0410156→20.5; p=0.0136719→21.5; p=0.00195312→22.5
7440,6015,True,False,16,19.0,18.900000000000002,-0.09999999999999787,A,0.5875,0.5300214489205933,0.05747855107940669,B,none,False,False,False,19,1.0,19,36,0.1,17,0,0,p=1→19; p=0→19,p=0.9→17; p=0.1→36
7447,6020,True,False,22,-10.08,-17.099999999999998,-7.019999999999998,A,0.20909090909090908,0.14561775803682095,0.06347315105408813,A,none,False,False,False,-10,0.99,-18,-17,0.99,-27,1,0,p=0.99→-10; p=0.01→-18,p=0.01→-27; p=0.0309375→-19.5; p=0.154688→-18.5; p=0.309375→-17.5; p=0.309375→-16.5; p=0.154688→-15.5; p=0.0309375→-14.5
7450,6022,True,False,16,29.25,33.2,3.950000000000003,B,0.3375,0.5176806161544255,0.1801806161544255,A,none,False,False,False,31,0.75,24,56,0.6,-1,2,-1,p=0.75→31; p=0.25→24,p=0.4→-1; p=0.3→53; p=0.15→55; p=0.075→59; p=0.075→67
7455,6027,True,False,32,-0.1999999999999993,1.75,1.9499999999999993,B,0.53125,0.5088658370306387,0.0223841629693613,B,none,True,False,False,4,0.8,-17,61,0.25,-18,1,0,p=0.8→4; p=0.2→-17,p=0.75→-18; p=0.03125→59.5; p=0.09375→60.5; p=0.09375→61.5; p=0.03125→62.5
7459,6031,True,False,17,-10.0,-15.200000000000001,-5.200000000000001,A,0.5058823529411764,0.5404407870144453,0.03455843407326886,B,none,True,False,False,-10,1.0,-10,32,0.2,-27,1,0,p=1→-10; p=0→-10,p=0.8→-27; p=0.1→31.5; p=0.1→32.5
7465,6035,True,False,17,17.0,25.0,8.0,B,0.6705882352941177,0.7381102731422041,0.06752203784808641,B,none,False,False,False,17,1.0,17,30,0.75,10,0,0,p=1→17; p=0→17,p=0.25→10; p=0.75→30
7471,6040,False,False,15,21.0,18.000000000000004,-2.9999999999999964,A,0.4,0.32211149009182527,0.07788850990817475,A,none,False,False,False,21,1.0,21,51,0.4,-4,0,0,p=1→21; p=0→21,p=0.6→-4; p=0.4→51
7472,6040,True,False,17,21.0,18.000000000000004,-2.9999999999999964,A,0.3294117647058824,0.3236067250776224,0.005805039628260011,A,none,False,False,False,21,1.0,21,51,0.4,-4,0,0,p=1→21; p=0→21,p=0.6→-4; p=0.4→51
7473,6041,True,False,17,8.0,11.2,3.1999999999999993,B,0.6588235294117648,0.6014073075914524,0.05741622182031236,B,none,False,False,False,8,1.0,8,12,0.95,-4,0,0,p=1→8; p=0→8,p=0.05→-4; p=0.95→12
7484,6051,True,False,16,-7.0,-10.25,-3.25,A,0.1375,0.15925320032646753,0.02175320032646752,A,none,False,False,False,-7,1.0,-7,-8,0.25,-11,1,0,p=1→-7; p=0→-7,p=0.75→-11; p=0.03125→-9.5; p=0.09375→-8.5; p=0.09375→-7.5; p=0.03125→-6.5
7506,6067,False,False,16,28.0,30.599999999999998,2.599999999999998,B,0.5750000000000001,0.688375776040843,0.11337577604084292,B,none,False,False,False,28,1.0,28,31,0.6,30,2,0,p=1→28; p=0→28,p=0.4→30; p=0.3→27; p=0.15→29; p=0.075→33; p=0.0375→41; p=0.0375→57
7507,6067,True,False,15,28.0,30.599999999999998,2.599999999999998,B,0.9333333333333332,0.7190270698334347,0.21430626349989856,B,none,False,False,False,28,1.0,28,31,0.6,30,2,0,p=1→28; p=0→28,p=0.4→30; p=0.3→27; p=0.15→29; p=0.075→33; p=0.0375→41; p=0.0375→57
7513,6073,True,False,16,6.0,9.0,3.0,B,0.7375,0.6599119309890245,0.07758806901097559,B,none,False,False,False,6,1.0,6,21,0.6,-9,2,0,p=1→6; p=0→6,p=0.4→-9; p=0.3→16; p=0.15→18; p=0.075→22; p=0.0375→30; p=0.01875→46; p=0.01875→78
7528,6086,True,False,17,-9.0,-12.899999999999999,-3.8999999999999986,A,0.4352941176470588,0.396028489430782,0.03926562821627677,A,none,False,False,False,-9,1.0,-9,8,0.05,-14,0,0,p=1→-9; p=0→-9,p=0.95→-14; p=0.05→8
7530,6088,True,False,16,15.2,14.400000000000002,-0.7999999999999972,A,0.5625,0.4078037629569236,0.1546962370430764,B,none,False,False,False,24,0.6,2,68,0.2,1,0,0,p=0.6→24; p=0.4→2,p=0.8→1; p=0.2→68
7531,6089,True,False,16,24.0,28.8,4.800000000000001,B,0.65,0.6442087021007354,0.00579129789926458,B,none,False,False,False,45,0.5,3,36,0.1,28,0,0,p=0.5→45; p=0.5→3,p=0.9→28; p=0.1→36
7536,6094,True,False,19,2.5500000000000003,3.0,0.44999999999999973,B,0.5473684210526316,0.4974456576878444,0.04992276336478724,B,none,True,False,False,51,0.05,0,3,1.0,3,0,0,p=0.05→51; p=0.95→0,p=1→3
7544,6100,False,False,15,19.0,19.150000000000002,0.15000000000000213,B,0.8533333333333334,0.7005794077290654,0.15275392560426804,B,none,False,False,False,19,1.0,19,22,0.05,19,1,0,p=1→19; p=0→19,p=0.95→19; p=0.0015625→19.5; p=0.0078125→20.5; p=0.015625→21.5; p=0.015625→22.5; p=0.0078125→23.5; p=0.0015625→24.5
7556,6112,True,False,17,12.0,3.5199999999999996,-8.48,A,0.047058823529411764,0.1003019375804934,0.05324311405108163,A,none,False,False,False,12,1.0,12,4,0.99,-44,0,0,p=1→12; p=0→12,p=0.01→-44; p=0.99→4
7557,6113,True,True,15,-5.25,-3.6000000000000005,1.6499999999999995,B,0.8800000000000001,0.6162276962124544,0.2637723037875457,B,none,False,False,False,54,0.25,-25,18,0.1,-6,2,0,p=0.25→54; p=0.75→-25,p=0.9→-6; p=0.05→12; p=0.025→14; p=0.0125→18; p=0.00625→26; p=0.003125→42; p=0.0015625→74; p=0.0015625→138
7571,6125,True,False,18,0.0,9.0,9.0,B,0.6333333333333333,0.5710904797678878,0.062242853565445455,B,none,False,False,False,54,0.1,-6,43,0.6,-42,0,0,p=0.1→54; p=0.9→-6,p=0.4→-42; p=0.6→43
7573,6127,True,False,16,20.0,30.2,10.2,B,0.875,0.8110553057689944,0.06394469423100557,B,none,False,False,False,20,1.0,20,95,0.1,23,0,0,p=1→20; p=0→20,p=0.9→23; p=0.1→95
7590,6142,True,False,16,11.0,19.65,8.649999999999999,B,0.7875,0.7051443738561474,0.08235562614385261,B,none,False,False,False,11,1.0,11,21,0.95,-6,2,0,p=1→11; p=0→11,p=0.05→-6; p=0.475→18; p=0.2375→20; p=0.11875→24; p=0.11875→32
7591,6143,True,False,19,8.0,3.8000000000000007,-4.199999999999999,A,0.13684210526315788,0.11351389717005375,0.023328208093104125,A,none,False,False,False,8,1.0,8,8,0.8,-13,0,0,p=1→8; p=0→8,p=0.2→-13; p=0.8→8
7594,6146,True,False,17,19.0,22.0,3.0,B,0.6470588235294117,0.5507584025661192,0.0963004209632925,B,none,False,False,False,19,1.0,19,30,0.75,-2,0,0,p=1→19; p=0→19,p=0.25→-2; p=0.75→30
7605,6156,True,False,20,18.0,15.000000000000004,-2.9999999999999964,A,0.22000000000000008,0.3524059318431558,0.1324059318431557,A,none,False,False,False,18,1.0,18,78,0.4,-27,0,0,p=1→18; p=0→18,p=0.6→-27; p=0.4→78
7616,6167,True,False,33,28.8,26.2,-2.6000000000000014,A,0.5999999999999999,0.41168583185188384,0.18831416814811602,B,none,False,False,False,34,0.9,-18,70,0.4,-3,0,1,p=0.9→34; p=0.1→-18,p=0.6→-3; p=0.4→70
7619,6170,True,False,19,-5.8,-1.5,4.3,B,0.6210526315789473,0.7181380712317142,0.09708543965276695,B,none,False,False,False,-4,0.8,-13,102,0.1,-13,0,0,p=0.8→-4; p=0.2→-13,p=0.9→-13; p=0.1→102
7628,6177,False,False,16,4.200000000000003,9.35,5.149999999999997,B,0.7000000000000001,0.626134682393265,0.07386531760673509,B,none,False,False,False,57,0.4,-31,73,0.05,6,3,0,p=0.4→57; p=0.6→-31,p=0.95→6; p=0.025→79; p=0.0125→77; p=0.00625→73; p=0.003125→65; p=0.0015625→49; p=0.00078125→17; p=0.00078125→-47
7629,6177,True,False,15,4.200000000000003,9.35,5.149999999999997,B,0.8800000000000001,0.6746093933610693,0.20539060663893083,B,none,False,False,False,57,0.4,-31,73,0.05,6,3,0,p=0.4→57; p=0.6→-31,p=0.95→6; p=0.025→79; p=0.0125→77; p=0.00625→73; p=0.003125→65; p=0.0015625→49; p=0.00078125→17; p=0.00078125→-47
7646,6192,True,False,16,1.7763568394002505e-15,-4.199999999999999,-4.200000000000001,A,0.6124999999999999,0.4780348454659886,0.1344651545340113,B,none,False,False,False,33,0.4,-22,39,0.2,-15,1,0,p=0.4→33; p=0.6→-22,p=0.8→-15; p=0.0015625→35.5; p=0.0109375→36.5; p=0.0328125→37.5; p=0.0546875→38.5; p=0.0546875→39.5; p=0.0328125→40.5; p=0.0109375→41.5; p=0.0015625→42.5
7651,6195,False,False,32,20.0,19.25,-0.75,A,0.4312499999999999,0.44292308711693396,0.011673087116934044,A,none,False,False,False,20,1.0,20,59,0.25,6,3,0,p=1→20; p=0→20,p=0.75→6; p=0.125→64; p=0.0625→62; p=0.03125→58; p=0.015625→50; p=0.0078125→34; p=0.0078125→2
7652,6195,True,False,15,20.0,19.25,-0.75,A,0.2933333333333333,0.4421442368846066,0.1488109035512733,A,none,False,False,False,20,1.0,20,59,0.25,6,3,0,p=1→20; p=0→20,p=0.75→6; p=0.125→64; p=0.0625→62; p=0.03125→58; p=0.015625→50; p=0.0078125→34; p=0.0078125→2
7676,6212,False,False,16,0.0,-6.349999999999999,-6.349999999999999,A,0.5249999999999999,0.3194166253737538,0.2055833746262461,B,none,True,False,False,0,1.0,0,44,0.05,-9,0,0,p=1→0; p=0→0,p=0.95→-9; p=0.05→44
7677,6212,True,False,16,0.0,-6.349999999999999,-6.349999999999999,A,0.3250000000000001,0.2980108505337048,0.026989149466295326,A,none,False,False,False,0,1.0,0,44,0.05,-9,0,0,p=1→0; p=0→0,p=0.95→-9; p=0.05→44
7698,6227,False,False,15,13.0,13.2,0.1999999999999993,B,0.48,0.5145246131056813,0.034524613105681334,A,none,True,False,False,13,1.0,13,24,0.6,-3,1,0,p=1→13; p=0→13,p=0.4→-3; p=0.075→22.5; p=0.225→23.5; p=0.225→24.5; p=0.075→25.5
7699,6227,True,False,15,13.0,13.2,0.1999999999999993,B,0.4933333333333333,0.5363695545461379,0.04303622121280459,A,none,True,False,False,13,1.0,13,24,0.6,-3,1,0,p=1→13; p=0→13,p=0.4→-3; p=0.075→22.5; p=0.225→23.5; p=0.225→24.5; p=0.075→25.5
7712,6236,True,False,18,-2.0,-10.399999999999999,-8.399999999999999,A,0.6444444444444444,0.4800616503588906,0.16438279408555379,B,strong_ev_a_humans_favor_b,False,False,True,-2,1.0,-2,10,0.4,-24,0,0,p=1→-2; p=0→-2,p=0.6→-24; p=0.4→10
7723,6246,False,False,17,-2.92,-1.0,1.92,B,0.7882352941176469,0.6850198831543619,0.10321541096328501,B,none,False,False,False,5,0.01,-3,11,0.2,-4,1,0,p=0.01→5; p=0.99→-3,p=0.8→-4; p=0.00625→8.5; p=0.03125→9.5; p=0.0625→10.5; p=0.0625→11.5; p=0.03125→12.5; p=0.00625→13.5
7724,6246,True,False,16,-2.92,-1.0,1.92,B,0.8125000000000001,0.696877210654067,0.11562278934593306,B,none,False,False,False,5,0.01,-3,11,0.2,-4,1,0,p=0.01→5; p=0.99→-3,p=0.8→-4; p=0.00625→8.5; p=0.03125→9.5; p=0.0625→10.5; p=0.0625→11.5; p=0.03125→12.5; p=0.00625→13.5
7736,6255,True,True,15,25.0,27.9,2.8999999999999986,B,0.09333333333333334,0.3711046153825601,0.2777712820492268,A,none,False,False,False,33,0.75,1,30,0.95,-12,0,0,p=0.75→33; p=0.25→1,p=0.05→-12; p=0.95→30
7753,6267,True,False,18,9.0,0.1200000000000001,-8.879999999999999,A,0.16666666666666669,0.21227048455730974,0.04560381789064305,A,none,False,False,False,9,1.0,9,111,0.01,-1,0,0,p=1→9; p=0→9,p=0.99→-1; p=0.01→111
7766,6280,True,False,17,1.0,-1.5999999999999996,-2.5999999999999996,A,0.34117647058823536,0.3096842568551321,0.031492213733103236,A,none,False,False,False,1,1.0,1,25,0.05,-3,1,0,p=1→1; p=0→1,p=0.95→-3; p=0.000390625→21.5; p=0.00273438→22.5; p=0.00820313→23.5; p=0.0136719→24.5; p=0.0136719→25.5; p=0.00820313→26.5; p=0.00273438→27.5; p=0.000390625→28.5
7771,6285,True,True,16,-7.62,-16.2,-8.579999999999998,A,0.5625,0.41657278362397226,0.14592721637602774,B,none,False,False,False,30,0.01,-8,19,0.2,-25,0,-1,p=0.01→30; p=0.99→-8,p=0.8→-25; p=0.2→19
7775,6289,True,True,16,5.0,-1.4000000000000004,-6.4,A,0.28750000000000003,0.4096671292188791,0.12216712921887907,A,none,False,False,False,5,1.0,5,17,0.2,-6,0,0,p=1→5; p=0→5,p=0.8→-6; p=0.2→17
7785,6299,True,False,16,-8.6,-2.5999999999999996,6.0,B,0.85,0.8223623966191219,0.027637603380878062,B,none,False,False,False,-8,0.9,-14,81,0.05,-7,0,0,p=0.9→-8; p=0.1→-14,p=0.95→-7; p=0.05→81
7786,6300,True,False,17,-6.0,-12.01,-6.01,A,0.5294117647058824,0.4582179201244203,0.07119384458146205,B,none,True,False,False,-6,1.0,-6,86,0.01,-13,0,0,p=1→-6; p=0→-6,p=0.99→-13; p=0.01→86
7808,6319,False,True,15,-5.0,-16.5,-11.5,A,0.37333333333333335,0.4662101933692167,0.09287686003588336,A,none,False,False,False,94,0.1,-16,2,0.5,-35,0,0,p=0.1→94; p=0.9→-16,p=0.5→-35; p=0.5→2
7809,6319,True,True,16,-5.0,-16.5,-11.5,A,0.5249999999999999,0.41348293871581987,0.11151706128418004,B,none,True,False,False,94,0.1,-16,2,0.5,-35,0,0,p=0.1→94; p=0.9→-16,p=0.5→-35; p=0.5→2
7814,6324,True,False,18,25.0,25.13,0.129999999999999,B,0.7555555555555554,0.7788205869863554,0.023265031430799943,B,none,False,False,False,25,1.0,25,38,0.01,25,2,0,p=1→25; p=0→25,p=0.99→25; p=0.005→37; p=0.005→39
7815,6325,True,False,16,29.0,30.799999999999997,1.7999999999999972,B,0.6749999999999999,0.5567225603398288,0.11827743966017112,B,none,False,False,False,65,0.1,25,31,0.8,30,2,0,p=0.1→65; p=0.9→25,p=0.2→30; p=0.4→30; p=0.4→32
7824,6333,False,False,16,0.6000000000000005,-2.4000000000000004,-3.000000000000001,A,0.29999999999999993,0.5191862567650077,0.2191862567650078,A,none,False,False,False,107,0.05,-5,30,0.1,-6,1,0,p=0.05→107; p=0.95→-5,p=0.9→-6; p=0.00078125→26.5; p=0.00546875→27.5; p=0.0164063→28.5; p=0.0273438→29.5; p=0.0273438→30.5; p=0.0164063→31.5; p=0.00546875→32.5; p=0.00078125→33.5
7825,6333,True,False,15,0.6000000000000005,-2.4000000000000004,-3.000000000000001,A,0.2933333333333333,0.46905640133023335,0.17572306799690007,A,none,False,False,False,107,0.05,-5,30,0.1,-6,1,0,p=0.05→107; p=0.95→-5,p=0.9→-6; p=0.00078125→26.5; p=0.00546875→27.5; p=0.0164063→28.5; p=0.0273438→29.5; p=0.0273438→30.5; p=0.0164063→31.5; p=0.00546875→32.5; p=0.00078125→33.5
7847,6353,True,False,15,8.0,15.4,7.4,B,0.7866666666666667,0.7753905103963378,0.011276156270328963,B,none,False,False,False,33,0.5,-17,55,0.01,15,0,0,p=0.5→33; p=0.5→-17,p=0.99→15; p=0.01→55
7853,6359,True,False,20,-4.2,-4.0,0.20000000000000018,B,0.8699999999999999,0.7557584628142199,0.11424153718578,B,none,False,False,False,-4,0.9,-6,-4,1.0,-4,0,0,p=0.9→-4; p=0.1→-6,p=1→-4
7858,6364,True,False,17,4.0,-2.4499999999999997,-6.449999999999999,A,0.31764705882352945,0.22556116278148322,0.09208589604204623,A,none,False,False,False,4,1.0,4,46,0.05,-5,0,0,p=1→4; p=0→4,p=0.95→-5; p=0.05→46
7863,6369,True,True,16,17.000000000000004,16.0,-1.0000000000000036,A,0.7625,0.5938286955452675,0.16867130445473244,B,none,False,False,False,98,0.4,-37,67,0.25,-1,1,0,p=0.4→98; p=0.6→-37,p=0.75→-1; p=0.125→66.5; p=0.125→67.5
7865,6371,True,False,15,-10.0,-9.65,0.34999999999999964,B,0.8266666666666667,0.7981909418670925,0.028475724799574165,B,none,False,False,False,-10,1.0,-10,-3,0.05,-10,0,0,p=1→-10; p=0→-10,p=0.95→-10; p=0.05→-3
7873,6379,True,True,16,3.0,9.3,6.300000000000001,B,0.9000000000000001,0.9094757468832936,0.009475746883293445,B,none,False,False,False,3,1.0,3,53,0.05,7,1,0,p=1→3; p=0→3,p=0.95→7; p=0.00625→51.5; p=0.01875→52.5; p=0.01875→53.5; p=0.00625→54.5
7877,6383,True,False,17,27.0,25.4,-1.6000000000000014,A,0.5372549019607843,0.46389809381644864,0.07335680814433565,B,none,True,False,False,27,1.0,27,74,0.1,20,0,0,p=1→27; p=0→27,p=0.9→20; p=0.1→74
7884,6390,True,False,16,19.0,21.69,2.6900000000000013,B,0.7124999999999999,0.5553588291498076,0.1571411708501923,B,none,False,False,False,19,1.0,19,22,0.99,-9,0,0,p=1→19; p=0→19,p=0.01→-9; p=0.99→22
7909,6414,True,False,17,22.0,10.96,-11.04,A,0.05882352941176471,0.07984232059102846,0.021018791179263745,A,none,False,False,False,22,1.0,22,11,0.99,7,0,0,p=1→22; p=0→22,p=0.01→7; p=0.99→11
7912,6416,False,False,16,-7.0,-8.0,-1.0,A,0.5375,0.5981468024439814,0.06064680244398146,B,none,True,False,False,-7,1.0,-7,28,0.25,-20,0,0,p=1→-7; p=0→-7,p=0.75→-20; p=0.25→28
7917,6420,True,False,18,8.0,14.200000000000003,6.200000000000003,B,0.3222222222222222,0.44861958528849394,0.12639736306627175,A,strong_ev_b_humans_favor_a,False,False,False,8,1.0,8,79,0.4,-29,0,0,p=1→8; p=0→8,p=0.6→-29; p=0.4→79
7937,6437,True,False,16,13.85,8.399999999999999,-5.450000000000001,A,0.28750000000000003,0.31259316233489165,0.025093162334891617,A,none,False,False,False,14,0.95,11,24,0.6,-15,0,0,p=0.95→14; p=0.05→11,p=0.4→-15; p=0.6→24
7942,6442,True,False,15,25.8,26.0,0.1999999999999993,B,0.4,0.49778535785661,0.09778535785660997,A,none,False,False,False,49,0.2,20,26,1.0,26,0,0,p=0.2→49; p=0.8→20,p=1→26
7943,6443,False,False,16,9.0,3.25,-5.75,A,0.3375,0.372673610977892,0.035173610977891956,A,none,False,False,False,9,1.0,9,37,0.25,-8,1,0,p=1→9; p=0→9,p=0.75→-8; p=0.00195312→33.5; p=0.0136719→34.5; p=0.0410156→35.5; p=0.0683594→36.5; p=0.0683594→37.5; p=0.0410156→38.5; p=0.0136719→39.5; p=0.00195312→40.5
7944,6443,True,False,15,9.0,3.25,-5.75,A,0.56,0.3793408263697096,0.18065917363029044,B,none,False,False,False,9,1.0,9,37,0.25,-8,1,0,p=1→9; p=0→9,p=0.75→-8; p=0.00195312→33.5; p=0.0136719→34.5; p=0.0410156→35.5; p=0.0683594→36.5; p=0.0683594→37.5; p=0.0410156→38.5; p=0.0136719→39.5; p=0.00195312→40.5
7947,6446,True,False,18,-4.0,-7.300000000000001,-3.3000000000000007,A,0.5333333333333334,0.502879684332963,0.030453649000370397,B,none,True,False,False,-4,1.0,-4,44,0.1,-13,3,0,p=1→-4; p=0→-4,p=0.9→-13; p=0.05→45; p=0.05→43
7956,6453,True,False,15,14.0,4.999999999999998,-9.000000000000002,A,0.1866666666666667,0.33970033778320013,0.15303367111653343,A,none,False,False,False,14,1.0,14,27,0.6,-28,0,0,p=1→14; p=0→14,p=0.4→-28; p=0.6→27
7959,6456,True,False,17,23.999999999999996,16.599999999999994,-7.400000000000002,A,0.2470588235294117,0.3547614372904382,0.1077026137610265,A,none,False,False,False,24,0.01,24,53,0.6,-38,0,0,p=0.01→24; p=0.99→24,p=0.4→-38; p=0.6→53
7963,6460,True,False,16,12.0,12.5,0.5,B,0.7875000000000001,0.7645150081819077,0.022984991818092437,B,none,False,False,False,12,1.0,12,17,0.1,12,0,0,p=1→12; p=0→12,p=0.9→12; p=0.1→17
7975,6472,True,True,17,10.0,12.8,2.8000000000000007,B,0.6000000000000001,0.6801563707107124,0.08015637071071235,B,none,False,False,False,10,1.0,10,16,0.6,8,0,0,p=1→10; p=0→10,p=0.4→8; p=0.6→16
7980,6477,True,False,17,6.0,3.75,-2.25,A,0.18823529411764708,0.29810433741423337,0.10986904329658628,A,none,False,False,False,6,1.0,6,39,0.25,-8,0,0,p=1→6; p=0→6,p=0.75→-8; p=0.25→39
7981,6478,True,False,16,28.0,31.5,3.5,B,0.5500000000000002,0.6365826262297923,0.08658262622979218,B,none,False,False,False,68,0.5,-12,45,0.25,27,1,0,p=0.5→68; p=0.5→-12,p=0.75→27; p=0.00195312→41.5; p=0.0136719→42.5; p=0.0410156→43.5; p=0.0683594→44.5; p=0.0683594→45.5; p=0.0410156→46.5; p=0.0136719→47.5; p=0.00195312→48.5
7990,6487,True,False,16,3.999999999999998,5.799999999999999,1.8000000000000012,B,0.6875000000000001,0.7113438945385689,0.023843894538568833,B,none,False,False,False,6,0.95,-34,6,0.99,-14,0,-1,p=0.95→6; p=0.05→-34,p=0.01→-14; p=0.99→6
7992,6489,True,True,19,-8.0,-1.0,7.0,B,0.736842105263158,0.7276058773686053,0.009236227894552695,B,none,False,False,False,-8,1.0,-8,35,0.25,-13,0,0,p=1→-8; p=0→-8,p=0.75→-13; p=0.25→35
8024,6518,True,False,19,20.0,23.7,3.6999999999999993,B,0.4947368421052633,0.40190757300218016,0.09282926910308315,A,none,True,False,False,26,0.25,18,30,0.9,-33,0,0,p=0.25→26; p=0.75→18,p=0.1→-33; p=0.9→30
8027,6521,True,False,18,4.0,3.4,-0.6000000000000001,A,0.3888888888888888,0.370850226597102,0.0180386622917868,A,none,False,False,False,4,1.0,4,43,0.1,-1,3,0,p=1→4; p=0→4,p=0.9→-1; p=0.05→45; p=0.025→43; p=0.025→39
8029,6523,True,False,20,10.0,8.8,-1.1999999999999993,A,0.4699999999999999,0.487309321068803,0.017309321068803063,A,none,True,False,False,10,1.0,10,52,0.1,4,1,0,p=1→10; p=0→10,p=0.9→4; p=0.00078125→48.5; p=0.00546875→49.5; p=0.0164063→50.5; p=0.0273438→51.5; p=0.0273438→52.5; p=0.0164063→53.5; p=0.00546875→54.5; p=0.00078125→55.5
8036,6530,True,True,16,-9.75,-11.0,-1.25,A,0.3875,0.46059487184106085,0.07309487184106084,A,none,False,False,False,-8,0.75,-15,-4,0.5,-18,0,0,p=0.75→-8; p=0.25→-15,p=0.5→-18; p=0.5→-4
8037,6531,True,True,18,21.0,19.700000000000003,-1.2999999999999972,A,0.7333333333333334,0.6235929959210741,0.1097403374122593,B,none,False,False,False,21,1.0,21,44,0.1,17,0,0,p=1→21; p=0→21,p=0.9→17; p=0.1→44
8055,6548,True,False,17,-4.0,6.699999999999999,10.7,B,0.9882352941176472,0.9176848120393833,0.07055048207826387,B,none,False,False,False,-4,1.0,-4,76,0.01,6,0,0,p=1→-4; p=0→-4,p=0.99→6; p=0.01→76
8066,6558,True,False,16,22.0,25.0,3.0,B,0.3125,0.497714699846621,0.18521469984662098,A,none,False,False,False,22,1.0,22,71,0.5,-21,3,0,p=1→22; p=0→22,p=0.5→-21; p=0.25→77; p=0.125→75; p=0.0625→71; p=0.03125→63; p=0.015625→47; p=0.0078125→15; p=0.0078125→-49
8075,6567,False,False,16,-2.34,-4.000000000000002,-1.660000000000002,A,0.525,0.4962839162197234,0.028716083780276624,B,none,True,False,False,63,0.01,-3,26,0.6,-49,0,-1,p=0.01→63; p=0.99→-3,p=0.4→-49; p=0.6→26
8090,6579,False,False,16,16.0,9.600000000000001,-6.399999999999999,A,0.1375,0.16813366872751773,0.030633668727517716,A,none,False,False,False,22,0.25,14,16,0.8,-16,0,0,p=0.25→22; p=0.75→14,p=0.2→-16; p=0.8→16
8091,6579,True,False,15,16.0,9.600000000000001,-6.399999999999999,A,0.16,0.15334684315883768,0.006653156841162328,A,none,False,False,False,22,0.25,14,16,0.8,-16,0,0,p=0.25→22; p=0.75→14,p=0.2→-16; p=0.8→16
8110,6596,False,False,18,5.0,4.3,-0.7000000000000002,A,0.7444444444444446,0.6691522986479497,0.0752921457964949,B,none,False,False,False,20,0.4,-5,29,0.05,3,2,0,p=0.4→20; p=0.6→-5,p=0.95→3; p=0.025→26; p=0.0125→28; p=0.00625→32; p=0.00625→40
8111,6596,True,False,15,5.0,4.3,-0.7000000000000002,A,0.7733333333333333,0.6613426451905049,0.11199068814282842,B,none,False,False,False,20,0.4,-5,29,0.05,3,2,0,p=0.4→20; p=0.6→-5,p=0.95→3; p=0.025→26; p=0.0125→28; p=0.00625→32; p=0.00625→40
8125,6607,True,False,16,-10.0,-5.800000000000001,4.199999999999999,B,0.65,0.6571342898485883,0.007134289848588327,B,none,False,False,False,-10,1.0,-10,86,0.1,-16,2,0,p=1→-10; p=0→-10,p=0.9→-16; p=0.05→82; p=0.025→84; p=0.0125→88; p=0.00625→96; p=0.00625→112
8136,6615,True,False,16,24.0,29.200000000000003,5.200000000000003,B,0.8875,0.8076659421406763,0.07983405785932363,B,none,False,False,False,24,1.0,24,58,0.1,26,0,0,p=1→24; p=0→24,p=0.9→26; p=0.1→58
8154,6631,True,True,16,-7.0,-8.3,-1.3000000000000007,A,0.6124999999999999,0.6592664889453136,0.046766488945313656,B,none,False,False,False,5,0.4,-15,81,0.05,-13,0,0,p=0.4→5; p=0.6→-15,p=0.95→-13; p=0.05→81
8159,6635,True,False,19,10.0,16.0,6.0,B,0.9263157894736844,0.874778118191381,0.051537671282303466,B,none,False,False,False,10,1.0,10,35,0.05,15,0,0,p=1→10; p=0→10,p=0.95→15; p=0.05→35
8164,6639,False,False,16,5.0,-4.5,-9.5,A,0.18750000000000008,0.3055954435245195,0.11809544352451942,A,none,False,False,False,5,1.0,5,42,0.25,-20,0,0,p=1→5; p=0→5,p=0.75→-20; p=0.25→42
8165,6639,True,False,17,5.0,-4.5,-9.5,A,0.4235294117647059,0.30515065166245714,0.11837876010224874,A,none,False,False,False,5,1.0,5,42,0.25,-20,0,0,p=1→5; p=0→5,p=0.75→-20; p=0.25→42
8174,6646,True,False,15,-7.0,-3.92,3.08,B,0.8933333333333333,0.8948434573900802,0.0015101240567468865,B,none,False,False,False,-7,1.0,-7,4,0.01,-4,0,0,p=1→-7; p=0→-7,p=0.99→-4; p=0.01→4
8175,6647,True,False,16,17.0,17.0,0.0,tie,0.5249999999999999,0.5038775936630897,0.021122406336910204,B,none,True,False,False,17,1.0,17,17,1.0,17,2,0,p=1→17; p=0→17,p=0.5→13; p=0.25→15; p=0.125→19; p=0.0625→27; p=0.0625→43
8177,6649,True,False,16,19.0,14.399999999999999,-4.600000000000001,A,0.2250000000000001,0.3007382353208961,0.07573823532089602,A,none,False,False,False,19,1.0,19,18,0.6,9,3,0,p=1→19; p=0→19,p=0.4→9; p=0.3→21; p=0.15→19; p=0.075→15; p=0.075→7
8197,6665,True,False,16,0.98,1.8000000000000007,0.8200000000000007,B,0.3875000000000001,0.5230678426089707,0.13556784260897053,A,none,False,False,False,1,0.99,-1,41,0.2,-8,3,0,p=0.99→1; p=0.01→-1,p=0.8→-8; p=0.1→45; p=0.05→43; p=0.025→39; p=0.0125→31; p=0.0125→15
8212,6676,False,False,15,9.999999999999996,13.299999999999999,3.3000000000000025,B,0.72,0.7661490548880455,0.04614905488804555,B,none,False,False,False,12,0.95,-28,14,0.9,7,0,0,p=0.95→12; p=0.05→-28,p=0.1→7; p=0.9→14
8214,6678,False,True,15,12.600000000000001,16.4,3.799999999999997,B,0.7733333333333333,0.7339382800517531,0.03939505328158022,B,none,False,False,False,20,0.8,-17,18,0.9,2,1,0,p=0.8→20; p=0.2→-17,p=0.1→2; p=0.00703125→14.5; p=0.0492187→15.5; p=0.147656→16.5; p=0.246094→17.5; p=0.246094→18.5; p=0.147656→19.5; p=0.0492187→20.5; p=0.00703125→21.5
8215,6678,True,True,16,12.600000000000001,16.4,3.799999999999997,B,0.75,0.7267101676914929,0.02328983230850712,B,none,False,False,False,20,0.8,-17,18,0.9,2,1,0,p=0.8→20; p=0.2→-17,p=0.1→2; p=0.00703125→14.5; p=0.0492187→15.5; p=0.147656→16.5; p=0.246094→17.5; p=0.246094→18.5; p=0.147656→19.5; p=0.0492187→20.5; p=0.00703125→21.5
8237,6695,True,False,18,23.0,23.799999999999997,0.7999999999999972,B,0.27777777777777785,0.34999707089528337,0.07221929311750552,A,none,False,False,False,40,0.5,6,49,0.6,-14,0,0,p=0.5→40; p=0.5→6,p=0.4→-14; p=0.6→49
8238,6696,False,False,16,3.0,2.0,-1.0,A,0.2625000000000001,0.34134523007080014,0.07884523007080002,A,none,False,False,False,3,1.0,3,74,0.2,-16,0,0,p=1→3; p=0→3,p=0.8→-16; p=0.2→74
8283,6729,True,True,20,22.0,16.0,-6.0,A,0.51,0.3662530435403095,0.1437469564596905,B,none,True,False,False,22,1.0,22,60,0.5,-28,0,0,p=1→22; p=0→22,p=0.5→-28; p=0.5→60
8301,6740,True,False,19,20.0,10.8,-9.2,A,0.15789473684210528,0.26422514145493115,0.10633040461282586,A,none,False,False,False,20,1.0,20,27,0.4,0,0,0,p=1→20; p=0→20,p=0.6→0; p=0.4→27
8304,6743,True,True,21,5.0,2.0,-3.0,A,0.2380952380952381,0.34758814426401996,0.10949290616878185,A,none,False,False,False,5,1.0,5,9,0.75,-19,0,0,p=1→5; p=0→5,p=0.25→-19; p=0.75→9
8308,6747,True,False,15,1.7999999999999998,7.999999999999998,6.199999999999998,B,0.7466666666666666,0.5808898126102016,0.16577685405646503,B,none,False,False,False,33,0.2,-6,32,0.6,-28,0,0,p=0.2→33; p=0.8→-6,p=0.4→-28; p=0.6→32
8322,6761,True,False,16,25.0,18.25,-6.75,A,0.3625,0.3745086618422549,0.012008661842254909,A,none,False,False,False,25,1.0,25,43,0.01,18,1,0,p=1→25; p=0→25,p=0.99→18; p=7.8125e-05→39.5; p=0.000546875→40.5; p=0.00164062→41.5; p=0.00273438→42.5; p=0.00273438→43.5; p=0.00164062→44.5; p=0.000546875→45.5; p=7.8125e-05→46.5
8332,6771,True,True,18,6.0,5.6000000000000005,-0.39999999999999947,A,0.6444444444444444,0.5852353207257797,0.05920912371866471,B,none,False,False,False,6,1.0,6,64,0.2,-9,3,0,p=1→6; p=0→6,p=0.8→-9; p=0.1→68; p=0.05→66; p=0.025→62; p=0.0125→54; p=0.0125→38
8339,6778,True,False,17,26.0,21.3,-4.699999999999999,A,0.08235294117647059,0.0909235543314607,0.008570613154990109,A,none,False,False,False,26,1.0,26,24,0.9,-3,0,0,p=1→26; p=0→26,p=0.1→-3; p=0.9→24
8342,6781,True,True,16,23.049999999999997,18.75,-4.299999999999997,A,0.037500000000000006,0.12756152780157984,0.09006152780157983,A,none,False,False,False,24,0.05,23,19,0.75,18,0,0,p=0.05→24; p=0.95→23,p=0.25→18; p=0.75→19
8361,6800,True,False,17,21.47,18.56,-2.91,A,0.18823529411764706,0.21790128743543252,0.029665993317785466,A,none,False,False,False,68,0.01,21,19,0.99,-25,0,0,p=0.01→68; p=0.99→21,p=0.01→-25; p=0.99→19
8364,6803,True,False,17,21.0,22.5,1.5,B,0.5058823529411764,0.4504565819463649,0.05542577099481155,B,none,True,False,False,32,0.75,-12,45,0.75,-45,0,0,p=0.75→32; p=0.25→-12,p=0.25→-45; p=0.75→45
8379,6818,True,False,16,15.0,9.999999999999996,-5.0000000000000036,A,0.4375,0.42215214653585115,0.015347853464148853,A,none,False,False,False,18,0.5,12,48,0.6,-47,1,0,p=0.5→18; p=0.5→12,p=0.4→-47; p=0.0046875→44.5; p=0.0328125→45.5; p=0.0984375→46.5; p=0.164062→47.5; p=0.164062→48.5; p=0.0984375→49.5; p=0.0328125→50.5; p=0.0046875→51.5
8384,6823,True,False,18,30.2,28.5,-1.6999999999999993,A,0.2333333333333333,0.3374946191153252,0.10416128578199188,A,none,False,False,False,32,0.4,29,29,0.99,-21,3,0,p=0.4→32; p=0.6→29,p=0.01→-21; p=0.495→34; p=0.2475→32; p=0.12375→28; p=0.061875→20; p=0.0309375→4; p=0.0309375→-28
8389,6828,True,False,16,15.49,15.75,0.2599999999999998,B,0.3125000000000001,0.5262203232639198,0.21372032326391965,A,none,False,False,False,64,0.01,15,87,0.05,12,1,0,p=0.01→64; p=0.99→15,p=0.95→12; p=0.00625→85.5; p=0.01875→86.5; p=0.01875→87.5; p=0.00625→88.5
8397,6836,True,False,18,0.0,-6.6,-6.6,A,0.3555555555555556,0.4294339034771823,0.07387834792162667,A,none,False,False,False,30,0.25,-10,87,0.1,-17,1,0,p=0.25→30; p=0.75→-10,p=0.9→-17; p=0.0125→85.5; p=0.0375→86.5; p=0.0375→87.5; p=0.0125→88.5
8407,6846,True,False,15,4.0,5.15,1.1500000000000004,B,0.5066666666666667,0.543579674753873,0.03691300808720632,B,none,True,False,False,4,1.0,4,65,0.05,2,0,0,p=1→4; p=0→4,p=0.95→2; p=0.05→65
8408,6847,True,False,16,19.0,22.25,3.25,B,0.8125,0.682901442776871,0.12959855722312896,B,none,False,False,False,33,0.75,-23,41,0.25,16,3,0,p=0.75→33; p=0.25→-23,p=0.75→16; p=0.125→43; p=0.0625→41; p=0.0625→37
8421,6860,True,True,17,20.0,19.800000000000004,-0.19999999999999574,A,0.18823529411764706,0.3328032667783814,0.14456797266073435,A,none,False,False,False,62,0.25,6,32,0.8,-29,0,0,p=0.25→62; p=0.75→6,p=0.2→-29; p=0.8→32
8429,6868,True,False,19,8.8,7.6,-1.200000000000001,A,0.5789473684210527,0.2683897683037602,0.31055760011729244,B,none,False,False,False,25,0.1,7,8,0.6,7,0,0,p=0.1→25; p=0.9→7,p=0.4→7; p=0.6→8
8437,6876,True,True,16,11.0,13.4,2.4000000000000004,B,0.7124999999999999,0.5936847375342771,0.11881526246572283,B,none,False,False,False,14,0.4,9,43,0.2,6,2,0,p=0.4→14; p=0.6→9,p=0.8→6; p=0.1→38; p=0.05→40; p=0.025→44; p=0.0125→52; p=0.00625→68; p=0.00625→100
8438,6877,True,False,16,-1.0,-0.1999999999999993,0.8000000000000007,B,0.5625000000000001,0.5809651563370543,0.018465156337054145,B,none,False,False,False,-1,1.0,-1,52,0.4,-35,1,0,p=1→-1; p=0→-1,p=0.6→-35; p=0.05→50.5; p=0.15→51.5; p=0.15→52.5; p=0.05→53.5
8440,6879,True,False,17,18.6,24.5,5.899999999999999,B,0.4588235294117647,0.5194090366764412,0.06058550726467654,A,none,True,False,False,68,0.05,16,25,0.95,15,3,0,p=0.05→68; p=0.95→16,p=0.05→15; p=0.475→29; p=0.2375→27; p=0.11875→23; p=0.059375→15; p=0.059375→-1
8453,6892,True,False,18,22.0,25.939999999999998,3.9399999999999977,B,0.8222222222222224,0.8052669835300676,0.01695523869215476,B,none,False,False,False,22,1.0,22,26,0.99,20,0,0,p=1→22; p=0→22,p=0.01→20; p=0.99→26
8468,6907,True,False,31,20.000000000000004,12.93,-7.070000000000004,A,0.5419354838709679,0.4382000920150167,0.10373539185595121,B,none,True,False,False,92,0.2,2,13,0.99,6,3,0,p=0.2→92; p=0.8→2,p=0.01→6; p=0.495→16; p=0.2475→14; p=0.12375→10; p=0.12375→2
8469,6908,True,False,16,3.999999999999999,2.5999999999999996,-1.3999999999999995,A,0.35000000000000003,0.3709405531304236,0.02094055313042359,A,none,False,False,False,16,0.6,-14,37,0.2,-6,0,0,p=0.6→16; p=0.4→-14,p=0.8→-6; p=0.2→37
8472,6911,True,False,16,29.0,20.8,-8.2,A,0.3375,0.38124238482554756,0.04374238482554754,A,none,False,False,False,29,1.0,29,82,0.1,14,1,0,p=1→29; p=0→29,p=0.9→14; p=0.00078125→78.5; p=0.00546875→79.5; p=0.0164063→80.5; p=0.0273438→81.5; p=0.0273438→82.5; p=0.0164063→83.5; p=0.00546875→84.5; p=0.00078125→85.5
8482,6921,True,False,16,20.12,18.200000000000003,-1.9199999999999982,A,0.3375,0.4571487565274042,0.1196487565274042,A,none,False,False,False,32,0.01,20,63,0.2,7,1,0,p=0.01→32; p=0.99→20,p=0.8→7; p=0.00625→60.5; p=0.03125→61.5; p=0.0625→62.5; p=0.0625→63.5; p=0.03125→64.5; p=0.00625→65.5
8486,6925,True,False,16,29.240000000000002,20.75,-8.490000000000002,A,0.2,0.1608812903494475,0.0391187096505525,A,none,False,False,False,53,0.01,29,26,0.25,19,0,1,p=0.01→53; p=0.99→29,p=0.75→19; p=0.25→26
8493,6932,True,False,18,8.0,1.5,-6.5,A,0.4,0.31303928589733426,0.08696071410266576,A,none,False,False,False,8,1.0,8,51,0.25,-15,0,0,p=1→8; p=0→8,p=0.75→-15; p=0.25→51
8508,6947,True,False,16,16.0,24.000000000000004,8.000000000000004,B,0.4,0.4796420919389547,0.07964209193895466,A,strong_ev_b_humans_favor_a,False,True,False,16,1.0,16,117,0.4,-38,3,0,p=1→16; p=0→16,p=0.6→-38; p=0.2→122; p=0.1→120; p=0.05→116; p=0.025→108; p=0.0125→92; p=0.0125→60
8511,6950,True,False,17,-5.0,-5.0,0.0,tie,0.25882352941176473,0.32584644279565156,0.06702291338388683,A,none,False,False,False,3,0.75,-29,-5,1.0,-5,1,0,p=0.75→3; p=0.25→-29,p=0.0078125→-8.5; p=0.0546875→-7.5; p=0.164062→-6.5; p=0.273438→-5.5; p=0.273438→-4.5; p=0.164062→-3.5; p=0.0546875→-2.5; p=0.0078125→-1.5
8536,6975,True,False,15,23.0,23.0,0.0,tie,0.5466666666666667,0.5714626009816182,0.024795934314951418,B,none,True,False,False,49,0.6,-16,23,1.0,23,0,0,p=0.6→49; p=0.4→-16,p=1→23
8547,6986,True,False,16,0.0,5.8,5.8,B,0.9625,0.9104991564895941,0.0520008435104059,B,none,False,False,False,0,1.0,0,85,0.01,5,2,0,p=1→0; p=0→0,p=0.99→5; p=0.005→84; p=0.005→86
8554,6993,True,True,16,30.0,26.400000000000002,-3.599999999999998,A,0.65,0.5027136151185043,0.1472863848814957,B,none,False,False,False,30,1.0,30,92,0.2,10,0,0,p=1→30; p=0→30,p=0.8→10; p=0.2→92
8564,7003,True,False,16,30.15,33.2,3.0500000000000043,B,0.725,0.7037151765025184,0.02128482349748162,B,none,False,False,False,33,0.95,-24,41,0.4,28,0,1,p=0.95→33; p=0.05→-24,p=0.6→28; p=0.4→41
8574,7013,True,True,18,12.25,12.4,0.15000000000000036,B,0.7111111111111111,0.5516517882888595,0.15945932282225161,B,none,False,False,False,85,0.25,-12,40,0.4,-6,0,0,p=0.25→85; p=0.75→-12,p=0.6→-6; p=0.4→40
8576,7015,True,False,16,-9.0,-6.800000000000001,2.1999999999999993,B,0.5875,0.6531427512024287,0.06564275120242868,B,none,False,False,False,-9,1.0,-9,70,0.2,-26,0,0,p=1→-9; p=0→-9,p=0.8→-26; p=0.2→70
8577,7016,True,False,15,-6.0,-11.1,-5.1,A,0.3066666666666667,0.48484779194740313,0.17818112528073643,A,none,False,False,False,-6,1.0,-6,33,0.1,-16,0,0,p=1→-6; p=0→-6,p=0.9→-16; p=0.1→33
8578,7017,True,True,17,22.0,17.9,-4.100000000000001,A,0.4941176470588236,0.5052651137717791,0.011147466712955467,A,none,True,False,False,85,0.5,-41,18,0.9,17,0,0,p=0.5→85; p=0.5→-41,p=0.1→17; p=0.9→18
8579,7018,True,True,16,3.0,5.0,2.0,B,0.4125,0.47159230161958837,0.059092301619588394,A,none,False,False,False,3,1.0,3,41,0.25,-7,0,0,p=1→3; p=0→3,p=0.75→-7; p=0.25→41
8584,7023,True,False,16,-1.0,-2.0,-1.0,A,0.5750000000000001,0.6297633620558272,0.0547633620558271,B,none,False,False,False,-1,1.0,-1,40,0.4,-30,0,0,p=1→-1; p=0→-1,p=0.6→-30; p=0.4→40
8586,7025,True,False,16,23.0,16.6,-6.399999999999999,A,0.0625,0.1576015049230878,0.0951015049230878,A,none,False,False,False,23,1.0,23,23,0.8,-9,0,0,p=1→23; p=0→23,p=0.2→-9; p=0.8→23
8587,7026,True,False,15,25.549999999999997,29.200000000000003,3.6500000000000057,B,0.68,0.6209130821453237,0.059086917854676346,B,none,False,False,False,27,0.95,-2,58,0.4,10,0,0,p=0.95→27; p=0.05→-2,p=0.6→10; p=0.4→58
8590,7029,True,False,17,29.0,26.400000000000002,-2.599999999999998,A,0.3647058823529412,0.35812872699045656,0.006577155362484655,A,none,False,False,False,29,1.0,29,32,0.8,4,0,0,p=1→29; p=0→29,p=0.2→4; p=0.8→32
8591,7030,True,False,19,-5.0,-11.000000000000002,-6.000000000000002,A,0.3578947368421053,0.369730116130344,0.01183537928823869,A,none,False,False,False,-5,1.0,-5,7,0.1,-13,0,0,p=1→-5; p=0→-5,p=0.9→-13; p=0.1→7
8598,7037,True,False,18,23.0,27.19,4.190000000000001,B,0.8888888888888888,0.8597584627846667,0.029130426104222118,B,none,False,False,False,23,1.0,23,46,0.01,27,0,0,p=1→23; p=0→23,p=0.99→27; p=0.01→46
8615,7054,True,False,17,-5.0,-7.5,-2.5,A,0.5647058823529412,0.5508638900833338,0.013841992269607362,B,none,False,False,False,-5,1.0,-5,18,0.25,-16,0,0,p=1→-5; p=0→-5,p=0.75→-16; p=0.25→18
8626,7065,True,False,16,16.1,17.77,1.6699999999999982,B,0.6,0.46081548726760097,0.139184512732399,B,none,False,False,False,89,0.1,8,18,0.99,-5,0,1,p=0.1→89; p=0.9→8,p=0.01→-5; p=0.99→18
8630,7069,True,False,17,-3.0,-6.0,-3.0,A,0.21176470588235294,0.2097103587220614,0.002054347160291542,A,none,False,False,False,-3,1.0,-3,-2,0.5,-10,1,0,p=1→-3; p=0→-3,p=0.5→-10; p=0.25→-2.5; p=0.25→-1.5
8632,7071,True,False,18,-1.0,2.8000000000000007,3.8000000000000007,B,0.7555555555555555,0.7081273862200712,0.04742816933548433,B,none,False,False,False,-1,1.0,-1,28,0.4,-14,1,0,p=1→-1; p=0→-1,p=0.6→-14; p=0.003125→24.5; p=0.021875→25.5; p=0.065625→26.5; p=0.109375→27.5; p=0.109375→28.5; p=0.065625→29.5; p=0.021875→30.5; p=0.003125→31.5
8644,7083,True,True,16,8.8,6.25,-2.5500000000000007,A,0.6749999999999999,0.6335806747208665,0.04141932527913339,B,none,False,False,False,13,0.4,6,87,0.05,2,1,0,p=0.4→13; p=0.6→6,p=0.95→2; p=0.000390625→83.5; p=0.00273438→84.5; p=0.00820313→85.5; p=0.0136719→86.5; p=0.0136719→87.5; p=0.00820313→88.5; p=0.00273438→89.5; p=0.000390625→90.5
8645,7084,True,True,16,22.0,15.399999999999999,-6.600000000000001,A,0.025,0.10818611976483304,0.08318611976483303,A,none,False,False,False,22,1.0,22,17,0.95,-15,0,0,p=1→22; p=0→22,p=0.05→-15; p=0.95→17
8646,7085,True,True,16,-8.9,-11.600000000000001,-2.700000000000001,A,0.55,0.6810534036816448,0.13105340368164475,B,none,False,False,False,-8,0.95,-26,118,0.1,-26,0,0,p=0.95→-8; p=0.05→-26,p=0.9→-26; p=0.1→118
8651,7090,True,False,16,-8.0,-3.91,4.09,B,0.3875000000000001,0.5528215320257887,0.16532153202578853,A,none,False,False,False,48,0.2,-22,5,0.01,-4,0,-1,p=0.2→48; p=0.8→-22,p=0.99→-4; p=0.01→5
8652,7091,True,False,16,27.0,22.8,-4.199999999999999,A,0.4125,0.37955663125476763,0.03294336874523235,A,none,False,False,False,27,1.0,27,45,0.4,8,0,0,p=1→27; p=0→27,p=0.6→8; p=0.4→45
8664,7103,True,True,17,19.35,21.1,1.75,B,0.7882352941176469,0.6955285517066503,0.09270674241099663,B,none,False,False,False,20,0.95,7,31,0.1,20,0,0,p=0.95→20; p=0.05→7,p=0.9→20; p=0.1→31
8666,7105,True,False,16,-9.0,-20.25,-11.25,A,0.6,0.5178939077381901,0.08210609226180987,B,strong_ev_a_humans_favor_b,False,False,False,-9,1.0,-9,45,0.25,-42,1,0,p=1→-9; p=0→-9,p=0.75→-42; p=0.0078125→42.5; p=0.0390625→43.5; p=0.078125→44.5; p=0.078125→45.5; p=0.0390625→46.5; p=0.0078125→47.5
8675,7114,True,False,16,26.400000000000002,32.2,5.800000000000001,B,0.7375,0.6959887681800342,0.041511231819965855,B,none,False,False,False,38,0.8,-20,46,0.4,23,3,0,p=0.8→38; p=0.2→-20,p=0.6→23; p=0.2→49; p=0.1→47; p=0.05→43; p=0.05→35
8677,7116,True,False,16,25.0,33.8,8.799999999999997,B,0.775,0.6211198152832361,0.1538801847167639,B,none,False,False,False,61,0.6,-29,43,0.8,-3,1,-1,p=0.6→61; p=0.4→-29,p=0.2→-3; p=0.4→42.5; p=0.4→43.5
8688,7127,True,False,16,1.0,2.5000000000000018,1.5000000000000018,B,0.4375,0.4510831165624067,0.013583116562406683,A,none,False,False,False,1,1.0,1,106,0.1,-9,0,0,p=1→1; p=0→1,p=0.9→-9; p=0.1→106
8690,7129,True,False,16,5.0,9.44,4.4399999999999995,B,0.6875,0.7247404165586571,0.03724041655865706,B,none,False,False,False,65,0.4,-35,53,0.01,9,0,0,p=0.4→65; p=0.6→-35,p=0.99→9; p=0.01→53
8696,7135,True,False,17,-1.0,-1.0,0.0,tie,0.4823529411764706,0.4220762053657446,0.06027673581072601,A,none,True,False,False,98,0.01,-2,-1,1.0,-1,0,0,p=0.01→98; p=0.99→-2,p=1→-1
8724,7163,True,False,17,-6.0,-16.4,-10.399999999999999,A,0.05882352941176471,0.1146312161934152,0.05580768678165048,A,none,False,False,False,-6,1.0,-6,-12,0.8,-34,1,0,p=1→-6; p=0→-6,p=0.2→-34; p=0.1→-13.5; p=0.3→-12.5; p=0.3→-11.5; p=0.1→-10.5
8739,7178,True,True,16,9.1,16.15,7.049999999999999,B,0.8625,0.8953210715887399,0.032821071588739814,B,none,False,False,False,10,0.95,-8,19,0.05,16,1,0,p=0.95→10; p=0.05→-8,p=0.95→16; p=0.025→18.5; p=0.025→19.5
8740,7179,True,False,16,13.0,15.600000000000001,2.6000000000000014,B,0.8875,0.8686777474013495,0.018822252598650446,B,none,False,False,False,13,1.0,13,18,0.4,14,1,0,p=1→13; p=0→13,p=0.6→14; p=0.0125→15.5; p=0.0625→16.5; p=0.125→17.5; p=0.125→18.5; p=0.0625→19.5; p=0.0125→20.5
8741,7180,True,False,17,27.000000000000004,27.6,0.5999999999999979,B,0.5882352941176471,0.4957013795602198,0.09253391455742727,B,none,False,False,False,48,0.4,13,110,0.2,7,1,0,p=0.4→48; p=0.6→13,p=0.8→7; p=0.00625→107.5; p=0.03125→108.5; p=0.0625→109.5; p=0.0625→110.5; p=0.03125→111.5; p=0.00625→112.5
8743,7182,True,True,18,23.0,23.4,0.3999999999999986,B,0.8555555555555556,0.7985109532319551,0.057044602323600535,B,none,False,False,False,23,1.0,23,31,0.05,23,0,0,p=1→23; p=0→23,p=0.95→23; p=0.05→31
8750,7189,True,True,33,-1.0,-4.800000000000001,-3.8000000000000007,A,0.5393939393939395,0.377753410376733,0.16164052901720655,B,none,True,False,False,38,0.25,-14,4,0.2,-7,0,0,p=0.25→38; p=0.75→-14,p=0.8→-7; p=0.2→4
8754,7193,True,False,17,14.0,9.5,-4.5,A,0.411764705882353,0.33468580859138614,0.07707889729096684,A,none,False,False,False,14,1.0,14,41,0.5,-22,0,0,p=1→14; p=0→14,p=0.5→-22; p=0.5→41
8758,7197,True,False,17,0.6000000000000014,-2.5,-3.1000000000000014,A,0.4705882352941176,0.41540236180162216,0.05518587349249543,A,none,True,False,False,8,0.8,-29,26,0.5,-31,0,0,p=0.8→8; p=0.2→-29,p=0.5→-31; p=0.5→26
8762,7201,True,False,16,19.0,13.4,-5.6,A,0.15000000000000002,0.13461867933299854,0.015381320667001486,A,none,False,False,False,19,1.0,19,19,0.6,5,0,0,p=1→19; p=0→19,p=0.4→5; p=0.6→19
8770,7209,True,False,16,21.0,23.6,2.6000000000000014,B,0.9125,0.8100163549062064,0.1024836450937936,B,none,False,False,False,21,1.0,21,24,0.6,23,3,0,p=1→21; p=0→21,p=0.4→23; p=0.3→25; p=0.3→23
8774,7213,True,True,15,19.0,24.000000000000004,5.0000000000000036,B,0.56,0.5537192474933511,0.006280752506648946,B,none,False,False,False,19,1.0,19,112,0.2,2,3,0,p=1→19; p=0→19,p=0.8→2; p=0.1→113; p=0.1→111
8792,7231,True,False,16,26.0,38.2,12.200000000000003,B,0.9375,0.8364666782298249,0.1010333217701751,B,none,False,False,False,26,1.0,26,49,0.4,31,2,0,p=1→26; p=0→26,p=0.6→31; p=0.2→47; p=0.1→49; p=0.1→53
8793,7232,True,False,15,30.0,43.6,13.600000000000001,B,0.3733333333333333,0.39149537602747503,0.018162042694141733,A,strong_ev_b_humans_favor_a,False,True,False,57,0.1,27,62,0.8,-30,0,0,p=0.1→57; p=0.9→27,p=0.2→-30; p=0.8→62
8802,7241,True,False,17,29.150000000000002,24.95,-4.200000000000003,A,0.12941176470588234,0.1847210412778332,0.055309276571950866,A,none,False,False,False,30,0.95,13,27,0.95,-14,0,0,p=0.95→30; p=0.05→13,p=0.05→-14; p=0.95→27
8806,7245,True,False,18,-7.0,-6.600000000000001,0.3999999999999986,B,0.5333333333333334,0.48388910976930677,0.04944422356402667,B,none,True,False,False,5,0.6,-25,79,0.2,-28,0,0,p=0.6→5; p=0.4→-25,p=0.8→-28; p=0.2→79
8826,7265,True,False,16,15.0,14.059999999999999,-0.9400000000000013,A,0.6749999999999999,0.570784020208815,0.10421597979118491,B,none,False,False,False,16,0.95,-4,20,0.01,14,0,0,p=0.95→16; p=0.05→-4,p=0.99→14; p=0.01→20
8827,7266,True,False,16,27.0,19.5,-7.5,A,0.16250000000000006,0.23540990630558054,0.07290990630558047,A,none,False,False,False,27,1.0,27,26,0.75,0,1,0,p=1→27; p=0→27,p=0.25→0; p=0.0234375→23.5; p=0.117188→24.5; p=0.234375→25.5; p=0.234375→26.5; p=0.117188→27.5; p=0.0234375→28.5
8831,7270,True,False,17,0.0,9.200000000000003,9.200000000000003,B,0.6823529411764708,0.5556821796415015,0.12667076153496937,B,none,False,False,False,0,1.0,0,53,0.4,-20,0,0,p=1→0; p=0→0,p=0.6→-20; p=0.4→53
8839,7278,True,False,16,27.1,24.000000000000004,-3.099999999999998,A,0.3125,0.3743181964673803,0.06181819646738029,A,none,False,False,False,30,0.9,1,38,0.8,-32,0,0,p=0.9→30; p=0.1→1,p=0.2→-32; p=0.8→38
8844,7283,True,False,16,6.0,0.7000000000000002,-5.3,A,0.25,0.31722279079556903,0.06722279079556903,A,none,False,False,False,6,1.0,6,79,0.1,-8,1,0,p=1→6; p=0→6,p=0.9→-8; p=0.05→78.5; p=0.05→79.5
8847,7286,True,False,16,13.0,12.0,-1.0,A,0.375,0.38869456490454624,0.013694564904546236,A,none,False,False,False,13,1.0,13,22,0.6,-3,0,0,p=1→13; p=0→13,p=0.4→-3; p=0.6→22
8855,7294,True,False,15,-10.0,-7.000000000000002,2.9999999999999982,B,0.6133333333333333,0.6423248275371115,0.028991494203778223,B,none,False,False,False,11,0.25,-17,19,0.6,-46,0,0,p=0.25→11; p=0.75→-17,p=0.4→-46; p=0.6→19
8862,7301,True,False,16,-6.3,-3.4499999999999993,2.8500000000000005,B,0.7625,0.702691983023807,0.05980801697619298,B,none,False,False,False,26,0.05,-8,64,0.05,-7,0,0,p=0.05→26; p=0.95→-8,p=0.95→-7; p=0.05→64
8863,7302,True,False,18,-7.0,-5.199999999999999,1.8000000000000007,B,0.8111111111111111,0.6901897194102318,0.12092139170087934,B,none,False,False,False,-7,1.0,-7,-2,0.9,-34,3,0,p=1→-7; p=0→-7,p=0.1→-34; p=0.45→1; p=0.225→-1; p=0.1125→-5; p=0.1125→-13
8871,7310,True,False,17,27.0,24.8,-2.1999999999999993,A,0.3882352941176471,0.38124962044134036,0.006985673676306758,A,none,False,False,False,27,1.0,27,30,0.8,4,0,0,p=1→27; p=0→27,p=0.2→4; p=0.8→30
8874,7313,True,False,17,20.900000000000002,21.0,0.09999999999999787,B,0.4470588235294118,0.5090218473813892,0.06196302385197744,A,none,False,False,False,38,0.1,19,21,1.0,21,0,0,p=0.1→38; p=0.9→19,p=1→21
8875,7314,True,False,16,-9.0,-12.400000000000002,-3.400000000000002,A,0.475,0.5678036093010925,0.09280360930109255,A,none,True,False,False,-9,1.0,-9,6,0.2,-17,1,0,p=1→-9; p=0→-9,p=0.8→-17; p=0.025→4.5; p=0.075→5.5; p=0.075→6.5; p=0.025→7.5
8902,7341,True,True,16,22.0,26.099999999999998,4.099999999999998,B,0.3875,0.665073845839987,0.27757384583998695,A,none,False,False,False,22,1.0,22,28,0.9,9,0,0,p=1→22; p=0→22,p=0.1→9; p=0.9→28
8904,7343,True,False,17,15.0,20.51,5.510000000000002,B,0.9176470588235294,0.8476646012068172,0.06998245761671218,B,none,False,False,False,15,1.0,15,71,0.01,20,2,0,p=1→15; p=0→15,p=0.99→20; p=0.005→65; p=0.0025→67; p=0.00125→71; p=0.000625→79; p=0.0003125→95; p=0.00015625→127; p=0.00015625→191
8909,7348,True,False,16,5.7,6.0,0.2999999999999998,B,0.5249999999999999,0.51838107934289,0.006618920657109895,B,none,True,False,False,19,0.05,5,6,1.0,6,0,0,p=0.05→19; p=0.95→5,p=1→6
8916,7355,True,False,15,24.0,21.6,-2.3999999999999986,A,0.3066666666666667,0.39753897260251025,0.09087230593584356,A,none,False,False,False,24,1.0,24,36,0.1,20,0,0,p=1→24; p=0→24,p=0.9→20; p=0.1→36
8917,7356,True,False,17,28.999999999999996,30.509999999999998,1.5100000000000016,B,0.6588235294117647,0.6552489567670534,0.0035745726447112824,B,none,False,False,False,53,0.6,-7,81,0.01,30,0,0,p=0.6→53; p=0.4→-7,p=0.99→30; p=0.01→81
8918,7357,True,False,16,10.0,11.49,1.4900000000000002,B,0.8999999999999999,0.8077331179983404,0.09226688200165956,B,none,False,False,False,10,1.0,10,60,0.01,11,0,0,p=1→10; p=0→10,p=0.99→11; p=0.01→60
8919,7358,True,False,16,6.0,10.6,4.6,B,0.9125,0.8794201878440225,0.03307981215597744,B,none,False,False,False,6,1.0,6,22,0.05,10,0,0,p=1→6; p=0→6,p=0.95→10; p=0.05→22
8921,7360,True,False,15,-5.0,3.8000000000000025,8.800000000000002,B,0.7333333333333333,0.8003817998011621,0.0670484664678288,B,none,False,False,False,-5,1.0,-5,12,0.8,-29,0,0,p=1→-5; p=0→-5,p=0.2→-29; p=0.8→12
8927,7366,True,False,15,-3.2,-0.39999999999999947,2.8000000000000007,B,0.6933333333333334,0.8350305208091968,0.14169718747586346,B,none,False,False,False,-3,0.95,-7,8,0.4,-6,0,-1,p=0.95→-3; p=0.05→-7,p=0.6→-6; p=0.4→8
8930,7369,True,True,16,26.89,26.0,-0.8900000000000006,A,0.525,0.4747570204484278,0.0502429795515722,B,none,True,False,False,27,0.99,16,50,0.4,10,0,0,p=0.99→27; p=0.01→16,p=0.6→10; p=0.4→50
8931,7370,True,False,19,13.0,18.4,5.399999999999999,B,0.5894736842105264,0.6517056618392537,0.06223197762872734,B,none,False,False,False,13,1.0,13,26,0.6,7,0,0,p=1→13; p=0→13,p=0.4→7; p=0.6→26
8941,7380,True,True,20,23.0,27.0,4.0,B,0.6599999999999999,0.5701273326324651,0.08987266736753485,B,none,False,False,False,23,1.0,23,99,0.2,9,2,0,p=1→23; p=0→23,p=0.8→9; p=0.1→96; p=0.05→98; p=0.025→102; p=0.025→110
8945,7384,True,False,15,9.0,15.93,6.93,B,0.7333333333333332,0.7507451641657065,0.0174118308323733,B,none,False,False,False,19,0.5,-1,16,0.99,9,1,0,p=0.5→19; p=0.5→-1,p=0.01→9; p=0.495→15.5; p=0.495→16.5
8947,7386,True,False,15,9.0,13.299999999999999,4.299999999999999,B,0.6533333333333332,0.5949959622119402,0.058337371121393033,B,none,False,False,False,43,0.5,-25,15,0.95,-19,0,0,p=0.5→43; p=0.5→-25,p=0.05→-19; p=0.95→15
8959,7398,True,False,16,28.800000000000004,29.0,0.19999999999999574,B,0.7250000000000001,0.6005701597577464,0.12442984024225368,B,none,False,False,False,93,0.4,-14,29,1.0,29,0,0,p=0.4→93; p=0.6→-14,p=1→29
8965,7404,True,False,16,-5.0,1.95,6.95,B,0.8624999999999999,0.8900814172636597,0.027581417263659813,B,none,False,False,False,-3,0.5,-7,20,0.05,1,0,1,p=0.5→-3; p=0.5→-7,p=0.95→1; p=0.05→20
8973,7412,True,False,15,18.25,21.3,3.0500000000000007,B,0.72,0.7781544357865988,0.058154435786598846,B,none,False,False,False,19,0.25,18,51,0.1,18,1,0,p=0.25→19; p=0.75→18,p=0.9→18; p=0.003125→48.5; p=0.015625→49.5; p=0.03125→50.5; p=0.03125→51.5; p=0.015625→52.5; p=0.003125→53.5
8975,7414,True,False,17,14.0,15.600000000000001,1.6000000000000014,B,0.3058823529411765,0.4278305730379,0.12194822009672351,A,none,False,False,False,14,1.0,14,106,0.2,-7,0,0,p=1→14; p=0→14,p=0.8→-7; p=0.2→106
8977,7416,True,False,16,23.2,25.0,1.8000000000000007,B,0.4125,0.6767904131396749,0.26429041313967494,A,none,False,False,False,70,0.4,-8,46,0.25,18,2,0,p=0.4→70; p=0.6→-8,p=0.75→18; p=0.125→43; p=0.0625→45; p=0.03125→49; p=0.03125→57
8985,7424,True,False,18,29.000000000000004,23.0,-6.0000000000000036,A,0.4777777777777778,0.5372661615189277,0.0594883837411499,A,none,True,False,False,92,0.4,-13,41,0.5,5,0,0,p=0.4→92; p=0.6→-13,p=0.5→5; p=0.5→41
8987,7426,True,False,16,20.0,14.5,-5.5,A,0.3750000000000001,0.2928601332695524,0.08213986673044771,A,none,False,False,False,20,1.0,20,22,0.75,-8,0,0,p=1→20; p=0→20,p=0.25→-8; p=0.75→22
8988,7427,True,True,16,7.0,9.38,2.380000000000001,B,0.7625,0.7384655948786656,0.024034405121334368,B,none,False,False,False,22,0.25,2,47,0.01,9,0,0,p=0.25→22; p=0.75→2,p=0.99→9; p=0.01→47
8993,7432,True,True,16,12.719999999999999,12.25,-0.46999999999999886,A,0.375,0.3601280691767361,0.01487193082326388,A,none,False,False,False,84,0.01,12,64,0.25,-5,0,0,p=0.01→84; p=0.99→12,p=0.75→-5; p=0.25→64
8995,7434,True,False,17,5.0,3.25,-1.75,A,0.4823529411764706,0.5231097421004669,0.040756800923996306,A,none,True,False,False,5,1.0,5,46,0.05,1,2,0,p=1→5; p=0→5,p=0.95→1; p=0.025→41; p=0.0125→43; p=0.00625→47; p=0.003125→55; p=0.0015625→71; p=0.0015625→103
8996,7435,True,False,17,5.949999999999999,14.800000000000002,8.850000000000003,B,0.4705882352941176,0.3873850289406331,0.0832032063534845,A,none,True,False,False,43,0.05,4,58,0.4,-14,0,0,p=0.05→43; p=0.95→4,p=0.6→-14; p=0.4→58
8999,7438,True,False,18,11.0,6.0,-5.0,A,0.4888888888888889,0.46143400645405364,0.027454882434835237,A,none,True,False,False,11,1.0,11,38,0.6,-42,2,0,p=1→11; p=0→11,p=0.4→-42; p=0.3→34; p=0.15→36; p=0.075→40; p=0.0375→48; p=0.0375→64
9002,7441,True,False,17,1.0,4.5,3.5,B,0.7294117647058824,0.6983060112618857,0.031105753443996687,B,none,False,False,False,1,1.0,1,8,0.75,-6,0,0,p=1→1; p=0→1,p=0.25→-6; p=0.75→8
9004,7443,True,False,17,19.75,26.69,6.940000000000001,B,0.6470588235294118,0.6525525227139611,0.005493699184549339,B,none,False,False,False,20,0.75,19,27,0.99,-4,2,0,p=0.75→20; p=0.25→19,p=0.01→-4; p=0.495→24; p=0.2475→26; p=0.12375→30; p=0.12375→38
9006,7445,True,False,17,1.2000000000000028,6.1,4.899999999999997,B,0.5882352941176471,0.5897000371232363,0.0014647430055891864,B,none,False,False,False,51,0.4,-32,70,0.1,-1,1,0,p=0.4→51; p=0.6→-32,p=0.9→-1; p=0.003125→67.5; p=0.015625→68.5; p=0.03125→69.5; p=0.03125→70.5; p=0.015625→71.5; p=0.003125→72.5
9008,7447,True,True,17,9.0,18.38,9.379999999999999,B,0.9294117647058824,0.8828014985813537,0.046610266124528676,B,none,False,False,False,9,1.0,9,56,0.01,18,0,0,p=1→9; p=0→9,p=0.99→18; p=0.01→56
9009,7448,True,False,17,6.0,8.41,2.41,B,0.9176470588235291,0.8769349102730023,0.04071214855052685,B,none,False,False,False,6,1.0,6,49,0.01,8,2,0,p=1→6; p=0→6,p=0.99→8; p=0.005→43; p=0.0025→45; p=0.00125→49; p=0.000625→57; p=0.0003125→73; p=0.00015625→105; p=0.00015625→169
9011,7450,True,True,16,18.0,7.5,-10.5,A,0.5750000000000001,0.4833588387285982,0.09164116127140187,B,none,False,False,False,18,1.0,18,32,0.5,-17,1,0,p=1→18; p=0→18,p=0.5→-17; p=0.00390625→28.5; p=0.0273438→29.5; p=0.0820312→30.5; p=0.136719→31.5; p=0.136719→32.5; p=0.0820312→33.5; p=0.0273438→34.5; p=0.00390625→35.5
9016,7455,True,False,15,16.0,11.400000000000002,-4.599999999999998,A,0.2533333333333333,0.29802155071813147,0.04468821738479817,A,none,False,False,False,16,1.0,16,18,0.8,-15,0,0,p=1→16; p=0→16,p=0.2→-15; p=0.8→18
9029,7468,True,False,17,-8.0,-9.849999999999998,-1.8499999999999979,A,0.5176470588235295,0.5325643742616719,0.014917315438142453,B,none,True,False,False,-8,1.0,-8,31,0.05,-12,1,0,p=1→-8; p=0→-8,p=0.95→-12; p=0.00625→29.5; p=0.01875→30.5; p=0.01875→31.5; p=0.00625→32.5
9035,7474,True,False,16,15.0,12.099999999999998,-2.900000000000002,A,0.28750000000000003,0.33969795088605287,0.052197950886052835,A,none,False,False,False,15,1.0,15,14,0.95,-24,3,0,p=1→15; p=0→15,p=0.05→-24; p=0.475→18; p=0.2375→16; p=0.11875→12; p=0.059375→4; p=0.059375→-12
9045,7484,True,False,16,-5.0,-1.0,4.0,B,0.8250000000000001,0.7670398902931914,0.05796010970680865,B,none,False,False,False,-5,1.0,-5,5,0.5,-7,0,0,p=1→-5; p=0→-5,p=0.5→-7; p=0.5→5
9065,7504,True,True,17,-9.0,-10.399999999999999,-1.3999999999999986,A,0.25882352941176473,0.20147515735063318,0.05734837206113155,A,none,False,False,False,-9,1.0,-9,-10,0.8,-12,1,0,p=1→-9; p=0→-9,p=0.2→-12; p=0.1→-11.5; p=0.3→-10.5; p=0.3→-9.5; p=0.1→-8.5
9072,7511,True,False,17,17.0,16.97,-0.030000000000001137,A,0.2705882352941177,0.28985097347124616,0.01926273817712848,A,none,False,False,False,17,1.0,17,17,0.99,14,0,0,p=1→17; p=0→17,p=0.01→14; p=0.99→17
9078,7517,True,False,15,-9.000000000000002,-5.6,3.400000000000002,B,0.5466666666666666,0.5980517817581474,0.051385115091480804,B,none,True,False,False,81,0.1,-19,72,0.2,-25,0,1,p=0.1→81; p=0.9→-19,p=0.8→-25; p=0.2→72
9081,7520,True,False,19,18.3,18.0,-0.3000000000000007,A,0.5157894736842106,0.5354077126375183,0.01961823895330772,B,none,True,False,False,66,0.1,13,18,1.0,18,1,0,p=0.1→66; p=0.9→13,p=0.5→17.5; p=0.5→18.5
9085,7524,True,False,17,8.0,1.7999999999999998,-6.2,A,0.2,0.23329660774677574,0.03329660774677573,A,none,False,False,False,8,1.0,8,15,0.4,-7,0,0,p=1→8; p=0→8,p=0.6→-7; p=0.4→15
9087,7526,True,True,17,-5.6,1.5,7.1,B,0.8705882352941176,0.8993913204510694,0.028803085156951846,B,none,False,False,False,-5,0.9,-11,6,0.25,0,0,0,p=0.9→-5; p=0.1→-11,p=0.75→0; p=0.25→6
9099,7538,True,True,19,-9.0,-3.8000000000000016,5.199999999999998,B,0.5947368421052632,0.608949045098977,0.01421220299371373,B,none,False,False,False,45,0.25,-27,13,0.6,-29,0,0,p=0.25→45; p=0.75→-27,p=0.4→-29; p=0.6→13
9109,7548,True,False,20,11.0,7.75,-3.25,A,0.26,0.28919876590065813,0.02919876590065812,A,none,False,False,False,11,1.0,11,13,0.75,-8,0,0,p=1→11; p=0→11,p=0.25→-8; p=0.75→13
9113,7552,True,False,18,26.2,30.6,4.400000000000002,B,0.5777777777777777,0.5568504649463971,0.020927312831380607,B,none,False,False,False,29,0.6,22,31,0.99,-9,1,-1,p=0.6→29; p=0.4→22,p=0.01→-9; p=0.495→30.5; p=0.495→31.5
9115,7554,True,False,17,1.0,17.0,16.0,B,0.8470588235294118,0.8850575976809419,0.03799877415153019,B,none,False,False,False,1,1.0,1,21,0.75,5,3,0,p=1→1; p=0→1,p=0.25→5; p=0.375→22; p=0.375→20
9121,7560,True,False,18,14.0,14.2,0.1999999999999993,B,0.6333333333333333,0.5843498963239145,0.04898343700941876,B,none,False,False,False,14,1.0,14,19,0.4,11,2,0,p=1→14; p=0→14,p=0.6→11; p=0.2→17; p=0.1→19; p=0.1→23
9124,7563,True,False,20,11.6,5.600000000000001,-5.999999999999998,A,0.36000000000000004,0.24433075206839733,0.11566924793160271,A,none,False,False,False,26,0.1,10,11,0.8,-16,1,0,p=0.1→26; p=0.9→10,p=0.2→-16; p=0.1→9.5; p=0.3→10.5; p=0.3→11.5; p=0.1→12.5
9131,7570,True,False,18,25.0,22.0,-3.0,A,0.5222222222222223,0.40043737244218364,0.12178484978003862,B,none,True,False,False,25,1.0,25,28,0.25,20,1,0,p=1→25; p=0→25,p=0.75→20; p=0.0078125→25.5; p=0.0390625→26.5; p=0.078125→27.5; p=0.078125→28.5; p=0.0390625→29.5; p=0.0078125→30.5
9133,7572,True,True,19,-5.0,0.5,5.5,B,0.8210526315789474,0.789322331421231,0.031730300157716385,B,none,False,False,False,-5,1.0,-5,4,0.75,-10,3,0,p=1→-5; p=0→-5,p=0.25→-10; p=0.375→7; p=0.1875→5; p=0.09375→1; p=0.09375→-7
9146,7585,True,False,16,15.0,21.0,6.0,B,0.5875,0.517087134670258,0.070412865329742,B,none,False,False,False,15,1.0,15,75,0.25,3,0,0,p=1→15; p=0→15,p=0.75→3; p=0.25→75
9148,7587,True,False,15,8.75,13.309999999999999,4.559999999999999,B,0.8800000000000002,0.8044284490750683,0.07557155092493195,B,none,False,False,False,11,0.75,2,44,0.01,13,3,0,p=0.75→11; p=0.25→2,p=0.99→13; p=0.005→45; p=0.005→43
9166,7605,True,True,18,24.1,21.75,-2.3500000000000014,A,0.4555555555555556,0.5699428156516736,0.11438726009611799,A,none,True,False,False,27,0.9,-2,99,0.25,-4,3,1,p=0.9→27; p=0.1→-2,p=0.75→-4; p=0.125→102; p=0.0625→100; p=0.03125→96; p=0.03125→88
9171,7610,True,False,16,18.2,13.600000000000001,-4.599999999999998,A,0.55,0.3391506712562277,0.21084932874377232,B,none,False,False,False,21,0.6,14,94,0.4,-40,3,0,p=0.6→21; p=0.4→14,p=0.6→-40; p=0.2→97; p=0.1→95; p=0.05→91; p=0.05→83
9177,7616,True,False,15,16.0,20.5,4.5,B,0.4133333333333333,0.4196621363532587,0.006328803019925444,A,none,False,False,False,16,1.0,16,81,0.5,-40,0,0,p=1→16; p=0→16,p=0.5→-40; p=0.5→81
9211,7650,True,False,17,18.0,21.5,3.5,B,0.6588235294117646,0.549217497999247,0.10960603141251757,B,none,False,False,False,18,1.0,18,29,0.75,-1,0,0,p=1→18; p=0→18,p=0.25→-1; p=0.75→29
9214,7653,True,False,20,-7.97,2.1999999999999993,10.169999999999998,B,0.4700000000000001,0.5983059488984942,0.12830594889849412,A,none,True,False,False,94,0.01,-9,99,0.2,-22,1,-1,p=0.01→94; p=0.99→-9,p=0.8→-22; p=0.0015625→95.5; p=0.0109375→96.5; p=0.0328125→97.5; p=0.0546875→98.5; p=0.0546875→99.5; p=0.0328125→100.5; p=0.0109375→101.5; p=0.0015625→102.5
9215,7654,True,False,17,29.0,25.799999999999997,-3.200000000000003,A,0.42352941176470577,0.48775347327364654,0.06422406150894078,A,none,False,False,False,29,1.0,29,57,0.6,-21,1,0,p=1→29; p=0→29,p=0.4→-21; p=0.0046875→53.5; p=0.0328125→54.5; p=0.0984375→55.5; p=0.164062→56.5; p=0.164062→57.5; p=0.0984375→58.5; p=0.0328125→59.5; p=0.0046875→60.5
9217,7656,True,False,17,29.16,26.5,-2.66,A,0.2352941176470588,0.21017942873045317,0.02511468891660562,A,none,False,False,False,45,0.01,29,30,0.9,-5,0,0,p=0.01→45; p=0.99→29,p=0.1→-5; p=0.9→30
9224,7663,True,False,17,-6.9999999999999964,-12.600000000000001,-5.600000000000005,A,0.25882352941176473,0.30802287803432116,0.04919934862255643,A,none,False,False,False,41,0.4,-39,-3,0.4,-19,0,0,p=0.4→41; p=0.6→-39,p=0.6→-19; p=0.4→-3
9226,7665,True,False,17,30.0,33.400000000000006,3.4000000000000057,B,0.5764705882352942,0.6771030499776551,0.10063246174236096,B,none,False,False,False,30,1.0,30,55,0.2,28,0,0,p=1→30; p=0→30,p=0.8→28; p=0.2→55
9232,7671,True,False,17,22.0,18.0,-4.0,A,0.22352941176470587,0.12334230898423346,0.10018710278047241,A,none,False,False,False,22,1.0,22,21,0.4,16,1,0,p=1→22; p=0→22,p=0.6→16; p=0.2→20.5; p=0.2→21.5
9234,7673,True,True,16,12.000000000000004,18.0,5.9999999999999964,B,0.4625000000000001,0.5830691931675478,0.12056919316754772,A,none,True,False,False,96,0.2,-9,62,0.5,-26,1,0,p=0.2→96; p=0.8→-9,p=0.5→-26; p=0.0625→60.5; p=0.1875→61.5; p=0.1875→62.5; p=0.0625→63.5
9236,7675,True,False,17,5.28,2.8000000000000003,-2.48,A,0.15294117647058825,0.28364512875524944,0.1307039522846612,A,none,False,False,False,33,0.01,5,28,0.1,0,0,0,p=0.01→33; p=0.99→5,p=0.9→0; p=0.1→28
9238,7677,True,True,16,-3.0,-0.9500000000000008,2.049999999999999,B,0.7375,0.7287884976346527,0.008711502365347346,B,none,False,False,False,-3,1.0,-3,0,0.95,-19,2,0,p=1→-3; p=0→-3,p=0.05→-19; p=0.475→-4; p=0.2375→-2; p=0.11875→2; p=0.059375→10; p=0.059375→26
9253,7692,True,True,17,0.0,-3.5999999999999996,-3.5999999999999996,A,0.611764705882353,0.43554684715470715,0.17621785872764584,B,none,False,False,False,0,1.0,0,30,0.4,-26,0,0,p=1→0; p=0→0,p=0.6→-26; p=0.4→30
9268,7707,True,False,16,-6.0,-11.0,-5.0,A,0.4875,0.48763525121317736,0.00013525121317736755,A,none,True,False,False,-6,1.0,-6,-10,0.8,-15,2,0,p=1→-6; p=0→-6,p=0.2→-15; p=0.4→-15; p=0.2→-13; p=0.1→-9; p=0.05→-1; p=0.025→15; p=0.025→47
9285,7724,True,False,16,17.0,22.000000000000004,5.0000000000000036,B,0.35000000000000003,0.3903234505996827,0.040323450599682675,A,strong_ev_b_humans_favor_a,False,True,False,41,0.25,9,73,0.4,-12,0,-1,p=0.25→41; p=0.75→9,p=0.6→-12; p=0.4→73
9293,7732,True,False,17,19.0,13.75,-5.25,A,0.5529411764705882,0.43592583210204244,0.11701534436854572,B,none,False,False,False,73,0.25,1,28,0.25,9,2,0,p=0.25→73; p=0.75→1,p=0.75→9; p=0.125→24; p=0.0625→26; p=0.03125→30; p=0.015625→38; p=0.015625→54
9297,7736,True,True,15,-6.799999999999999,2.52,9.319999999999999,B,1.0,0.8878069136006692,0.11219308639933079,B,none,False,False,False,-3,0.8,-22,54,0.01,2,0,-1,p=0.8→-3; p=0.2→-22,p=0.99→2; p=0.01→54
9299,7738,True,False,17,27.0,28.8,1.8000000000000007,B,0.4235294117647059,0.5360776633030381,0.1125482515383322,A,none,False,False,False,27,1.0,27,84,0.2,15,0,0,p=1→27; p=0→27,p=0.8→15; p=0.2→84
9307,7746,True,False,16,10.2,10.0,-0.1999999999999993,A,0.4625,0.42478615019169913,0.03771384980830089,A,none,True,False,False,12,0.4,9,10,1.0,10,1,0,p=0.4→12; p=0.6→9,p=0.0078125→6.5; p=0.0546875→7.5; p=0.164062→8.5; p=0.273438→9.5; p=0.273438→10.5; p=0.164062→11.5; p=0.0546875→12.5; p=0.0078125→13.5
9312,7751,True,False,15,11.0,15.75,4.75,B,0.7866666666666667,0.7334250987416767,0.05324156792499002,B,none,False,False,False,11,1.0,11,19,0.75,6,0,0,p=1→11; p=0→11,p=0.25→6; p=0.75→19
9313,7752,True,False,19,12.0,13.0,1.0,B,0.2947368421052632,0.4475836022546883,0.1528467601494251,A,none,False,False,False,12,1.0,12,46,0.5,-20,0,0,p=1→12; p=0→12,p=0.5→-20; p=0.5→46
9314,7753,True,False,16,27.0,25.75,-1.25,A,0.6,0.520041790855992,0.07995820914400797,B,none,False,False,False,27,1.0,27,46,0.25,19,1,0,p=1→27; p=0→27,p=0.75→19; p=0.00195312→42.5; p=0.0136719→43.5; p=0.0410156→44.5; p=0.0683594→45.5; p=0.0683594→46.5; p=0.0410156→47.5; p=0.0136719→48.5; p=0.00195312→49.5
9338,7777,True,False,17,22.6,21.5,-1.1000000000000014,A,0.35294117647058826,0.3022741851991564,0.05066699127143187,A,none,False,False,False,29,0.2,21,22,0.5,21,1,0,p=0.2→29; p=0.8→21,p=0.5→21; p=0.25→21.5; p=0.25→22.5
9339,7778,True,True,18,9.0,10.8,1.8000000000000007,B,0.4777777777777778,0.5762955275279427,0.09851774975016486,A,none,True,False,False,9,1.0,9,13,0.8,2,0,0,p=1→9; p=0→9,p=0.2→2; p=0.8→13
9342,7781,True,False,17,-9.100000000000001,-11.800000000000002,-2.700000000000001,A,0.5058823529411764,0.5021806440366157,0.0037017089045607854,B,none,True,False,False,17,0.1,-12,57,0.2,-29,3,0,p=0.1→17; p=0.9→-12,p=0.8→-29; p=0.1→61; p=0.05→59; p=0.025→55; p=0.0125→47; p=0.0125→31
9343,7782,True,True,19,25.0,23.5,-1.5,A,0.6105263157894737,0.6216666708632568,0.011140355073783081,B,none,False,False,False,25,1.0,25,31,0.5,16,1,0,p=1→25; p=0→25,p=0.5→16; p=0.015625→28.5; p=0.078125→29.5; p=0.15625→30.5; p=0.15625→31.5; p=0.078125→32.5; p=0.015625→33.5
9351,7790,True,False,17,12.0,17.6,5.600000000000001,B,0.2941176470588236,0.41436688555751316,0.12024923849868957,A,strong_ev_b_humans_favor_a,False,False,False,12,1.0,12,100,0.2,-3,1,0,p=1→12; p=0→12,p=0.8→-3; p=0.00625→97.5; p=0.03125→98.5; p=0.0625→99.5; p=0.0625→100.5; p=0.03125→101.5; p=0.00625→102.5
9352,7791,True,False,16,1.0,7.600000000000001,6.600000000000001,B,0.7124999999999999,0.7426222979523642,0.03012229795236432,B,none,False,False,False,1,1.0,1,15,0.8,-22,1,0,p=1→1; p=0→1,p=0.2→-22; p=0.00625→11.5; p=0.04375→12.5; p=0.13125→13.5; p=0.21875→14.5; p=0.21875→15.5; p=0.13125→16.5; p=0.04375→17.5; p=0.00625→18.5
9361,7800,True,False,16,1.0,-3.9899999999999998,-4.99,A,0.037500000000000006,0.06937540997919264,0.03187540997919264,A,none,False,False,False,1,1.0,1,-3,0.01,-4,0,0,p=1→1; p=0→1,p=0.99→-4; p=0.01→-3
9366,7805,True,True,17,-8.0,-9.3,-1.3000000000000007,A,0.6705882352941177,0.6886313838819657,0.018043148587847946,B,none,False,False,False,-8,1.0,-8,24,0.1,-13,0,0,p=1→-8; p=0→-8,p=0.9→-13; p=0.1→24
9375,7814,True,False,16,1.0,-1.75,-2.75,A,0.3875,0.36281946664549297,0.02468053335450704,A,none,False,False,False,1,1.0,1,26,0.25,-11,1,0,p=1→1; p=0→1,p=0.75→-11; p=0.03125→24.5; p=0.09375→25.5; p=0.09375→26.5; p=0.03125→27.5
9387,7826,True,False,15,22.0,20.400000000000002,-1.5999999999999979,A,0.3466666666666667,0.32029337958250326,0.02637328708416342,A,none,False,False,False,22,1.0,22,23,0.8,10,0,0,p=1→22; p=0→22,p=0.2→10; p=0.8→23
9395,7834,True,False,16,24.0,28.0,4.0,B,0.6125,0.6742136597866577,0.06171365978665766,B,none,False,False,False,24,1.0,24,39,0.5,17,0,0,p=1→24; p=0→24,p=0.5→17; p=0.5→39
9418,7857,True,False,15,-7.200000000000001,-9.0,-1.799999999999999,A,0.3333333333333333,0.3453252416057747,0.011991908272441398,A,none,False,False,False,14,0.6,-39,-9,0.75,-9,0,0,p=0.6→14; p=0.4→-39,p=0.25→-9; p=0.75→-9
9433,7872,True,False,15,8.0,7.0,-1.0,A,0.3066666666666667,0.4008485712462699,0.09418190457960318,A,none,False,False,False,8,1.0,8,19,0.6,-11,0,0,p=1→8; p=0→8,p=0.4→-11; p=0.6→19
9441,7880,True,False,18,22.0,18.04,-3.960000000000001,A,0.04444444444444445,0.12196493584214034,0.07752049139769589,A,none,False,False,False,22,1.0,22,22,0.01,18,0,0,p=1→22; p=0→22,p=0.99→18; p=0.01→22
9450,7889,True,False,17,15.8,17.4,1.5999999999999979,B,0.4941176470588236,0.48369196155390726,0.010425685504916349,A,none,True,False,False,31,0.05,15,33,0.6,-6,1,0,p=0.05→31; p=0.95→15,p=0.4→-6; p=0.01875→30.5; p=0.09375→31.5; p=0.1875→32.5; p=0.1875→33.5; p=0.09375→34.5; p=0.01875→35.5
9454,7893,True,False,15,17.0,11.600000000000001,-5.399999999999999,A,0.26666666666666666,0.24404863297489704,0.022618033691769623,A,none,False,False,False,17,1.0,17,18,0.8,-14,0,0,p=1→17; p=0→17,p=0.2→-14; p=0.8→18
9455,7894,True,True,15,18.0,16.25,-1.75,A,0.7066666666666668,0.6283140574953091,0.07835260917135767,B,none,False,False,False,39,0.5,-3,59,0.25,2,0,0,p=0.5→39; p=0.5→-3,p=0.75→2; p=0.25→59
9456,7895,True,False,18,6.0,6.000000000000002,1.7763568394002505e-15,B,0.6555555555555554,0.5052711119094881,0.1502844436460673,B,none,False,False,False,6,1.0,6,16,0.8,-34,2,0,p=1→6; p=0→6,p=0.2→-34; p=0.4→14; p=0.2→16; p=0.2→20
9458,7897,True,False,15,9.0,5.02,-3.9800000000000004,A,0.4,0.3535795000481547,0.04642049995184533,A,none,False,False,False,9,1.0,9,106,0.01,4,0,0,p=1→9; p=0→9,p=0.99→4; p=0.01→106
9466,7905,True,False,16,-8.0,-13.0,-5.0,A,0.2125,0.21319723445974012,0.0006972344597401259,A,none,False,False,False,-8,1.0,-8,-7,0.6,-22,0,0,p=1→-8; p=0→-8,p=0.4→-22; p=0.6→-7
9469,7908,True,False,15,25.0,31.200000000000003,6.200000000000003,B,0.7066666666666667,0.5556845399181651,0.15098212674850153,B,none,False,False,False,25,1.0,25,44,0.8,-20,1,0,p=1→25; p=0→25,p=0.2→-20; p=0.4→43.5; p=0.4→44.5
9481,7920,True,False,16,7.0,3.4000000000000004,-3.5999999999999996,A,0.05,0.13017480689396388,0.08017480689396388,A,none,False,False,False,7,1.0,7,7,0.1,3,0,0,p=1→7; p=0→7,p=0.9→3; p=0.1→7
9490,7929,True,False,16,24.75,21.25,-3.5,A,0.15,0.23842881158555024,0.08842881158555024,A,none,False,False,False,26,0.75,21,22,0.75,19,1,0,p=0.75→26; p=0.25→21,p=0.25→19; p=0.09375→20.5; p=0.28125→21.5; p=0.28125→22.5; p=0.09375→23.5
9492,7931,True,False,16,-4.0,-4.4,-0.40000000000000036,A,0.5125,0.5446207341649365,0.03212073416493655,B,none,True,False,False,-4,1.0,-4,55,0.1,-11,0,0,p=1→-4; p=0→-4,p=0.9→-11; p=0.1→55
9524,7963,True,False,15,8.0,12.5,4.5,B,0.8266666666666667,0.859413766394388,0.032747099727721385,B,none,False,False,False,8,1.0,8,14,0.5,11,1,0,p=1→8; p=0→8,p=0.5→11; p=0.00390625→10.5; p=0.0273438→11.5; p=0.0820312→12.5; p=0.136719→13.5; p=0.136719→14.5; p=0.0820312→15.5; p=0.0273438→16.5; p=0.00390625→17.5
9526,7965,True,False,18,26.749999999999996,27.200000000000003,0.4500000000000064,B,0.6555555555555554,0.5591082452556917,0.09644731029986375,B,none,False,False,False,79,0.05,24,28,0.2,27,1,-1,p=0.05→79; p=0.95→24,p=0.8→27; p=0.0015625→24.5; p=0.0109375→25.5; p=0.0328125→26.5; p=0.0546875→27.5; p=0.0546875→28.5; p=0.0328125→29.5; p=0.0109375→30.5; p=0.0015625→31.5
9531,7970,True,False,16,30.0,27.8,-2.1999999999999993,A,0.3,0.3509922550828843,0.0509922550828843,A,none,False,False,False,56,0.5,4,80,0.4,-7,0,-1,p=0.5→56; p=0.5→4,p=0.6→-7; p=0.4→80
9541,7980,True,False,18,21.300000000000004,22.0,0.6999999999999957,B,0.5666666666666667,0.5985354873968222,0.03186882073015551,B,none,False,False,False,26,0.9,-21,22,0.2,22,3,0,p=0.9→26; p=0.1→-21,p=0.8→22; p=0.1→25; p=0.05→23; p=0.025→19; p=0.025→11
9557,7996,True,False,15,20.8,13.249999999999998,-7.5500000000000025,A,0.06666666666666668,0.11595625047254755,0.049289583805880874,A,none,False,False,False,100,0.01,20,14,0.95,-1,0,0,p=0.01→100; p=0.99→20,p=0.05→-1; p=0.95→14
9559,7998,True,False,15,22.75,17.0,-5.75,A,0.04,0.17142058755080739,0.13142058755080738,A,none,False,False,False,28,0.25,21,17,0.25,17,1,0,p=0.25→28; p=0.75→21,p=0.75→17; p=0.03125→15.5; p=0.09375→16.5; p=0.09375→17.5; p=0.03125→18.5
9565,8004,True,False,17,18.200000000000003,22.599999999999998,4.399999999999995,B,0.5411764705882353,0.671090635892228,0.1299141653039927,B,none,True,False,False,23,0.8,-1,23,0.99,-17,2,0,p=0.8→23; p=0.2→-1,p=0.01→-17; p=0.495→20; p=0.2475→22; p=0.12375→26; p=0.12375→34
9568,8007,True,False,17,8.0,0.66,-7.34,A,0.2941176470588236,0.33271805854614667,0.03860041148732307,A,none,False,False,False,8,1.0,8,66,0.01,0,1,0,p=1→8; p=0→8,p=0.99→0; p=0.0003125→63.5; p=0.0015625→64.5; p=0.003125→65.5; p=0.003125→66.5; p=0.0015625→67.5; p=0.0003125→68.5
9575,8014,True,False,17,29.0,18.0,-11.0,A,0.09411764705882353,0.10020641717225315,0.00608877011342962,A,none,False,False,False,29,1.0,29,24,0.4,14,1,0,p=1→29; p=0→29,p=0.6→14; p=0.2→23.5; p=0.2→24.5
9581,8020,True,False,18,9.0,12.5,3.5,B,0.6666666666666665,0.6088729149933678,0.0577937516732987,B,none,False,False,False,9,1.0,9,25,0.5,0,0,0,p=1→9; p=0→9,p=0.5→0; p=0.5→25
9584,8023,True,True,16,27.949999999999996,33.230000000000004,5.280000000000008,B,0.8,0.7557899342232584,0.04421006577674169,B,none,False,False,False,29,0.95,8,56,0.01,33,1,0,p=0.95→29; p=0.05→8,p=0.99→33; p=0.00125→54.5; p=0.00375→55.5; p=0.00375→56.5; p=0.00125→57.5
9585,8024,True,False,17,0.0,-8.25,-8.25,A,0.4588235294117647,0.2817669238663996,0.17705660554536506,A,none,True,False,False,0,1.0,0,6,0.25,-13,1,0,p=1→0; p=0→0,p=0.75→-13; p=0.125→5.5; p=0.125→6.5
9598,8037,True,False,18,5.200000000000001,4.200000000000001,-1.0,A,0.41111111111111104,0.4315278033219046,0.020416692210793563,A,none,False,False,False,34,0.4,-14,42,0.4,-21,0,0,p=0.4→34; p=0.6→-14,p=0.6→-21; p=0.4→42
9603,8042,True,True,16,19.2,21.0,1.8000000000000007,B,0.675,0.6681390951071114,0.006860904892888597,B,none,False,False,False,24,0.6,12,39,0.1,19,3,0,p=0.6→24; p=0.4→12,p=0.9→19; p=0.05→42; p=0.025→40; p=0.0125→36; p=0.0125→28
9607,8046,True,True,16,-10.0,-9.4,0.5999999999999996,B,0.75,0.7191373945862476,0.03086260541375241,B,none,False,False,False,-10,1.0,-10,9,0.2,-14,1,0,p=1→-10; p=0→-10,p=0.8→-14; p=0.025→7.5; p=0.075→8.5; p=0.075→9.5; p=0.025→10.5
9614,8053,True,False,16,19.0,11.200000000000001,-7.799999999999999,A,0.17500000000000002,0.11952607413944871,0.055473925860551304,A,none,False,False,False,19,1.0,19,13,0.1,11,0,0,p=1→19; p=0→19,p=0.9→11; p=0.1→13
9631,8070,True,False,15,24.0,31.099999999999998,7.099999999999998,B,0.9466666666666668,0.862224035839169,0.08444263082749781,B,none,False,False,False,24,1.0,24,71,0.05,29,2,0,p=1→24; p=0→24,p=0.95→29; p=0.025→70; p=0.025→72
9643,8082,True,False,17,0.0,-3.1500000000000012,-3.1500000000000012,A,0.34117647058823536,0.25392835499846245,0.08724811558977291,A,none,False,False,False,28,0.2,-7,-2,0.95,-25,0,0,p=0.2→28; p=0.8→-7,p=0.05→-25; p=0.95→-2
9654,8093,True,False,15,8.0,20.4,12.399999999999999,B,0.4266666666666668,0.4445471187653191,0.0178804520986523,A,none,False,False,False,8,1.0,8,64,0.6,-45,0,0,p=1→8; p=0→8,p=0.4→-45; p=0.6→64
9656,8095,True,False,15,9.0,15.600000000000001,6.600000000000001,B,0.8933333333333333,0.8596686349488526,0.03366469838448072,B,none,False,False,False,9,1.0,9,26,0.2,13,0,0,p=1→9; p=0→9,p=0.8→13; p=0.2→26
9658,8097,True,False,15,8.999999999999998,9.0,1.7763568394002505e-15,B,0.4533333333333333,0.5519559330723631,0.09862259973902981,A,none,True,False,False,23,0.6,-12,9,1.0,9,0,0,p=0.6→23; p=0.4→-12,p=1→9
9670,8109,True,False,16,7.13,14.8,7.670000000000001,B,0.4125,0.38413974673595375,0.02836025326404623,A,none,False,False,False,20,0.01,7,38,0.6,-20,0,-1,p=0.01→20; p=0.99→7,p=0.4→-20; p=0.6→38
9677,8116,True,False,16,4.440892098500626e-16,-6.2,-6.200000000000001,A,0.1125,0.20698593271325488,0.09448593271325488,A,none,False,False,False,9,0.4,-6,-6,0.8,-7,1,-1,p=0.4→9; p=0.6→-6,p=0.2→-7; p=0.1→-7.5; p=0.3→-6.5; p=0.3→-5.5; p=0.1→-4.5
9690,8129,True,False,16,4.14,10.600000000000001,6.460000000000002,B,0.525,0.553902819023279,0.02890281902327896,B,none,True,False,False,18,0.01,4,19,0.8,-23,1,-1,p=0.01→18; p=0.99→4,p=0.2→-23; p=0.4→18.5; p=0.4→19.5
9698,8137,True,False,15,12.0,8.25,-3.75,A,0.16000000000000006,0.15091834749311048,0.009081652506889581,A,none,False,False,False,12,1.0,12,9,0.75,6,2,0,p=1→12; p=0→12,p=0.25→6; p=0.375→8; p=0.375→10
9701,8140,True,False,15,16.75,21.31,4.559999999999999,B,0.6666666666666666,0.742565643820189,0.07589897715352234,B,none,False,False,False,25,0.25,14,52,0.01,21,0,1,p=0.25→25; p=0.75→14,p=0.99→21; p=0.01→52
9702,8141,True,False,15,-8.0,-6.75,1.25,B,0.5333333333333333,0.4813590840825979,0.051974249250735405,B,none,True,False,False,55,0.1,-15,12,0.25,-13,0,0,p=0.1→55; p=0.9→-15,p=0.75→-13; p=0.25→12
9717,8156,True,True,16,15.0,17.75,2.75,B,0.8,0.6937094752175965,0.10629052478240353,B,none,False,False,False,39,0.5,-9,41,0.25,10,0,1,p=0.5→39; p=0.5→-9,p=0.75→10; p=0.25→41
9721,8160,True,False,16,4.0,4.400000000000002,0.40000000000000213,B,0.5375,0.424838062768511,0.11266193723148898,B,none,True,False,False,16,0.4,-4,65,0.4,-36,0,-1,p=0.4→16; p=0.6→-4,p=0.6→-36; p=0.4→65
9724,8163,True,False,16,29.0,29.0,0.0,tie,0.35625,0.49971596727772616,0.14346596727772615,A,none,False,False,False,29,1.0,29,32,0.9,2,0,0,p=1→29; p=0→29,p=0.1→2; p=0.9→32
9746,8185,True,False,15,-3.4,-2.12,1.2799999999999998,B,0.4666666666666667,0.5471522235654184,0.0804855568987517,A,none,True,False,False,8,0.05,-4,-2,0.99,-14,2,1,p=0.05→8; p=0.95→-4,p=0.01→-14; p=0.495→-4; p=0.2475→-2; p=0.2475→2
9750,8189,True,False,15,-1.75,0.75,2.5,B,0.5733333333333331,0.5804705354198803,0.007137202086547112,B,none,False,False,False,8,0.25,-5,7,0.75,-18,0,0,p=0.25→8; p=0.75→-5,p=0.25→-18; p=0.75→7
9752,8191,True,False,15,10.0,1.7999999999999998,-8.2,A,0.2533333333333333,0.18194464807630242,0.07138868525703088,A,none,False,False,False,10,1.0,10,21,0.2,-3,0,0,p=1→10; p=0→10,p=0.8→-3; p=0.2→21
9753,8192,True,False,15,-1.04,-2.6500000000000004,-1.6100000000000003,A,0.7999999999999999,0.5361573684837098,0.26384263151629017,B,none,False,False,False,-1,0.99,-5,-2,0.95,-15,2,0,p=0.99→-1; p=0.01→-5,p=0.05→-15; p=0.475→-6; p=0.2375→-4; p=0.11875→0; p=0.059375→8; p=0.059375→24
9757,8196,True,False,15,27.0,27.6,0.6000000000000014,B,0.4266666666666665,0.48853740543534124,0.061870738768674716,A,none,False,False,False,51,0.25,19,34,0.8,2,0,0,p=0.25→51; p=0.75→19,p=0.2→2; p=0.8→34
9764,8203,True,False,16,16.0,17.5,1.5,B,0.5375,0.42463141247111325,0.11286858752888673,B,none,True,False,False,16,1.0,16,79,0.25,-3,0,0,p=1→16; p=0→16,p=0.75→-3; p=0.25→79
9766,8205,True,False,18,13.0,12.45,-0.5500000000000007,A,0.15555555555555556,0.23055883974534747,0.07500328418979191,A,none,False,False,False,13,1.0,13,13,0.95,2,0,0,p=1→13; p=0→13,p=0.05→2; p=0.95→13
9773,8212,True,False,16,8.0,18.55,10.55,B,0.9375,0.8632836998092621,0.07421630019073788,B,none,False,False,False,8,1.0,8,19,0.95,10,1,0,p=1→8; p=0→8,p=0.05→10; p=0.00742187→15.5; p=0.0519531→16.5; p=0.155859→17.5; p=0.259766→18.5; p=0.259766→19.5; p=0.155859→20.5; p=0.0519531→21.5; p=0.00742187→22.5
9784,8223,True,False,19,11.55,7.5,-4.050000000000001,A,0.31578947368421045,0.22959172447703716,0.0861977492071733,A,none,False,False,False,79,0.05,8,57,0.25,-9,0,0,p=0.05→79; p=0.95→8,p=0.75→-9; p=0.25→57
9787,8226,True,False,18,5.25,14.200000000000001,8.950000000000001,B,0.6444444444444445,0.7248256943152834,0.08038124987083894,B,none,False,False,False,102,0.25,-27,19,0.6,7,0,0,p=0.25→102; p=0.75→-27,p=0.4→7; p=0.6→19
9789,8228,True,False,16,10.25,8.600000000000001,-1.6499999999999986,A,0.2125,0.33611121539681726,0.12361121539681727,A,none,False,False,False,72,0.05,7,59,0.1,3,0,-1,p=0.05→72; p=0.95→7,p=0.9→3; p=0.1→59
9791,8230,True,False,17,25.0,25.0,0.0,tie,0.2823529411764706,0.5579280362376511,0.2755750950611805,A,none,False,False,False,52,0.4,7,25,1.0,25,0,0,p=0.4→52; p=0.6→7,p=1→25
9801,8240,True,False,15,28.0,18.5,-9.5,A,0.20000000000000004,0.26518819832503693,0.06518819832503689,A,none,False,False,False,28,1.0,28,31,0.5,6,0,0,p=1→28; p=0→28,p=0.5→6; p=0.5→31
9817,8256,True,False,32,25.0,24.5,-0.5,A,0.50625,0.4271888113657342,0.07906118863426576,B,none,True,False,False,25,1.0,25,65,0.25,11,0,0,p=1→25; p=0→25,p=0.75→11; p=0.25→65
9818,8257,True,True,16,28.0,26.2,-1.8000000000000007,A,0.4625,0.5423886160889374,0.07988861608893738,A,none,True,False,False,28,1.0,28,31,0.6,19,3,0,p=1→28; p=0→28,p=0.4→19; p=0.3→34; p=0.15→32; p=0.075→28; p=0.075→20
9819,8258,True,True,16,2.0,0.39,-1.6099999999999999,A,0.6375,0.6529555350171171,0.015455535017117161,B,none,False,False,False,2,1.0,2,39,0.01,0,0,0,p=1→2; p=0→2,p=0.99→0; p=0.01→39
9826,8265,True,False,15,22.0,10.25,-11.75,A,0.24000000000000005,0.1646921877487239,0.07530781225127614,A,none,False,False,False,22,1.0,22,21,0.75,-22,1,0,p=1→22; p=0→22,p=0.25→-22; p=0.09375→19.5; p=0.28125→20.5; p=0.28125→21.5; p=0.09375→22.5
9836,8275,True,False,17,-4.0,-3.1999999999999997,0.8000000000000003,B,0.6588235294117647,0.569535018998462,0.08928851041330266,B,none,False,False,False,-2,0.5,-6,-2,0.9,-14,1,0,p=0.5→-2; p=0.5→-6,p=0.1→-14; p=0.1125→-3.5; p=0.3375→-2.5; p=0.3375→-1.5; p=0.1125→-0.5
9837,8276,True,False,17,-0.9999999999999991,6.0,6.999999999999999,B,0.7411764705882353,0.7693318255278234,0.028155354939588095,B,none,False,False,False,11,0.4,-9,8,0.75,0,1,0,p=0.4→11; p=0.6→-9,p=0.25→0; p=0.09375→6.5; p=0.28125→7.5; p=0.28125→8.5; p=0.09375→9.5
9847,8286,True,False,17,6.0,4.200000000000001,-1.799999999999999,A,0.4470588235294118,0.3654350054964224,0.0816238180329894,A,none,False,False,False,6,1.0,6,29,0.2,-2,1,0,p=1→6; p=0→6,p=0.8→-2; p=0.0015625→25.5; p=0.0109375→26.5; p=0.0328125→27.5; p=0.0546875→28.5; p=0.0546875→29.5; p=0.0328125→30.5; p=0.0109375→31.5; p=0.0015625→32.5
9855,8294,True,False,17,30.0,22.75,-7.25,A,0.4235294117647059,0.3492670923599988,0.07426231940470707,A,none,False,False,False,30,1.0,30,115,0.25,-8,0,0,p=1→30; p=0→30,p=0.75→-8; p=0.25→115
9856,8295,True,False,15,5.0,8.0,3.0,B,0.72,0.6909527248539387,0.029047275146061313,B,none,False,False,False,5,1.0,5,20,0.25,4,0,0,p=1→5; p=0→5,p=0.75→4; p=0.25→20
9862,8301,True,False,17,4.1000000000000005,-2.8,-6.9,A,0.21176470588235294,0.1748998580972315,0.036864847785121446,A,none,False,False,False,82,0.05,0,26,0.2,-10,0,0,p=0.05→82; p=0.95→0,p=0.8→-10; p=0.2→26
9874,8313,True,False,17,7.0,19.299999999999997,12.299999999999997,B,0.8470588235294118,0.7858765326494531,0.061182290879958634,B,none,False,False,False,67,0.25,-13,63,0.05,17,2,0,p=0.25→67; p=0.75→-13,p=0.95→17; p=0.025→58; p=0.0125→60; p=0.00625→64; p=0.003125→72; p=0.0015625→88; p=0.0015625→120
9889,8328,True,False,17,12.000000000000004,4.58,-7.4200000000000035,A,0.6352941176470589,0.5476145878620684,0.0876795297849905,B,strong_ev_a_humans_favor_b,False,False,False,63,0.4,-22,5,0.99,-37,2,0,p=0.4→63; p=0.6→-22,p=0.01→-37; p=0.495→2; p=0.2475→4; p=0.12375→8; p=0.12375→16
9893,8332,True,False,17,-3.0,7.3999999999999995,10.399999999999999,B,1.0,0.9306284913555192,0.06937150864448083,B,none,False,False,False,-3,1.0,-3,15,0.05,7,0,0,p=1→-3; p=0→-3,p=0.95→7; p=0.05→15
9902,8341,True,False,15,11.0,2.200000000000003,-8.799999999999997,A,0.5066666666666667,0.4203592290637757,0.086307437602891,B,none,True,False,False,11,1.0,11,15,0.8,-49,1,0,p=1→11; p=0→11,p=0.2→-49; p=0.025→12.5; p=0.125→13.5; p=0.25→14.5; p=0.25→15.5; p=0.125→16.5; p=0.025→17.5
9920,8359,True,True,16,12.0,9.800000000000004,-2.1999999999999957,A,0.45,0.37225361254055206,0.07774638745944795,A,none,True,False,False,12,1.0,12,83,0.4,-39,0,0,p=1→12; p=0→12,p=0.6→-39; p=0.4→83
9921,8360,True,True,17,-2.9000000000000004,0.5,3.4000000000000004,B,0.5529411764705883,0.6329010269354076,0.07995985046481935,B,none,False,False,False,43,0.1,-8,30,0.5,-29,0,0,p=0.1→43; p=0.9→-8,p=0.5→-29; p=0.5→30
9926,8365,True,True,16,18.0,19.800000000000004,1.8000000000000043,B,0.4125,0.5426755547408696,0.13017555474086961,A,none,False,False,False,18,1.0,18,48,0.4,1,0,0,p=1→18; p=0→18,p=0.6→1; p=0.4→48
9943,8382,True,True,16,-0.75,-3.5999999999999996,-2.8499999999999996,A,0.7625,0.7042822144083465,0.05821778559165347,B,none,False,False,False,36,0.25,-13,63,0.1,-11,0,0,p=0.25→36; p=0.75→-13,p=0.9→-11; p=0.1→63
9945,8384,True,False,20,12.0,12.86,0.8599999999999994,B,0.5,0.5506496056950481,0.05064960569504806,tie,none,True,False,False,12,1.0,12,13,0.99,-1,1,0,p=1→12; p=0→12,p=0.01→-1; p=0.495→12.5; p=0.495→13.5
9949,8388,True,True,15,-6.0,3.0799999999999996,9.08,B,0.9333333333333332,0.9235213046236385,0.009812028709694776,B,none,False,False,False,-6,1.0,-6,11,0.01,3,0,0,p=1→-6; p=0→-6,p=0.99→3; p=0.01→11
9972,8411,True,True,16,2.0,4.66,2.66,B,0.65,0.7041718242308526,0.05417182423085254,B,none,False,False,False,2,1.0,2,5,0.99,-29,1,0,p=1→2; p=0→2,p=0.01→-29; p=0.0309375→2.5; p=0.154688→3.5; p=0.309375→4.5; p=0.309375→5.5; p=0.154688→6.5; p=0.0309375→7.5
9977,8416,True,False,20,-1.0,-5.0,-4.0,A,0.09,0.21489338808315384,0.12489338808315384,A,none,False,False,False,8,0.4,-7,-4,0.9,-14,0,0,p=0.4→8; p=0.6→-7,p=0.1→-14; p=0.9→-4
9995,8434,True,False,31,13.2,19.6,6.400000000000002,B,0.46451612903225803,0.39601925173222713,0.0684968773000309,A,none,True,False,False,60,0.1,8,52,0.4,-2,0,0,p=0.1→60; p=0.9→8,p=0.6→-2; p=0.4→52
9998,8437,True,False,16,21.0,23.3,2.3000000000000007,B,0.575,0.5957165830226931,0.02071658302269319,B,none,False,False,False,21,1.0,21,25,0.9,8,0,0,p=1→21; p=0→21,p=0.1→8; p=0.9→25
10004,8443,True,False,17,-10.0,-19.6,-9.600000000000001,A,0.07058823529411766,0.17188244790147664,0.10129421260735898,A,none,False,False,False,26,0.1,-14,-16,0.1,-20,0,0,p=0.1→26; p=0.9→-14,p=0.9→-20; p=0.1→-16
10013,8452,True,True,17,6.0,4.84,-1.1600000000000001,A,0.10588235294117647,0.16816890243561894,0.06228654949444247,A,none,False,False,False,6,1.0,6,5,0.99,-11,1,0,p=1→6; p=0→6,p=0.01→-11; p=0.495→4.5; p=0.495→5.5
10015,8454,True,False,16,-2.0999999999999996,-2.0,0.09999999999999964,B,0.7000000000000001,0.5091639074269176,0.19083609257308243,B,none,False,False,False,60,0.1,-9,7,0.5,-11,3,1,p=0.1→60; p=0.9→-9,p=0.5→-11; p=0.25→9; p=0.125→7; p=0.125→3
10029,8468,True,False,18,14.0,21.200000000000003,7.200000000000003,B,0.4888888888888888,0.4961678079030588,0.007278919014169993,A,none,True,False,False,14,1.0,14,71,0.4,-12,1,0,p=1→14; p=0→14,p=0.6→-12; p=0.2→70.5; p=0.2→71.5
10035,8474,True,False,17,11.000000000000002,21.200000000000003,10.200000000000001,B,0.5058823529411766,0.7310945298544115,0.22521217691323492,B,none,True,False,False,62,0.4,-23,83,0.4,-20,0,0,p=0.4→62; p=0.6→-23,p=0.6→-20; p=0.4→83
10036,8475,True,False,18,18.0,18.200000000000003,0.20000000000000284,B,0.4777777777777778,0.4323268579442859,0.04545091983349192,A,none,True,False,False,18,1.0,18,22,0.9,-16,0,0,p=1→18; p=0→18,p=0.1→-16; p=0.9→22
10042,8481,True,False,18,-2.0,-2.25,-0.25,A,0.4888888888888888,0.4486350385116418,0.04025385037724699,A,none,True,False,False,9,0.5,-13,31,0.05,-4,0,0,p=0.5→9; p=0.5→-13,p=0.95→-4; p=0.05→31
10043,8482,True,False,16,25.0,22.25,-2.75,A,0.375,0.4225301300260431,0.047530130026043116,A,none,False,False,False,25,1.0,25,77,0.25,4,1,0,p=1→25; p=0→25,p=0.75→4; p=0.0078125→74.5; p=0.0390625→75.5; p=0.078125→76.5; p=0.078125→77.5; p=0.0390625→78.5; p=0.0078125→79.5
10052,8491,True,False,17,18.0,4.0,-14.0,A,0.08235294117647059,0.08943767869574522,0.007084737519274631,A,none,False,False,False,18,1.0,18,6,0.5,2,1,0,p=1→18; p=0→18,p=0.5→2; p=0.015625→3.5; p=0.078125→4.5; p=0.15625→5.5; p=0.15625→6.5; p=0.078125→7.5; p=0.015625→8.5
10061,8500,True,False,19,17.0,27.400000000000002,10.400000000000002,B,0.5157894736842107,0.4543492301039301,0.06144024358028061,B,none,True,False,False,34,0.5,0,76,0.4,-5,0,0,p=0.5→34; p=0.5→0,p=0.6→-5; p=0.4→76
10088,8527,True,False,15,20.0,22.5,2.5,B,0.4666666666666668,0.6443217517789124,0.1776550851122456,A,none,True,False,False,20,1.0,20,35,0.5,10,1,0,p=1→20; p=0→20,p=0.5→10; p=0.0625→33.5; p=0.1875→34.5; p=0.1875→35.5; p=0.0625→36.5
10090,8529,True,True,15,7.0,10.4,3.4000000000000004,B,0.6666666666666666,0.7352712794882089,0.06860461282154229,B,none,False,False,False,7,1.0,7,17,0.4,6,0,0,p=1→7; p=0→7,p=0.6→6; p=0.4→17
10093,8532,True,True,17,13.0,12.4,-0.5999999999999996,A,0.5647058823529412,0.3904748040351081,0.17423107831783308,B,none,False,False,False,13,1.0,13,16,0.9,-20,3,0,p=1→13; p=0→13,p=0.1→-20; p=0.45→18; p=0.225→16; p=0.225→12
10094,8533,True,True,15,21.0,28.65,7.649999999999999,B,0.7466666666666667,0.876173260549849,0.1295065938831823,B,none,False,False,False,21,1.0,21,79,0.05,26,0,0,p=1→21; p=0→21,p=0.95→26; p=0.05→79
10099,8538,True,False,15,-4.0,-3.0000000000000018,0.9999999999999982,B,0.5466666666666667,0.665696231912182,0.11902956524551522,B,none,True,False,False,-4,1.0,-4,21,0.6,-39,0,0,p=1→-4; p=0→-4,p=0.4→-39; p=0.6→21
10106,8545,True,False,17,15.97,16.25,0.27999999999999936,B,0.7294117647058824,0.604498522327902,0.1249132423779804,B,none,False,False,False,16,0.99,13,18,0.75,11,2,0,p=0.99→16; p=0.01→13,p=0.25→11; p=0.375→13; p=0.1875→15; p=0.09375→19; p=0.046875→27; p=0.0234375→43; p=0.0234375→75
10107,8546,True,False,15,-6.6,-6.0,0.5999999999999996,B,0.52,0.5514588840389902,0.03145888403899022,B,none,True,False,False,3,0.2,-9,9,0.4,-16,0,0,p=0.2→3; p=0.8→-9,p=0.6→-16; p=0.4→9
10113,8552,True,False,20,-7.399999999999999,-13.07,-5.670000000000002,A,0.43,0.3257297778680849,0.10427022213191511,A,none,False,False,False,63,0.2,-25,-13,0.99,-20,0,0,p=0.2→63; p=0.8→-25,p=0.01→-20; p=0.99→-13
10129,8568,True,False,19,20.0,25.1,5.100000000000001,B,0.7578947368421053,0.8274749591324106,0.06958022229030536,B,none,False,False,False,20,1.0,20,53,0.1,22,1,0,p=1→20; p=0→20,p=0.9→22; p=0.05→52.5; p=0.05→53.5
10134,8573,True,True,17,13.53,4.5,-9.03,A,0.3058823529411765,0.260469737563554,0.04541261537762248,A,none,False,False,False,66,0.01,13,12,0.5,-3,2,0,p=0.01→66; p=0.99→13,p=0.5→-3; p=0.25→9; p=0.125→11; p=0.0625→15; p=0.0625→23
10139,8578,True,False,15,21.0,17.75,-3.25,A,0.3866666666666667,0.35683894441150477,0.029827722255161948,A,none,False,False,False,26,0.8,1,40,0.75,-49,0,0,p=0.8→26; p=0.2→1,p=0.25→-49; p=0.75→40
10142,8581,True,False,17,4.86,0.5,-4.36,A,0.18823529411764706,0.20587631782456572,0.017641023706918668,A,none,False,False,False,5,0.99,-9,6,0.5,-5,0,0,p=0.99→5; p=0.01→-9,p=0.5→-5; p=0.5→6
10143,8582,True,False,20,13.0,7.5,-5.5,A,0.15,0.10258697929214139,0.047413020707858605,A,none,False,False,False,13,1.0,13,8,0.95,-2,2,0,p=1→13; p=0→13,p=0.05→-2; p=0.475→6; p=0.2375→8; p=0.2375→12
10153,8592,True,True,19,-5.0,0.0,5.0,B,0.9052631578947372,0.7818570358514724,0.12340612204326484,B,none,False,False,False,-5,1.0,-5,20,0.5,-20,2,0,p=1→-5; p=0→-5,p=0.5→-20; p=0.25→14; p=0.125→16; p=0.0625→20; p=0.03125→28; p=0.015625→44; p=0.0078125→76; p=0.0078125→140
10163,8602,True,False,16,-2.100000000000001,-3.8999999999999995,-1.7999999999999985,A,0.3625,0.5105798349004055,0.1480798349004055,A,none,False,False,False,-1,0.95,-23,24,0.1,-7,1,0,p=0.95→-1; p=0.05→-23,p=0.9→-7; p=0.003125→21.5; p=0.015625→22.5; p=0.03125→23.5; p=0.03125→24.5; p=0.015625→25.5; p=0.003125→26.5
10170,8609,True,False,17,30.0,36.599999999999994,6.599999999999994,B,0.7529411764705882,0.8656066171593578,0.1126654406887696,B,none,False,False,False,30,1.0,30,48,0.05,36,3,0,p=1→30; p=0→30,p=0.95→36; p=0.025→51; p=0.0125→49; p=0.00625→45; p=0.00625→37
10184,8623,True,False,15,5.0,11.599999999999998,6.599999999999998,B,0.9466666666666668,0.8279212307199977,0.11874543594666909,B,none,False,False,False,5,1.0,5,12,0.95,4,0,0,p=1→5; p=0→5,p=0.05→4; p=0.95→12
10185,8624,True,False,16,0.0,-2.5,-2.5,A,0.5999999999999999,0.5000636982745675,0.09993630172543233,B,none,False,False,False,0,1.0,0,12,0.5,-17,2,0,p=1→0; p=0→0,p=0.5→-17; p=0.25→6; p=0.125→8; p=0.0625→12; p=0.03125→20; p=0.015625→36; p=0.0078125→68; p=0.0078125→132
10189,8628,True,False,17,21.0,20.150000000000002,-0.8499999999999979,A,0.6823529411764706,0.614910492828556,0.06744244834791457,B,none,False,False,False,47,0.6,-18,35,0.01,20,3,0,p=0.6→47; p=0.4→-18,p=0.99→20; p=0.005→40; p=0.0025→38; p=0.00125→34; p=0.000625→26; p=0.0003125→10; p=0.0003125→-22
10193,8632,True,True,16,4.0,10.25,6.25,B,0.3125,0.5559419215686497,0.24344192156864974,A,strong_ev_b_humans_favor_a,False,False,True,4,1.0,4,18,0.75,-13,0,0,p=1→4; p=0→4,p=0.25→-13; p=0.75→18
10196,8635,True,False,18,16.0,14.3,-1.6999999999999993,A,0.7000000000000002,0.6317241131834105,0.06827588681658969,B,none,False,False,False,43,0.5,-11,26,0.1,13,0,0,p=0.5→43; p=0.5→-11,p=0.9→13; p=0.1→26
10210,8649,True,False,16,6.0,3.200000000000001,-2.799999999999999,A,0.18750000000000008,0.4448487689114835,0.2573487689114834,A,none,False,False,False,27,0.25,-1,29,0.4,-14,0,0,p=0.25→27; p=0.75→-1,p=0.6→-14; p=0.4→29
10221,8660,True,False,16,-5.0,-6.5,-1.5,A,0.7375,0.6645829626348535,0.07291703736514654,B,none,False,False,False,-5,1.0,-5,9,0.5,-22,2,0,p=1→-5; p=0→-5,p=0.5→-22; p=0.25→4; p=0.125→6; p=0.0625→10; p=0.03125→18; p=0.015625→34; p=0.015625→66
10237,8676,True,False,16,-5.0,-9.2,-4.199999999999999,A,0.425,0.503339355851189,0.07833935585118906,A,none,False,False,False,-5,1.0,-5,44,0.05,-12,2,0,p=1→-5; p=0→-5,p=0.95→-12; p=0.025→40; p=0.0125→42; p=0.00625→46; p=0.003125→54; p=0.003125→70
10242,8681,True,False,18,8.1,15.3,7.200000000000001,B,0.6888888888888888,0.7239089044209587,0.035020015532069904,B,none,False,False,False,18,0.1,7,18,0.1,15,3,0,p=0.1→18; p=0.9→7,p=0.9→15; p=0.05→23; p=0.025→21; p=0.0125→17; p=0.00625→9; p=0.003125→-7; p=0.003125→-39
10243,8682,True,True,19,-1.8,-7.4799999999999995,-5.68,A,0.6210526315789473,0.53895031734489,0.08210231423405734,B,strong_ev_a_humans_favor_b,False,False,False,18,0.1,-4,44,0.01,-8,0,0,p=0.1→18; p=0.9→-4,p=0.99→-8; p=0.01→44
10245,8684,True,False,16,8.8,15.0,6.199999999999999,B,0.5750000000000002,0.41656393235901,0.15843606764099016,B,none,False,False,False,16,0.4,4,46,0.5,-16,0,-1,p=0.4→16; p=0.6→4,p=0.5→-16; p=0.5→46
10251,8690,True,False,16,30.0,34.0,4.0,B,0.35,0.5000179488732823,0.15001794887328235,A,none,False,False,False,30,1.0,30,52,0.75,-20,0,0,p=1→30; p=0→30,p=0.25→-20; p=0.75→52
10275,8714,True,False,16,24.0,27.6,3.6000000000000014,B,0.5874999999999999,0.6272915888885177,0.03979158888851775,B,none,False,False,False,34,0.5,14,96,0.1,20,0,0,p=0.5→34; p=0.5→14,p=0.9→20; p=0.1→96
10277,8716,True,False,15,30.0,33.0,3.0,B,0.68,0.5958478958902762,0.08415210410972385,B,none,False,False,False,30,1.0,30,49,0.5,17,1,0,p=1→30; p=0→30,p=0.5→17; p=0.25→48.5; p=0.25→49.5
10279,8718,True,False,17,23.200000000000003,30.000000000000007,6.800000000000004,B,0.4470588235294118,0.37653849025910546,0.07052033327030632,A,none,False,False,False,84,0.2,8,102,0.4,-18,0,0,p=0.2→84; p=0.8→8,p=0.6→-18; p=0.4→102
10288,8727,True,False,15,29.7,23.800000000000004,-5.899999999999995,A,0.06666666666666668,0.21928496016797944,0.15261829350131276,A,none,False,False,False,99,0.01,29,27,0.2,23,0,0,p=0.01→99; p=0.99→29,p=0.8→23; p=0.2→27
10299,8738,True,False,16,25.0,21.71,-3.289999999999999,A,0.525,0.5139255157375606,0.011074484262439399,B,none,True,False,False,56,0.5,-6,22,0.99,-7,3,1,p=0.5→56; p=0.5→-6,p=0.01→-7; p=0.495→23; p=0.495→21
10304,8743,True,True,17,12.0,12.149999999999999,0.14999999999999858,B,0.5411764705882353,0.6153182452868012,0.07414177469856598,B,none,True,False,False,12,1.0,12,72,0.05,9,0,0,p=1→12; p=0→12,p=0.95→9; p=0.05→72
10305,8744,True,False,18,21.0,23.979999999999997,2.979999999999997,B,0.7222222222222223,0.8083021033668248,0.08607988114460252,B,none,False,False,False,21,1.0,21,24,0.99,22,2,0,p=1→21; p=0→21,p=0.01→22; p=0.495→22; p=0.2475→24; p=0.2475→28
10316,8755,True,True,16,26.0,32.39999999999999,6.3999999999999915,B,0.375,0.4662989541702153,0.09129895417021527,A,strong_ev_b_humans_favor_a,False,False,False,26,1.0,26,62,0.6,-12,0,0,p=1→26; p=0→26,p=0.4→-12; p=0.6→62
10331,8770,True,False,16,18.0,18.0,0.0,tie,0.4625,0.5276545328300867,0.06515453283008665,A,none,True,False,False,18,1.0,18,18,1.0,18,3,0,p=1→18; p=0→18,p=0.5→19; p=0.5→17
10336,8775,True,False,17,4.0,4.600000000000001,0.6000000000000014,B,0.3764705882352941,0.4743220907672488,0.09785150253195468,A,none,False,False,False,4,1.0,4,52,0.4,-27,3,0,p=1→4; p=0→4,p=0.6→-27; p=0.2→54; p=0.1→52; p=0.1→48
10352,8791,True,False,16,11.0,11.120000000000001,0.120000000000001,B,0.6625,0.823278944186987,0.16077894418698702,B,none,False,False,False,11,1.0,11,23,0.01,11,2,0,p=1→11; p=0→11,p=0.99→11; p=0.005→19; p=0.0025→21; p=0.00125→25; p=0.000625→33; p=0.000625→49
10356,8795,True,False,18,16.0,11.5,-4.5,A,0.16666666666666669,0.24223564322387783,0.07556897655721115,A,none,False,False,False,31,0.5,1,17,0.75,-5,0,0,p=0.5→31; p=0.5→1,p=0.25→-5; p=0.75→17
10358,8797,True,False,16,13.02,8.4,-4.619999999999999,A,0.20000000000000004,0.2967159941240688,0.09671599412406875,A,none,False,False,False,15,0.01,13,66,0.1,2,0,1,p=0.01→15; p=0.99→13,p=0.9→2; p=0.1→66
10365,8804,True,False,15,2.0,-2.6399999999999997,-4.64,A,0.08,0.2314974923464338,0.15149749234643378,A,none,False,False,False,2,1.0,2,33,0.01,-3,1,0,p=1→2; p=0→2,p=0.99→-3; p=0.00125→31.5; p=0.00375→32.5; p=0.00375→33.5; p=0.00125→34.5
10369,8808,True,False,32,15.0,13.399999999999999,-1.6000000000000014,A,0.51875,0.4869503787819299,0.03179962121807012,B,none,True,False,False,15,1.0,15,59,0.05,11,1,0,p=1→15; p=0→15,p=0.95→11; p=0.00625→57.5; p=0.01875→58.5; p=0.01875→59.5; p=0.00625→60.5
10372,8811,True,False,16,30.0,32.1,2.1000000000000014,B,0.6375,0.5763232804092275,0.06117671959077242,B,none,False,False,False,30,1.0,30,34,0.9,15,0,0,p=1→30; p=0→30,p=0.1→15; p=0.9→34
10374,8813,True,False,18,14.0,5.6,-8.4,A,0.17777777777777776,0.2945471036877072,0.11676932590992944,A,none,False,False,False,14,0.75,14,20,0.1,4,1,0,p=0.75→14; p=0.25→14,p=0.9→4; p=0.00078125→16.5; p=0.00546875→17.5; p=0.0164063→18.5; p=0.0273438→19.5; p=0.0273438→20.5; p=0.0164063→21.5; p=0.00546875→22.5; p=0.00078125→23.5
10375,8814,True,False,19,15.0,12.25,-2.75,A,0.16842105263157894,0.3108348838105565,0.14241383117897757,A,none,False,False,False,15,1.0,15,61,0.25,-4,0,0,p=1→15; p=0→15,p=0.75→-4; p=0.25→61
10379,8818,True,False,17,20.0,28.8,8.8,B,0.776470588235294,0.737375571282282,0.039095016953011985,B,none,False,False,False,20,1.0,20,31,0.9,9,1,0,p=1→20; p=0→20,p=0.1→9; p=0.45→30.5; p=0.45→31.5
10391,8830,True,True,16,18.0,18.0,0.0,tie,0.5750000000000001,0.6134656323057397,0.03846563230573963,B,none,False,False,False,18,1.0,18,18,1.0,18,2,0,p=1→18; p=0→18,p=0.5→15; p=0.25→17; p=0.125→21; p=0.125→29
10393,8832,True,False,18,30.0,29.6,-0.3999999999999986,A,0.5444444444444446,0.3560102240535803,0.18843422039086433,B,none,True,False,False,30,1.0,30,60,0.6,-16,0,0,p=1→30; p=0→30,p=0.4→-16; p=0.6→60
10397,8836,True,True,16,3.0,-3.8000000000000007,-6.800000000000001,A,0.5375,0.37598809648033327,0.1615119035196667,B,none,True,False,False,24,0.5,-18,5,0.2,-6,1,0,p=0.5→24; p=0.5→-18,p=0.8→-6; p=0.00625→2.5; p=0.03125→3.5; p=0.0625→4.5; p=0.0625→5.5; p=0.03125→6.5; p=0.00625→7.5
10400,8839,True,False,18,15.0,10.4,-4.6,A,0.3555555555555556,0.2837199896887746,0.07183556586678103,A,none,False,False,False,57,0.25,1,113,0.1,-1,0,0,p=0.25→57; p=0.75→1,p=0.9→-1; p=0.1→113
10406,8845,True,True,16,4.4,-0.87,-5.2700000000000005,A,0.5249999999999999,0.46383826077554957,0.06116173922445034,B,none,True,False,False,8,0.8,-10,12,0.01,-1,1,0,p=0.8→8; p=0.2→-10,p=0.99→-1; p=0.00125→10.5; p=0.00375→11.5; p=0.00375→12.5; p=0.00125→13.5
10410,8849,True,False,15,-4.75,-9.0,-4.25,A,0.3066666666666667,0.40854078974650965,0.10187412307984295,A,none,False,False,False,62,0.25,-27,35,0.2,-20,3,0,p=0.25→62; p=0.75→-27,p=0.8→-20; p=0.1→37; p=0.05→35; p=0.05→31
10426,8865,True,False,16,11.0,0.5,-10.5,A,0.05,0.07255127554588307,0.02255127554588307,A,none,False,False,False,11,1.0,11,5,0.5,-4,0,0,p=1→11; p=0→11,p=0.5→-4; p=0.5→5
10438,8877,True,False,16,7.75,9.45,1.6999999999999993,B,0.65,0.6953288388233412,0.045328838823341155,B,none,False,False,False,10,0.75,1,75,0.05,6,0,0,p=0.75→10; p=0.25→1,p=0.95→6; p=0.05→75
10444,8883,True,True,18,5.28,10.0,4.72,B,0.7777777777777778,0.7501576017339947,0.027620176043783085,B,none,False,False,False,33,0.01,5,18,0.2,8,0,0,p=0.01→33; p=0.99→5,p=0.8→8; p=0.2→18
10451,8890,True,False,16,-9.0,-11.95,-2.9499999999999993,A,0.4500000000000001,0.4773685862125564,0.02736858621255628,A,none,True,False,False,-9,1.0,-9,27,0.05,-14,0,0,p=1→-9; p=0→-9,p=0.95→-14; p=0.05→27
10457,8896,True,True,18,13.8,13.8,0.0,tie,0.5444444444444444,0.44222149306764214,0.10222295137680226,B,none,True,False,False,18,0.4,11,54,0.4,-13,1,1,p=0.4→18; p=0.6→11,p=0.6→-13; p=0.003125→50.5; p=0.021875→51.5; p=0.065625→52.5; p=0.109375→53.5; p=0.109375→54.5; p=0.065625→55.5; p=0.021875→56.5; p=0.003125→57.5
10459,8898,True,True,16,9.0,6.25,-2.75,A,0.35,0.3847284452069119,0.03472844520691193,A,none,False,False,False,35,0.6,-30,12,0.75,-11,0,0,p=0.6→35; p=0.4→-30,p=0.25→-11; p=0.75→12
10463,8902,True,False,17,6.25,9.75,3.5,B,0.4352941176470588,0.5161223511423292,0.08082823349527041,A,none,False,False,False,49,0.25,-8,90,0.25,-17,0,-1,p=0.25→49; p=0.75→-8,p=0.75→-17; p=0.25→90
10469,8908,True,False,16,16.0,14.3,-1.6999999999999993,A,0.125,0.20039193768579439,0.07539193768579439,A,none,False,False,False,16,1.0,16,16,0.9,-1,0,0,p=1→16; p=0→16,p=0.1→-1; p=0.9→16
10475,8914,True,True,16,12.8,2.4000000000000004,-10.4,A,0.6125,0.4469036266820028,0.16559637331799726,B,strong_ev_a_humans_favor_b,False,False,True,32,0.4,0,76,0.2,-16,0,0,p=0.4→32; p=0.6→0,p=0.8→-16; p=0.2→76
10476,8915,True,False,16,13.0,13.0,0.0,tie,0.4125000000000001,0.38625142838939025,0.02624857161060984,A,none,False,False,False,13,1.0,13,103,0.25,-17,0,0,p=1→13; p=0→13,p=0.75→-17; p=0.25→103
10481,8920,True,False,17,13.0,14.53,1.5299999999999994,B,0.8352941176470587,0.8055952818405892,0.029698835806469592,B,none,False,False,False,13,1.0,13,67,0.01,14,0,0,p=1→13; p=0→13,p=0.99→14; p=0.01→67
10486,8925,True,False,16,2.0,-2.0,-4.0,A,0.15,0.22236239247653497,0.07236239247653498,A,none,False,False,False,2,1.0,2,10,0.2,-5,0,0,p=1→2; p=0→2,p=0.8→-5; p=0.2→10
10491,8930,True,False,16,-1.0,-1.25,-0.25,A,0.35000000000000003,0.5208221593600783,0.17082215936007822,A,none,False,False,False,-1,1.0,-1,55,0.25,-20,0,0,p=1→-1; p=0→-1,p=0.75→-20; p=0.25→55
10498,8937,True,False,17,2.0,4.9,2.9000000000000004,B,0.6823529411764706,0.7205981900270925,0.03824524885062186,B,none,False,False,False,2,1.0,2,6,0.9,-5,1,0,p=1→2; p=0→2,p=0.1→-5; p=0.1125→4.5; p=0.3375→5.5; p=0.3375→6.5; p=0.1125→7.5
10500,8939,True,False,19,19.0,18.5,-0.5,A,0.4526315789473684,0.31868074297559984,0.13395083597176854,A,none,True,False,False,19,1.0,19,80,0.25,-2,0,0,p=1→19; p=0→19,p=0.75→-2; p=0.25→80
10501,8940,True,False,15,8.0,14.8,6.800000000000001,B,0.6933333333333335,0.8699981416519021,0.17666480831856868,B,none,False,False,False,8,1.0,8,34,0.2,10,0,0,p=1→8; p=0→8,p=0.8→10; p=0.2→34
10504,8943,True,False,16,27.0,24.5,-2.5,A,0.4500000000000001,0.42195010411053346,0.02804989588946666,A,none,True,False,False,27,1.0,27,48,0.5,1,0,0,p=1→27; p=0→27,p=0.5→1; p=0.5→48
10511,8950,True,False,18,15.0,16.200000000000003,1.2000000000000028,B,0.5,0.41436667081969203,0.08563332918030797,tie,none,True,False,False,23,0.75,-9,51,0.4,-7,0,1,p=0.75→23; p=0.25→-9,p=0.6→-7; p=0.4→51
10522,8961,True,False,18,13.0,14.0,1.0,B,0.5333333333333334,0.47399727982392087,0.05933605350941257,B,none,True,False,False,70,0.4,-25,65,0.25,-3,0,0,p=0.4→70; p=0.6→-25,p=0.75→-3; p=0.25→65
10533,8972,True,True,17,-10.0,-3.85,6.15,B,0.9411764705882352,0.888155326084948,0.05302114450328721,B,none,False,False,False,-10,1.0,-10,18,0.05,-5,0,0,p=1→-10; p=0→-10,p=0.95→-5; p=0.05→18
10545,8984,True,False,17,1.2000000000000028,0.73,-0.47000000000000286,A,0.5647058823529413,0.6552377493150415,0.09053186696210025,B,none,False,False,False,51,0.4,-32,73,0.01,0,1,1,p=0.4→51; p=0.6→-32,p=0.99→0; p=0.0003125→70.5; p=0.0015625→71.5; p=0.003125→72.5; p=0.003125→73.5; p=0.0015625→74.5; p=0.0003125→75.5
10552,8991,True,False,16,4.7,4.949999999999998,0.24999999999999822,B,0.4,0.5636042829122573,0.16360428291225726,A,none,False,False,False,6,0.9,-7,6,0.95,-15,2,0,p=0.9→6; p=0.1→-7,p=0.05→-15; p=0.475→3; p=0.2375→5; p=0.11875→9; p=0.11875→17
10560,8999,True,False,17,3.98,4.0,0.020000000000000018,B,0.4588235294117648,0.5553824138187461,0.0965588844069813,A,none,True,False,False,4,0.99,2,4,1.0,4,3,0,p=0.99→4; p=0.01→2,p=0.5→7; p=0.25→5; p=0.125→1; p=0.125→-7
10567,9006,True,False,16,6.0000000000000036,6.77,0.769999999999996,B,0.6,0.6092186590852132,0.009218659085213243,B,none,False,False,False,66,0.4,-34,7,0.99,-16,0,0,p=0.4→66; p=0.6→-34,p=0.01→-16; p=0.99→7
10569,9008,True,False,16,-6.25,0.7999999999999998,7.05,B,0.7250000000000001,0.7053476505762234,0.019652349423776694,B,none,False,False,False,5,0.25,-10,20,0.2,-4,0,0,p=0.25→5; p=0.75→-10,p=0.8→-4; p=0.2→20
10573,9012,True,False,16,-8.0,-13.999999999999998,-5.999999999999998,A,0.5375,0.5557229566079065,0.018222956607906515,B,none,True,False,False,-8,1.0,-8,1,0.4,-24,1,0,p=1→-8; p=0→-8,p=0.6→-24; p=0.05→-0.5; p=0.15→0.5; p=0.15→1.5; p=0.05→2.5
10583,9022,True,True,16,-7.0,0.0,7.0,B,0.8749999999999999,0.9116449269034126,0.0366449269034127,B,none,False,False,False,-7,1.0,-7,18,0.25,-6,0,0,p=1→-7; p=0→-7,p=0.75→-6; p=0.25→18
10586,9025,True,False,16,-9.0,3.1,12.1,B,0.975,0.9418646486024158,0.03313535139758417,B,none,False,False,False,-9,1.0,-9,22,0.1,1,0,0,p=1→-9; p=0→-9,p=0.9→1; p=0.1→22
10593,9032,True,False,15,7.200000000000001,11.2,3.9999999999999982,B,0.8400000000000001,0.6940164089201366,0.14598359107986347,B,none,False,False,False,33,0.4,-10,19,0.4,6,0,0,p=0.4→33; p=0.6→-10,p=0.6→6; p=0.4→19
10602,9041,True,True,15,17.0,21.800000000000004,4.800000000000004,B,0.6266666666666666,0.6548274002367513,0.02816073357008475,B,none,False,False,False,60,0.5,-26,29,0.1,21,1,0,p=0.5→60; p=0.5→-26,p=0.9→21; p=0.05→28.5; p=0.05→29.5
10610,9049,True,False,15,17.0,21.700000000000003,4.700000000000003,B,0.7066666666666668,0.6982705717760597,0.008396094890607109,B,none,False,False,False,25,0.5,9,46,0.1,19,0,0,p=0.5→25; p=0.5→9,p=0.9→19; p=0.1→46
10612,9051,True,False,19,2.2,5.0,2.8,B,0.5052631578947369,0.5193689479242969,0.014105790029560028,B,none,True,False,False,5,0.8,-9,45,0.2,-5,0,0,p=0.8→5; p=0.2→-9,p=0.8→-5; p=0.2→45
10620,9059,True,True,17,22.0,25.0,3.0,B,0.5294117647058824,0.566237952686127,0.03682618798024462,B,none,True,False,False,22,1.0,22,64,0.4,-1,1,0,p=1→22; p=0→22,p=0.6→-1; p=0.0125→61.5; p=0.0625→62.5; p=0.125→63.5; p=0.125→64.5; p=0.0625→65.5; p=0.0125→66.5
10622,9061,True,False,15,7.75,9.599999999999998,1.8499999999999979,B,0.4133333333333334,0.48632278654650807,0.07298945321317468,A,none,False,False,False,10,0.75,1,44,0.6,-42,3,-1,p=0.75→10; p=0.25→1,p=0.4→-42; p=0.3→49; p=0.15→47; p=0.075→43; p=0.0375→35; p=0.01875→19; p=0.01875→-13
10625,9064,True,False,16,-2.0,0.5,2.5,B,0.8250000000000001,0.6987641502382165,0.1262358497617836,B,none,False,False,False,-2,1.0,-2,15,0.5,-14,3,0,p=1→-2; p=0→-2,p=0.5→-14; p=0.25→16; p=0.25→14
10627,9066,True,False,16,12.0,20.7,8.7,B,0.8250000000000001,0.8351473024309289,0.010147302430928873,B,none,False,False,False,12,1.0,12,110,0.05,16,3,0,p=1→12; p=0→12,p=0.95→16; p=0.025→114; p=0.0125→112; p=0.00625→108; p=0.003125→100; p=0.003125→84
10630,9069,True,False,15,30.299999999999997,34.2,3.9000000000000057,B,0.5333333333333333,0.5489215801096097,0.015588246776276349,B,none,True,False,False,55,0.05,29,52,0.8,-37,2,0,p=0.05→55; p=0.95→29,p=0.2→-37; p=0.4→47; p=0.2→49; p=0.1→53; p=0.05→61; p=0.025→77; p=0.025→109
10640,9079,True,True,15,-5.0,-0.19999999999999574,4.800000000000004,B,0.5466666666666666,0.706258621078595,0.15959195441192842,B,none,True,False,False,-5,1.0,-5,46,0.4,-31,0,0,p=1→-5; p=0→-5,p=0.6→-31; p=0.4→46
10659,9098,True,False,16,20.0,9.8,-10.2,A,0.1125,0.10643680198140551,0.006063198018594493,A,none,False,False,False,20,1.0,20,14,0.8,-7,0,0,p=1→20; p=0→20,p=0.2→-7; p=0.8→14
10679,9118,True,False,15,29.0,32.8,3.799999999999997,B,0.5599999999999999,0.6511562925216183,0.09115629252161839,B,none,False,False,False,29,1.0,29,60,0.2,26,0,0,p=1→29; p=0→29,p=0.8→26; p=0.2→60
10688,9127,True,False,15,18.2,9.399999999999999,-8.8,A,0.3466666666666667,0.3777655046912614,0.031098838024594733,A,none,False,False,False,65,0.4,-13,115,0.2,-17,2,0,p=0.4→65; p=0.6→-13,p=0.8→-17; p=0.1→109; p=0.05→111; p=0.025→115; p=0.0125→123; p=0.00625→139; p=0.003125→171; p=0.003125→235
10702,9141,True,False,16,6.0,12.5,6.5,B,0.425,0.48170226307732095,0.05670226307732096,A,none,False,False,False,6,1.0,6,95,0.25,-15,2,0,p=1→6; p=0→6,p=0.75→-15; p=0.125→94; p=0.125→96
10718,9157,True,False,16,8.0,1.2000000000000002,-6.8,A,0.3625,0.2678244466942117,0.09467555330578831,A,none,False,False,False,8,1.0,8,14,0.2,-2,2,0,p=1→8; p=0→8,p=0.8→-2; p=0.1→9; p=0.05→11; p=0.025→15; p=0.0125→23; p=0.00625→39; p=0.00625→71
10724,9163,True,False,15,12.0,14.0,2.0,B,0.7733333333333332,0.6661662603933161,0.10716707294001715,B,none,False,False,False,99,0.25,-17,19,0.5,9,0,0,p=0.25→99; p=0.75→-17,p=0.5→9; p=0.5→19
10726,9165,True,False,17,18.0,10.0,-8.0,A,0.3411764705882353,0.34828405508048504,0.007107584492249741,A,none,False,False,False,18,1.0,18,58,0.25,-6,1,0,p=1→18; p=0→18,p=0.75→-6; p=0.125→57.5; p=0.125→58.5
10727,9166,True,False,15,4.0,0.75,-3.25,A,0.16,0.11791003282222366,0.04208996717777634,A,none,False,False,False,4,1.0,4,2,0.75,-3,1,0,p=1→4; p=0→4,p=0.25→-3; p=0.09375→0.5; p=0.28125→1.5; p=0.28125→2.5; p=0.09375→3.5
10728,9167,True,True,17,15.0,20.0,5.0,B,0.4352941176470588,0.4163344663374406,0.018959651309618186,A,none,False,False,False,15,1.0,15,85,0.5,-45,0,0,p=1→15; p=0→15,p=0.5→-45; p=0.5→85
10739,9178,True,False,17,9.0,17.400000000000002,8.400000000000002,B,0.4235294117647059,0.5044586973756712,0.0809292856109653,A,none,False,False,False,11,0.9,-9,30,0.8,-33,0,0,p=0.9→11; p=0.1→-9,p=0.2→-33; p=0.8→30
10744,9183,True,False,15,9.0,5.2,-3.8,A,0.3066666666666667,0.37208485574466393,0.06541818907799724,A,none,False,False,False,9,1.0,9,52,0.1,0,0,0,p=1→9; p=0→9,p=0.9→0; p=0.1→52
10750,9189,True,False,17,-10.31,-20.000000000000004,-9.690000000000003,A,0.2470588235294117,0.18490523963226407,0.06215358389714762,A,none,False,False,False,58,0.01,-11,-8,0.2,-23,1,0,p=0.01→58; p=0.99→-11,p=0.8→-23; p=0.025→-9.5; p=0.075→-8.5; p=0.075→-7.5; p=0.025→-6.5
10751,9190,True,False,16,16.0,10.88,-5.119999999999999,A,0.3625,0.3564789661722862,0.006021033827713795,A,none,False,False,False,16,1.0,16,11,0.99,-1,2,0,p=1→16; p=0→16,p=0.01→-1; p=0.495→7; p=0.2475→9; p=0.12375→13; p=0.061875→21; p=0.061875→37
10757,9196,True,False,18,18.6,16.4,-2.200000000000003,A,0.7222222222222221,0.44997675762684947,0.27224546459537263,B,none,False,False,False,93,0.2,0,70,0.2,3,0,0,p=0.2→93; p=0.8→0,p=0.8→3; p=0.2→70
10763,9202,True,True,17,11.0,10.200000000000005,-0.7999999999999954,A,0.3647058823529412,0.3557201838374249,0.008985698515516338,A,none,False,False,False,11,1.0,11,23,0.8,-41,0,0,p=1→11; p=0→11,p=0.2→-41; p=0.8→23
10767,9206,True,False,15,1.0,1.4500000000000002,0.4500000000000002,B,0.3733333333333333,0.5830649761832993,0.20973164284996604,A,none,False,False,False,1,1.0,1,29,0.05,0,0,0,p=1→1; p=0→1,p=0.95→0; p=0.05→29
10769,9208,True,False,16,4.64,4.0,-0.6399999999999997,A,0.3625,0.3684514750512259,0.005951475051225896,A,none,False,False,False,68,0.01,4,8,0.5,0,0,0,p=0.01→68; p=0.99→4,p=0.5→0; p=0.5→8
10777,9216,True,True,15,11.0,17.15,6.149999999999999,B,0.7866666666666666,0.641617235359605,0.1450494313070616,B,none,False,False,False,56,0.5,-34,18,0.95,1,1,0,p=0.5→56; p=0.5→-34,p=0.05→1; p=0.475→17.5; p=0.475→18.5
10784,9223,True,False,18,8.0,15.139999999999999,7.139999999999999,B,0.8999999999999999,0.8928184330976293,0.007181566902370595,B,none,False,False,False,8,1.0,8,29,0.01,15,1,0,p=1→8; p=0→8,p=0.99→15; p=0.005→28.5; p=0.005→29.5
10788,9227,True,True,17,18.0,22.0,4.0,B,0.6941176470588235,0.6496962199501826,0.04442142710864094,B,none,False,False,False,18,1.0,18,44,0.5,0,1,0,p=1→18; p=0→18,p=0.5→0; p=0.00390625→40.5; p=0.0273438→41.5; p=0.0820312→42.5; p=0.136719→43.5; p=0.136719→44.5; p=0.0820312→45.5; p=0.0273438→46.5; p=0.00390625→47.5
10795,9234,True,False,15,19.0,18.5,-0.5,A,0.5466666666666667,0.4536883078985548,0.09297835876811195,B,none,True,False,False,34,0.75,-26,67,0.5,-30,1,0,p=0.75→34; p=0.25→-26,p=0.5→-30; p=0.25→66.5; p=0.25→67.5
10816,9255,True,True,17,11.75,1.5,-10.25,A,0.5294117647058824,0.5220475522977877,0.007364212408094706,B,none,True,False,False,77,0.25,-10,3,0.25,1,1,0,p=0.25→77; p=0.75→-10,p=0.75→1; p=0.0078125→0.5; p=0.0390625→1.5; p=0.078125→2.5; p=0.078125→3.5; p=0.0390625→4.5; p=0.0078125→5.5
10822,9261,True,False,15,-7.0,-16.700000000000003,-9.700000000000003,A,0.24000000000000005,0.37736518259528595,0.1373651825952859,A,none,False,False,False,-7,1.0,-7,4,0.1,-19,0,0,p=1→-7; p=0→-7,p=0.9→-19; p=0.1→4
10825,9264,True,False,17,22.0,28.25,6.25,B,0.5764705882352941,0.6376714486706502,0.06120086043535611,B,none,False,False,False,75,0.5,-31,36,0.75,5,0,0,p=0.5→75; p=0.5→-31,p=0.25→5; p=0.75→36
10830,9269,True,False,16,16.3,14.0,-2.3000000000000007,A,0.4625,0.5015737392989065,0.03907373929890645,A,none,True,False,False,17,0.9,10,34,0.2,9,1,0,p=0.9→17; p=0.1→10,p=0.8→9; p=0.0015625→30.5; p=0.0109375→31.5; p=0.0328125→32.5; p=0.0546875→33.5; p=0.0546875→34.5; p=0.0328125→35.5; p=0.0109375→36.5; p=0.0015625→37.5
10836,9275,True,True,17,9.049999999999999,16.0,6.950000000000001,B,0.9176470588235296,0.8679748522734078,0.049672206550121834,B,none,False,False,False,10,0.05,9,35,0.05,15,0,0,p=0.05→10; p=0.95→9,p=0.95→15; p=0.05→35
10840,9279,True,True,15,3.0,-5.199999999999999,-8.2,A,0.26666666666666666,0.394545151748662,0.12787848508199534,A,none,False,False,False,3,1.0,3,11,0.1,-7,0,0,p=1→3; p=0→3,p=0.9→-7; p=0.1→11
10845,9284,True,False,17,6.359999999999999,-1.0,-7.359999999999999,A,0.10588235294117647,0.2517272945501619,0.14584494160898542,A,none,False,False,False,42,0.01,6,89,0.1,-11,0,0,p=0.01→42; p=0.99→6,p=0.9→-11; p=0.1→89
10846,9285,True,False,19,12.0,7.25,-4.75,A,0.5684210526315789,0.5169411427437912,0.05147990988778772,B,none,False,False,False,54,0.5,-30,13,0.75,-10,2,0,p=0.5→54; p=0.5→-30,p=0.25→-10; p=0.375→9; p=0.1875→11; p=0.09375→15; p=0.046875→23; p=0.046875→39
10857,9296,True,True,15,29.0,33.75,4.75,B,0.6133333333333334,0.5536912095170322,0.059642123816301185,B,none,False,False,False,35,0.6,20,93,0.25,14,0,0,p=0.6→35; p=0.4→20,p=0.75→14; p=0.25→93
10858,9297,True,False,15,-6.0,-6.199999999999999,-0.1999999999999993,A,0.2933333333333333,0.22791402722509474,0.06541930610823854,A,none,False,False,False,-6,1.0,-6,-6,0.95,-10,0,0,p=1→-6; p=0→-6,p=0.05→-10; p=0.95→-6
10859,9298,True,False,15,27.0,31.400000000000002,4.400000000000002,B,0.6,0.6609207323851752,0.06092073238517526,B,none,False,False,False,27,1.0,27,43,0.6,14,3,0,p=1→27; p=0→27,p=0.4→14; p=0.3→45; p=0.15→43; p=0.15→39
10861,9300,True,False,15,15.8,9.65,-6.15,A,0.17333333333333334,0.14662075817721065,0.026712575156122687,A,none,False,False,False,19,0.8,3,10,0.99,-25,0,0,p=0.8→19; p=0.2→3,p=0.01→-25; p=0.99→10
10868,9307,True,True,15,30.0,29.5,-0.5,A,0.6666666666666666,0.6290753944405217,0.03759127222614489,B,none,False,False,False,30,1.0,30,45,0.5,14,1,0,p=1→30; p=0→30,p=0.5→14; p=0.015625→42.5; p=0.078125→43.5; p=0.15625→44.5; p=0.15625→45.5; p=0.078125→46.5; p=0.015625→47.5
10871,9310,True,False,17,11.0,17.25,6.25,B,0.7529411764705882,0.7261083725595653,0.02683280391102294,B,none,False,False,False,47,0.25,-1,39,0.25,10,1,0,p=0.25→47; p=0.75→-1,p=0.75→10; p=0.03125→37.5; p=0.09375→38.5; p=0.09375→39.5; p=0.03125→40.5
10873,9312,True,False,15,-5.0,-8.0,-3.0,A,0.2533333333333333,0.19197306062829111,0.061360272705042185,A,none,False,False,False,-5,1.0,-5,-4,0.2,-9,1,0,p=1→-5; p=0→-5,p=0.8→-9; p=0.1→-4.5; p=0.1→-3.5
10882,9321,True,False,30,5.0,9.399999999999997,4.399999999999997,B,0.5600000000000002,0.6117876893714801,0.05178768937147993,B,none,False,False,False,15,0.6,-10,31,0.6,-23,3,1,p=0.6→15; p=0.4→-10,p=0.4→-23; p=0.3→33; p=0.15→31; p=0.15→27
10885,9324,True,False,16,-7.0,4.800000000000002,11.8,B,0.8374999999999999,0.8448762243993663,0.00737622439936636,B,none,False,False,False,-7,1.0,-7,11,0.8,-20,2,0,p=1→-7; p=0→-7,p=0.2→-20; p=0.4→10; p=0.4→12
10898,9337,True,False,19,27.0,15.4,-11.6,A,0.2210526315789474,0.2433875156942714,0.022334884115324,A,none,False,False,False,32,0.5,22,55,0.1,11,0,0,p=0.5→32; p=0.5→22,p=0.9→11; p=0.1→55
10923,9362,True,False,16,20.549999999999997,24.4,3.8500000000000014,B,0.3875000000000001,0.5224203396543231,0.13492033965432298,A,none,False,False,False,88,0.05,17,52,0.4,6,0,0,p=0.05→88; p=0.95→17,p=0.6→6; p=0.4→52
10925,9364,True,False,16,24.0,33.25,9.25,B,0.6124999999999998,0.575853924135927,0.03664607586407287,B,none,False,False,False,24,1.0,24,47,0.75,-8,1,0,p=1→24; p=0→24,p=0.25→-8; p=0.09375→45.5; p=0.28125→46.5; p=0.28125→47.5; p=0.09375→48.5
10934,9373,True,False,16,23.14,21.2,-1.9400000000000013,A,0.4375,0.3425572122818231,0.09494278771817688,A,none,False,False,False,37,0.01,23,95,0.4,-28,0,0,p=0.01→37; p=0.99→23,p=0.6→-28; p=0.4→95
10936,9375,True,False,20,26.0,27.8,1.8000000000000007,B,0.5700000000000001,0.7800041146573135,0.2100041146573134,B,none,False,False,False,26,1.0,26,35,0.2,26,1,0,p=1→26; p=0→26,p=0.8→26; p=0.1→34.5; p=0.1→35.5
10938,9377,True,True,16,-0.52,13.0,13.52,B,0.8000000000000002,0.8082857253708946,0.008285725370894448,B,none,False,False,False,47,0.01,-1,19,0.4,9,0,0,p=0.01→47; p=0.99→-1,p=0.6→9; p=0.4→19
10940,9379,True,False,15,30.0,29.0,-1.0,A,0.4933333333333334,0.5091196855198595,0.01578635218652613,A,none,True,False,False,74,0.5,-14,59,0.6,-16,3,0,p=0.5→74; p=0.5→-14,p=0.4→-16; p=0.3→60; p=0.3→58
10941,9380,True,False,17,19.0,19.6,0.6000000000000014,B,0.4470588235294118,0.6007377650702099,0.15367894154079814,A,none,False,False,False,19,1.0,19,22,0.4,18,0,0,p=1→19; p=0→19,p=0.6→18; p=0.4→22
10953,9392,True,True,15,-8.75,-11.2,-2.4499999999999993,A,0.5733333333333334,0.6389288340338467,0.06559550070051334,B,none,False,False,False,-7,0.75,-14,4,0.05,-12,0,0,p=0.75→-7; p=0.25→-14,p=0.95→-12; p=0.05→4
10960,9399,True,True,16,30.0,23.9,-6.100000000000001,A,0.75,0.5890267684829622,0.1609732315170378,B,strong_ev_a_humans_favor_b,False,False,True,51,0.4,16,86,0.1,17,1,1,p=0.4→51; p=0.6→16,p=0.9→17; p=0.0125→84.5; p=0.0375→85.5; p=0.0375→86.5; p=0.0125→87.5
10963,9402,True,False,19,-4.0,-6.199999999999999,-2.1999999999999993,A,0.42105263157894735,0.4757202170975403,0.054667585518592965,A,none,False,False,False,-4,1.0,-4,28,0.1,-10,1,0,p=1→-4; p=0→-4,p=0.9→-10; p=0.05→27.5; p=0.05→28.5
10967,9406,True,False,16,26.0,29.0,3.0,B,0.6250000000000001,0.5676581047625272,0.057341895237472906,B,none,False,False,False,26,1.0,26,53,0.5,5,0,0,p=1→26; p=0→26,p=0.5→5; p=0.5→53
10972,9411,True,False,15,9.15,8.100000000000001,-1.049999999999999,A,0.4666666666666666,0.3032025952588358,0.1634640714078308,A,none,True,False,False,31,0.05,8,11,0.9,-18,0,1,p=0.05→31; p=0.95→8,p=0.1→-18; p=0.9→11
10974,9413,True,False,18,21.0,22.9,1.8999999999999986,B,0.6888888888888889,0.6305153552229662,0.05837353366592268,B,none,False,False,False,21,1.0,21,23,0.9,22,2,0,p=1→21; p=0→21,p=0.1→22; p=0.45→17; p=0.225→19; p=0.1125→23; p=0.05625→31; p=0.028125→47; p=0.0140625→79; p=0.0140625→143
10980,9419,True,False,16,12.0,14.9,2.9000000000000004,B,0.7374999999999999,0.7862126833059929,0.04871268330599299,B,none,False,False,False,12,1.0,12,15,0.99,5,0,0,p=1→12; p=0→12,p=0.01→5; p=0.99→15
10983,9422,True,False,15,1.0,-0.5,-1.5,A,0.5333333333333333,0.48987763523898636,0.04345569809434696,B,none,True,False,False,1,1.0,1,25,0.5,-26,0,0,p=1→1; p=0→1,p=0.5→-26; p=0.5→25
10995,9434,True,False,16,27.75,21.0,-6.75,A,0.15000000000000002,0.2665569690905414,0.11655696909054136,A,none,False,False,False,34,0.75,9,28,0.75,0,0,0,p=0.75→34; p=0.25→9,p=0.25→0; p=0.75→28
10998,9437,True,False,16,17.0,12.249999999999998,-4.750000000000002,A,0.4125,0.40182351812077266,0.010676481879227318,A,none,False,False,False,17,1.0,17,14,0.95,-21,2,0,p=1→17; p=0→17,p=0.05→-21; p=0.475→9; p=0.2375→11; p=0.11875→15; p=0.059375→23; p=0.0296875→39; p=0.0296875→71
11000,9439,True,True,16,19.0,21.0,2.0,B,0.6624999999999999,0.5617296474617446,0.10077035253825528,B,none,False,False,False,19,1.0,19,84,0.4,-21,2,0,p=1→19; p=0→19,p=0.6→-21; p=0.2→81; p=0.1→83; p=0.05→87; p=0.05→95
11002,9441,True,False,17,22.0,20.5,-1.5,A,0.3294117647058824,0.3921444715933104,0.06273270688742799,A,none,False,False,False,22,1.0,22,63,0.5,-22,0,0,p=1→22; p=0→22,p=0.5→-22; p=0.5→63
11007,9446,True,False,16,9.800000000000004,14.0,4.199999999999996,B,0.625,0.6760264608889922,0.05102646088899221,B,none,False,False,False,71,0.4,-31,14,0.95,14,1,0,p=0.4→71; p=0.6→-31,p=0.05→14; p=0.475→13.5; p=0.475→14.5
11012,9451,True,False,18,-7.0,-7.76,-0.7599999999999998,A,0.5333333333333333,0.580381411292011,0.047048077958677714,B,none,True,False,False,-7,1.0,-7,16,0.01,-8,2,0,p=1→-7; p=0→-7,p=0.99→-8; p=0.005→15; p=0.005→17
11023,9462,True,False,16,8.700000000000001,16.0,7.299999999999999,B,0.7000000000000001,0.5436938412782846,0.1563061587217155,B,none,False,False,False,11,0.9,-12,53,0.5,-21,2,0,p=0.9→11; p=0.1→-12,p=0.5→-21; p=0.25→50; p=0.125→52; p=0.0625→56; p=0.0625→64
11039,9478,True,False,16,14.0,9.59,-4.41,A,0.275,0.09852081264681038,0.17647918735318963,A,none,False,False,False,14,1.0,14,10,0.99,-31,0,0,p=1→14; p=0→14,p=0.01→-31; p=0.99→10
11041,9480,True,False,16,-4.1000000000000005,-11.200000000000001,-7.1000000000000005,A,0.18750000000000008,0.1544255960917148,0.03307440390828528,A,none,False,False,False,13,0.1,-6,-7,0.4,-14,0,0,p=0.1→13; p=0.9→-6,p=0.6→-14; p=0.4→-7
11044,9483,True,False,18,21.0,22.25,1.25,B,0.5666666666666668,0.5118785670015236,0.0547880996651432,B,none,False,False,False,31,0.75,-9,40,0.75,-31,1,0,p=0.75→31; p=0.25→-9,p=0.25→-31; p=0.00585938→36.5; p=0.0410156→37.5; p=0.123047→38.5; p=0.205078→39.5; p=0.205078→40.5; p=0.123047→41.5; p=0.0410156→42.5; p=0.00585938→43.5
11053,9492,True,False,16,20.77,21.0,0.23000000000000043,B,0.8125,0.7700369863356776,0.04246301366432237,B,none,False,False,False,21,0.99,-2,21,1.0,21,0,0,p=0.99→21; p=0.01→-2,p=1→21
11054,9493,True,False,16,-10.0,-18.5,-8.5,A,0.3750000000000001,0.20425964093938956,0.17074035906061055,A,none,False,False,False,-10,1.0,-10,-9,0.5,-28,1,0,p=1→-10; p=0→-10,p=0.5→-28; p=0.25→-9.5; p=0.25→-8.5
11058,9497,True,False,17,8.0,-0.8000000000000007,-8.8,A,0.25882352941176473,0.28274430454542754,0.02392077513366281,A,none,False,False,False,8,1.0,8,92,0.2,-24,0,0,p=1→8; p=0→8,p=0.8→-24; p=0.2→92
11060,9499,True,False,18,12.0,14.8,2.8000000000000007,B,0.7111111111111111,0.6487826805434831,0.062328430567628046,B,none,False,False,False,12,1.0,12,20,0.6,7,2,0,p=1→12; p=0→12,p=0.4→7; p=0.3→15; p=0.15→17; p=0.075→21; p=0.0375→29; p=0.01875→45; p=0.01875→77
11065,9504,True,False,18,-7.200000000000002,-3.6000000000000005,3.6000000000000014,B,0.5555555555555555,0.6898829793680297,0.1343274238124742,B,none,False,False,False,-5,0.95,-49,38,0.2,-14,0,0,p=0.95→-5; p=0.05→-49,p=0.8→-14; p=0.2→38
11067,9506,True,False,20,11.75,18.25,6.5,B,0.6500000000000001,0.7688076572361779,0.11880765723617781,B,none,False,False,False,23,0.25,8,42,0.05,17,1,0,p=0.25→23; p=0.75→8,p=0.95→17; p=0.000390625→38.5; p=0.00273438→39.5; p=0.00820313→40.5; p=0.0136719→41.5; p=0.0136719→42.5; p=0.00820313→43.5; p=0.00273438→44.5; p=0.000390625→45.5
11070,9509,True,False,16,24.0,30.67,6.670000000000002,B,0.7000000000000001,0.6453151088714516,0.05468489112854846,B,none,False,False,False,24,1.0,24,31,0.99,-2,0,0,p=1→24; p=0→24,p=0.01→-2; p=0.99→31
11081,9520,True,False,15,26.200000000000003,27.22,1.019999999999996,B,0.6533333333333334,0.6595230173729959,0.006189684039662469,B,none,False,False,False,28,0.8,19,49,0.01,27,0,0,p=0.8→28; p=0.2→19,p=0.99→27; p=0.01→49
11088,9527,True,False,17,4.84,3.5999999999999996,-1.2400000000000002,A,0.4823529411764706,0.374865182020968,0.10748775915550257,A,none,True,False,False,88,0.01,4,20,0.6,-21,1,0,p=0.01→88; p=0.99→4,p=0.4→-21; p=0.0046875→16.5; p=0.0328125→17.5; p=0.0984375→18.5; p=0.164062→19.5; p=0.164062→20.5; p=0.0984375→21.5; p=0.0328125→22.5; p=0.0046875→23.5
11092,9531,True,False,16,26.0,17.5,-8.5,A,0.1875,0.1070579141829176,0.0804420858170824,A,none,False,False,False,26,1.0,26,22,0.25,16,0,0,p=1→26; p=0→26,p=0.75→16; p=0.25→22
11093,9532,True,True,17,6.0,2.400000000000004,-3.599999999999996,A,0.25882352941176473,0.3719748163351261,0.11315128692336135,A,none,False,False,False,6,1.0,6,14,0.8,-44,0,0,p=1→6; p=0→6,p=0.2→-44; p=0.8→14
11099,9538,True,False,18,1.0,-0.5999999999999996,-1.5999999999999996,A,0.4444444444444444,0.30886433776655375,0.13558010667789067,A,none,False,False,False,1,1.0,1,6,0.4,-5,0,0,p=1→1; p=0→1,p=0.6→-5; p=0.4→6
11101,9540,True,False,21,22.540000000000003,26.5,3.9599999999999973,B,0.6,0.6711332801650478,0.07113328016504783,B,none,False,False,False,76,0.01,22,67,0.1,22,1,0,p=0.01→76; p=0.99→22,p=0.9→22; p=0.003125→64.5; p=0.015625→65.5; p=0.03125→66.5; p=0.03125→67.5; p=0.015625→68.5; p=0.003125→69.5
11106,9545,True,True,18,27.0,23.5,-3.5,A,0.2,0.3675830068037096,0.16758300680370958,A,none,False,False,False,39,0.5,15,49,0.5,-2,0,0,p=0.5→39; p=0.5→15,p=0.5→-2; p=0.5→49
11115,9554,True,False,17,26.8,26.75,-0.05000000000000071,A,0.5058823529411764,0.4266789482911266,0.07920340465004982,B,none,True,False,False,29,0.8,18,89,0.25,6,0,0,p=0.8→29; p=0.2→18,p=0.75→6; p=0.25→89
11117,9556,True,False,16,-6.0,3.0,9.0,B,0.6375,0.7217214856753931,0.08422148567539312,B,none,False,False,False,-6,1.0,-6,34,0.5,-28,0,0,p=1→-6; p=0→-6,p=0.5→-28; p=0.5→34
11121,9560,True,False,15,18.0,12.5,-5.5,A,0.14666666666666667,0.2879227484713901,0.14125608180472343,A,none,False,False,False,18,1.0,18,20,0.75,-10,0,0,p=1→18; p=0→18,p=0.25→-10; p=0.75→20
11123,9562,True,False,15,1.0,-1.75,-2.75,A,0.04000000000000002,0.09830760076530665,0.058307600765306625,A,none,False,False,False,1,1.0,1,-1,0.75,-4,0,0,p=1→1; p=0→1,p=0.25→-4; p=0.75→-1
11127,9566,True,False,16,24.200000000000003,17.5,-6.700000000000003,A,0.225,0.2781306201367837,0.053130620136783685,A,none,False,False,False,61,0.2,15,24,0.5,11,0,0,p=0.2→61; p=0.8→15,p=0.5→11; p=0.5→24
11128,9567,True,False,17,12.0,7.050000000000001,-4.949999999999999,A,0.3294117647058824,0.34443959144567643,0.015027826739794026,A,none,False,False,False,12,1.0,12,46,0.05,5,0,0,p=1→12; p=0→12,p=0.95→5; p=0.05→46
11134,9573,True,False,17,9.0,11.49,2.49,B,0.9411764705882352,0.858251115512886,0.08292535507534915,B,none,False,False,False,9,1.0,9,60,0.01,11,0,0,p=1→9; p=0→9,p=0.99→11; p=0.01→60
11141,9580,True,True,17,25.75,28.92,3.1700000000000017,B,0.6941176470588237,0.6355759786894787,0.058541668369345046,B,none,False,False,False,40,0.75,-17,29,0.99,21,2,0,p=0.75→40; p=0.25→-17,p=0.01→21; p=0.495→27; p=0.2475→29; p=0.2475→33
11170,9609,True,False,15,22.8,22.700000000000003,-0.09999999999999787,A,0.4400000000000001,0.44264383719254347,0.0026438371925433524,A,none,False,False,False,57,0.05,21,29,0.1,22,0,0,p=0.05→57; p=0.95→21,p=0.9→22; p=0.1→29
11185,9624,True,False,15,11.0,11.120000000000001,0.120000000000001,B,0.9333333333333332,0.7903079064611752,0.14302542687215802,B,none,False,False,False,11,1.0,11,23,0.01,11,0,0,p=1→11; p=0→11,p=0.99→11; p=0.01→23
11193,9632,True,False,16,12.200000000000001,7.0,-5.200000000000001,A,0.4875,0.28258066319191266,0.20491933680808733,A,none,True,False,False,29,0.4,1,10,0.5,4,0,0,p=0.4→29; p=0.6→1,p=0.5→4; p=0.5→10
11202,9641,True,False,17,8.0,1.8000000000000003,-6.199999999999999,A,0.2,0.3532157944466331,0.15321579444663308,A,none,False,False,False,62,0.1,2,3,0.4,1,0,-1,p=0.1→62; p=0.9→2,p=0.6→1; p=0.4→3
11205,9644,True,False,18,18.0,16.0,-2.0,A,0.4111111111111112,0.4130906043818492,0.0019794932707379864,A,none,False,False,False,18,1.0,18,57,0.5,-25,0,0,p=1→18; p=0→18,p=0.5→-25; p=0.5→57
11206,9645,True,False,16,-7.0,-6.800000000000002,0.1999999999999984,B,0.5625,0.6722072292984694,0.10970722929846943,B,none,False,False,False,-7,1.0,-7,-5,0.95,-41,2,0,p=1→-7; p=0→-7,p=0.05→-41; p=0.475→-11; p=0.2375→-9; p=0.11875→-5; p=0.059375→3; p=0.0296875→19; p=0.0148437→51; p=0.0148438→115
11208,9647,True,False,17,13.0,17.75,4.75,B,0.8352941176470587,0.8509869659308368,0.015692848283778038,B,none,False,False,False,13,1.0,13,32,0.05,17,1,0,p=1→13; p=0→13,p=0.95→17; p=0.00625→30.5; p=0.01875→31.5; p=0.01875→32.5; p=0.00625→33.5
11212,9651,True,False,16,14.8,14.899999999999999,0.09999999999999787,B,0.6249999999999999,0.6475455914281766,0.022545591428176692,B,none,False,False,False,58,0.2,4,86,0.1,7,0,0,p=0.2→58; p=0.8→4,p=0.9→7; p=0.1→86
11224,9663,True,False,15,12.0,2.5,-9.5,A,0.2933333333333333,0.20737192917288103,0.08596140416045225,A,none,False,False,False,12,1.0,12,69,0.05,-1,0,0,p=1→12; p=0→12,p=0.95→-1; p=0.05→69
11236,9675,True,False,16,25.48,21.0,-4.48,A,0.21250000000000005,0.28831433237138965,0.0758143323713896,A,none,False,False,False,73,0.01,25,39,0.4,9,0,-1,p=0.01→73; p=0.99→25,p=0.6→9; p=0.4→39
11248,9687,True,False,17,3.0,-4.199999999999999,-7.199999999999999,A,0.2823529411764706,0.29833456680455145,0.015981625628080864,A,none,False,False,False,3,1.0,3,99,0.2,-30,0,0,p=1→3; p=0→3,p=0.8→-30; p=0.2→99
11249,9688,True,True,15,24.0,30.8,6.800000000000001,B,0.7066666666666667,0.6895072166228609,0.017159450043805813,B,none,False,False,False,96,0.1,16,34,0.2,30,1,0,p=0.1→96; p=0.9→16,p=0.8→30; p=0.00625→31.5; p=0.03125→32.5; p=0.0625→33.5; p=0.0625→34.5; p=0.03125→35.5; p=0.00625→36.5
11257,9696,True,False,18,-4.949999999999999,-6.65,-1.700000000000001,A,0.3111111111111111,0.3236047774380573,0.012493666326946207,A,none,False,False,False,34,0.05,-7,-6,0.95,-19,1,0,p=0.05→34; p=0.95→-7,p=0.05→-19; p=0.0296875→-8.5; p=0.148438→-7.5; p=0.296875→-6.5; p=0.296875→-5.5; p=0.148438→-4.5; p=0.0296875→-3.5
11262,9701,True,False,19,29.0,28.0,-1.0,A,0.5578947368421052,0.516605212718209,0.04128952412389619,B,none,False,False,False,29,0.5,29,92,0.5,-36,2,0,p=0.5→29; p=0.5→29,p=0.5→-36; p=0.25→87; p=0.125→89; p=0.0625→93; p=0.03125→101; p=0.015625→117; p=0.015625→149
11267,9706,True,False,15,11.8,7.5,-4.300000000000001,A,0.18666666666666665,0.2941858979543725,0.10751923128770585,A,none,False,False,False,19,0.4,7,29,0.5,-14,0,0,p=0.4→19; p=0.6→7,p=0.5→-14; p=0.5→29
11269,9708,True,False,16,10.3,13.95,3.6499999999999986,B,0.375,0.5148611884255652,0.13986118842556516,A,none,False,False,False,13,0.1,10,15,0.95,-6,0,0,p=0.1→13; p=0.9→10,p=0.05→-6; p=0.95→15
11273,9712,True,False,16,-3.64,-0.6499999999999995,2.9900000000000007,B,0.8375,0.7439445491719312,0.09355545082806882,B,none,False,False,False,32,0.01,-4,44,0.05,-3,0,0,p=0.01→32; p=0.99→-4,p=0.95→-3; p=0.05→44
11286,9725,True,False,16,-7.0,-6.199999999999998,0.8000000000000016,B,0.4,0.48304892598670274,0.08304892598670272,A,none,False,False,False,17,0.5,-31,1,0.8,-35,0,0,p=0.5→17; p=0.5→-31,p=0.2→-35; p=0.8→1
11290,9729,True,False,15,20.0,14.75,-5.25,A,0.36,0.2957178769754017,0.06428212302459829,A,none,False,False,False,23,0.5,17,31,0.75,-34,0,0,p=0.5→23; p=0.5→17,p=0.25→-34; p=0.75→31
11291,9730,True,False,20,19.0,18.7,-0.3000000000000007,A,0.47,0.4952825931627817,0.025282593162781752,A,none,True,False,False,19,1.0,19,89,0.05,15,1,0,p=1→19; p=0→19,p=0.95→15; p=0.000390625→85.5; p=0.00273438→86.5; p=0.00820313→87.5; p=0.0136719→88.5; p=0.0136719→89.5; p=0.00820313→90.5; p=0.00273438→91.5; p=0.000390625→92.5
11293,9732,True,False,16,12.0,15.0,3.0,B,0.2625,0.4712471302982686,0.20874713029826858,A,none,False,False,False,12,1.0,12,50,0.5,-20,0,0,p=1→12; p=0→12,p=0.5→-20; p=0.5→50
11296,9735,True,False,18,19.0,17.6,-1.3999999999999986,A,0.38888888888888895,0.3881175856692187,0.0007713032196702274,A,none,False,False,False,19,1.0,19,22,0.8,0,0,0,p=1→19; p=0→19,p=0.2→0; p=0.8→22
11299,9738,True,False,15,-5.0,-11.849999999999998,-6.849999999999998,A,0.38666666666666666,0.4490138853117406,0.06234721864507392,A,none,False,False,False,-5,1.0,-5,29,0.05,-14,0,0,p=1→-5; p=0→-5,p=0.95→-14; p=0.05→29
11301,9740,True,False,15,2.0,17.900000000000002,15.900000000000002,B,0.7377777777777778,0.7394116172647451,0.0016338394869673811,B,none,False,False,False,2,1.0,2,22,0.9,-19,1,0,p=1→2; p=0→2,p=0.1→-19; p=0.1125→20.5; p=0.3375→21.5; p=0.3375→22.5; p=0.1125→23.5
11302,9741,True,False,16,-2.0,-2.0,0.0,tie,0.575,0.37309262683832517,0.20190737316167479,B,none,False,False,False,43,0.4,-32,-2,1.0,-2,2,0,p=0.4→43; p=0.6→-32,p=0.5→-3; p=0.5→-1
11311,9750,True,False,15,22.0,21.400000000000002,-0.5999999999999979,A,0.4933333333333334,0.39495087071995144,0.09838246261338196,A,none,True,False,False,22,1.0,22,27,0.9,-29,0,0,p=1→22; p=0→22,p=0.1→-29; p=0.9→27
11317,9756,True,False,17,22.0,22.53,0.5300000000000011,B,0.4235294117647059,0.48671346752154876,0.06318405575684288,A,none,False,False,False,22,1.0,22,23,0.99,-24,1,0,p=1→22; p=0→22,p=0.01→-24; p=0.495→22.5; p=0.495→23.5
11336,9775,True,False,19,5.0,4.800000000000002,-0.1999999999999984,A,0.6526315789473686,0.5412350836589894,0.11139649528837914,B,none,False,False,False,5,1.0,5,11,0.8,-20,1,0,p=1→5; p=0→5,p=0.2→-20; p=0.025→8.5; p=0.125→9.5; p=0.25→10.5; p=0.25→11.5; p=0.125→12.5; p=0.025→13.5
11337,9776,True,False,18,13.0,22.0,9.0,B,0.5444444444444445,0.4867534142737082,0.05769103017073629,B,none,True,False,False,13,1.0,13,42,0.75,-38,0,0,p=1→13; p=0→13,p=0.25→-38; p=0.75→42
11342,9781,True,False,18,6.0,8.1,2.0999999999999996,B,0.7,0.7266660103250487,0.026666010325048783,B,none,False,False,False,6,1.0,6,9,0.9,0,1,0,p=1→6; p=0→6,p=0.1→0; p=0.00703125→5.5; p=0.0492187→6.5; p=0.147656→7.5; p=0.246094→8.5; p=0.246094→9.5; p=0.147656→10.5; p=0.0492187→11.5; p=0.00703125→12.5
11363,9802,True,False,15,5.0,5.799999999999999,0.7999999999999989,B,0.2933333333333333,0.39215557385551286,0.09882224052217958,A,none,False,False,False,5,0.25,5,81,0.2,-13,0,0,p=0.25→5; p=0.75→5,p=0.8→-13; p=0.2→81
11364,9803,True,True,17,3.0,8.25,5.25,B,0.6000000000000001,0.6124892252591995,0.012489225259199377,B,none,False,False,False,3,1.0,3,26,0.75,-45,1,0,p=1→3; p=0→3,p=0.25→-45; p=0.375→25.5; p=0.375→26.5
11368,9807,True,False,19,-0.7999999999999998,5.3100000000000005,6.11,B,0.7789473684210527,0.7600162979346259,0.018931070486426838,B,none,False,False,False,60,0.05,-4,36,0.01,5,0,1,p=0.05→60; p=0.95→-4,p=0.99→5; p=0.01→36
11375,9814,True,True,18,-7.999999999999999,-12.639999999999999,-4.64,A,0.7666666666666668,0.5653889936360499,0.20127767303061694,B,none,False,False,False,13,0.4,-22,23,0.01,-13,1,0,p=0.4→13; p=0.6→-22,p=0.99→-13; p=0.005→22.5; p=0.005→23.5
11382,9821,True,False,16,14.0,10.6,-3.4000000000000004,A,0.4625,0.3696067537448531,0.09289324625514694,A,none,True,False,False,14,1.0,14,60,0.05,8,0,0,p=1→14; p=0→14,p=0.95→8; p=0.05→60
11389,9828,True,False,18,13.0,17.04,4.039999999999999,B,0.8111111111111112,0.8625321579919333,0.05142104688082205,B,none,False,False,False,13,1.0,13,21,0.01,17,0,0,p=1→13; p=0→13,p=0.99→17; p=0.01→21
11392,9831,True,False,17,25.0,20.6,-4.399999999999999,A,0.3176470588235295,0.38862082602883613,0.07097376720530663,A,none,False,False,False,25,1.0,25,27,0.8,-5,1,0,p=1→25; p=0→25,p=0.2→-5; p=0.00625→23.5; p=0.04375→24.5; p=0.13125→25.5; p=0.21875→26.5; p=0.21875→27.5; p=0.13125→28.5; p=0.04375→29.5; p=0.00625→30.5
11398,9837,True,False,18,-9.0,-8.950000000000001,0.049999999999998934,B,0.4444444444444444,0.5579264314677903,0.11348198702334589,A,none,False,False,False,-9,1.0,-9,-8,0.95,-27,0,0,p=1→-9; p=0→-9,p=0.05→-27; p=0.95→-8
11414,9853,True,True,18,19.0,33.0,14.0,B,0.8333333333333334,0.8738752067160075,0.04054187338267412,B,none,False,False,False,19,1.0,19,40,0.5,26,1,0,p=1→19; p=0→19,p=0.5→26; p=0.25→39.5; p=0.25→40.5
11420,9859,True,False,17,17.900000000000002,16.75,-1.1500000000000021,A,0.34117647058823536,0.2610828790196886,0.08009359156854678,A,none,False,False,False,26,0.1,17,20,0.95,-45,0,0,p=0.1→26; p=0.9→17,p=0.05→-45; p=0.95→20
11424,9863,True,False,15,22.0,21.8,-0.1999999999999993,A,0.7466666666666666,0.6401521911401652,0.1065144755265014,B,none,False,False,False,60,0.6,-35,35,0.6,2,1,0,p=0.6→60; p=0.4→-35,p=0.4→2; p=0.01875→32.5; p=0.09375→33.5; p=0.1875→34.5; p=0.1875→35.5; p=0.09375→36.5; p=0.01875→37.5
11427,9866,True,False,18,10.0,8.7,-1.3000000000000007,A,0.4111111111111112,0.475806165641557,0.06469505453044577,A,none,False,False,False,10,1.0,10,60,0.1,3,3,0,p=1→10; p=0→10,p=0.9→3; p=0.05→62; p=0.025→60; p=0.025→56
11428,9867,True,False,16,16.0,11.6,-4.4,A,0.275,0.2996316695916812,0.02463166959168117,A,none,False,False,False,16,1.0,16,23,0.05,11,0,0,p=1→16; p=0→16,p=0.95→11; p=0.05→23
11436,9875,True,False,17,-6.2,-3.5,2.7,B,0.6705882352941177,0.5975686920691072,0.07301954322501047,B,none,False,False,False,3,0.6,-20,20,0.5,-27,0,0,p=0.6→3; p=0.4→-20,p=0.5→-27; p=0.5→20
11440,9879,True,True,19,5.0,3.5,-1.5,A,0.5684210526315788,0.6292833460937858,0.06086229346220695,B,none,False,False,False,5,1.0,5,26,0.1,1,1,0,p=1→5; p=0→5,p=0.9→1; p=0.0125→24.5; p=0.0375→25.5; p=0.0375→26.5; p=0.0125→27.5
11442,9881,True,False,19,-8.0,-7.2,0.7999999999999998,B,0.6842105263157895,0.6710908653152546,0.013119661000534855,B,none,False,False,False,-8,1.0,-8,8,0.6,-30,0,0,p=1→-8; p=0→-8,p=0.4→-30; p=0.6→8
11446,9885,True,False,17,-5.0,-7.0,-2.0,A,0.5764705882352942,0.6016580998473536,0.025187511612059454,B,none,False,False,False,-5,1.0,-5,20,0.4,-25,0,0,p=1→-5; p=0→-5,p=0.6→-25; p=0.4→20
11457,9896,True,False,16,-3.3999999999999986,-18.5,-15.100000000000001,A,0.35000000000000003,0.41149518979752064,0.06149518979752061,A,none,False,False,False,63,0.2,-20,9,0.5,-46,0,0,p=0.2→63; p=0.8→-20,p=0.5→-46; p=0.5→9
11465,9904,True,False,17,15.200000000000003,8.5,-6.700000000000003,A,0.7058823529411765,0.5854388433403465,0.12044350960083006,B,strong_ev_a_humans_favor_b,False,False,False,89,0.4,-34,9,0.9,4,1,0,p=0.4→89; p=0.6→-34,p=0.1→4; p=0.1125→7.5; p=0.3375→8.5; p=0.3375→9.5; p=0.1125→10.5
11470,9909,True,False,15,28.0,20.6,-7.399999999999999,A,0.09333333333333334,0.11701191624243756,0.023678582909104226,A,none,False,False,False,28,1.0,28,23,0.6,17,0,0,p=1→28; p=0→28,p=0.4→17; p=0.6→23
11479,9918,True,False,16,-5.25,4.0,9.25,B,0.7,0.6189838847421069,0.0810161152578931,B,none,False,False,False,87,0.25,-36,29,0.5,-21,0,0,p=0.25→87; p=0.75→-36,p=0.5→-21; p=0.5→29
11488,9927,True,False,17,8.0,8.0,0.0,tie,0.5529411764705883,0.5100130192850347,0.04292815718555354,B,none,False,False,False,8,1.0,8,36,0.5,-20,1,0,p=1→8; p=0→8,p=0.5→-20; p=0.0625→34.5; p=0.1875→35.5; p=0.1875→36.5; p=0.0625→37.5
11492,9931,True,False,15,24.65,33.62,8.969999999999999,B,0.7866666666666667,0.7653260952960675,0.021340571370599193,B,none,False,False,False,26,0.95,-1,34,0.99,-4,0,-1,p=0.95→26; p=0.05→-1,p=0.01→-4; p=0.99→34
11500,9939,True,False,17,22.4,19.599999999999998,-2.8000000000000007,A,0.4117647058823529,0.5819972865495315,0.1702325806671786,A,none,False,False,False,28,0.9,-28,50,0.05,18,0,0,p=0.9→28; p=0.1→-28,p=0.95→18; p=0.05→50
11503,9942,True,False,18,3.0,-1.0000000000000009,-4.000000000000001,A,0.07777777777777778,0.09994663096270422,0.022168853184926438,A,none,False,False,False,3,1.0,3,0,0.95,-20,0,0,p=1→3; p=0→3,p=0.05→-20; p=0.95→0
11505,9944,True,False,19,19.0,20.0,1.0,B,0.6421052631578946,0.7748089984169572,0.13270373525906254,B,none,False,False,False,19,1.0,19,29,0.1,19,0,0,p=1→19; p=0→19,p=0.9→19; p=0.1→29
11509,9948,True,False,16,29.0,16.5,-12.5,A,0.30000000000000004,0.30826060633112473,0.008260606331124687,A,none,False,False,False,31,0.6,26,78,0.25,-4,2,1,p=0.6→31; p=0.4→26,p=0.75→-4; p=0.125→72; p=0.0625→74; p=0.03125→78; p=0.015625→86; p=0.0078125→102; p=0.00390625→134; p=0.00390625→198
11517,9956,True,False,16,29.25,28.0,-1.25,A,0.3625,0.41926702191848475,0.05676702191848476,A,none,False,False,False,42,0.25,25,49,0.25,21,0,0,p=0.25→42; p=0.75→25,p=0.75→21; p=0.25→49
11526,9965,True,False,15,9.0,-1.8000000000000003,-10.8,A,0.2933333333333334,0.17883651278370785,0.11449682054962554,A,none,False,False,False,9,1.0,9,19,0.2,-7,0,0,p=1→9; p=0→9,p=0.8→-7; p=0.2→19
11541,9980,True,True,15,-4.0,-8.649999999999999,-4.649999999999999,A,0.8000000000000002,0.7586623339155376,0.04133766608446254,B,none,False,False,False,-4,1.0,-4,93,0.05,-14,1,0,p=1→-4; p=0→-4,p=0.95→-14; p=0.000390625→89.5; p=0.00273438→90.5; p=0.00820313→91.5; p=0.0136719→92.5; p=0.0136719→93.5; p=0.00820313→94.5; p=0.00273438→95.5; p=0.000390625→96.5
11548,9987,True,False,15,-9.18,-17.2,-8.02,A,0.26666666666666666,0.37829619329231823,0.11162952662565157,A,none,False,False,False,72,0.01,-10,14,0.2,-25,0,1,p=0.01→72; p=0.99→-10,p=0.8→-25; p=0.2→14
11553,9992,True,False,19,-10.0,-5.8999999999999995,4.1000000000000005,B,0.9157894736842106,0.8685126493816142,0.04727682430259639,B,none,False,False,False,-10,1.0,-10,34,0.05,-8,0,0,p=1→-10; p=0→-10,p=0.95→-8; p=0.05→34
11559,9998,True,True,16,-3.2,2.6,5.800000000000001,B,0.75,0.7244768836316071,0.025523116368392884,B,none,False,False,False,36,0.2,-13,13,0.2,0,1,0,p=0.2→36; p=0.8→-13,p=0.8→0; p=0.1→12.5; p=0.1→13.5
11565,10004,True,False,18,15.0,6.2,-8.8,A,0.33333333333333337,0.33328215381473947,5.117951859390235e-05,A,none,False,False,False,15,1.0,15,44,0.1,2,1,0,p=1→15; p=0→15,p=0.9→2; p=0.05→43.5; p=0.05→44.5
11572,10011,True,False,16,-6.0,-7.9,-1.9000000000000004,A,0.6625,0.515125800188498,0.14737419981150202,B,none,False,False,False,-6,1.0,-6,20,0.1,-11,1,0,p=1→-6; p=0→-6,p=0.9→-11; p=0.05→19.5; p=0.05→20.5
11573,10012,True,True,17,-4.0,-5.75,-1.75,A,0.7176470588235294,0.6384069232032834,0.07924013562024601,B,none,False,False,False,-4,1.0,-4,37,0.25,-20,0,0,p=1→-4; p=0→-4,p=0.75→-20; p=0.25→37
11576,10015,True,False,20,16.0,21.5,5.5,B,0.46,0.5407412662603073,0.08074126626030725,A,none,True,False,False,16,1.0,16,35,0.75,-19,0,0,p=1→16; p=0→16,p=0.25→-19; p=0.75→35
11591,10030,True,False,17,18.0,6.819999999999999,-11.18,A,0.10588235294117647,0.07370393965309038,0.032178413288086086,A,none,False,False,False,18,1.0,18,7,0.99,-11,0,0,p=1→18; p=0→18,p=0.01→-11; p=0.99→7
11598,10037,True,False,18,1.75,2.0,0.25,B,0.6333333333333333,0.6078210345685973,0.02551229876473604,B,none,False,False,False,97,0.25,-30,2,1.0,2,0,0,p=0.25→97; p=0.75→-30,p=1→2
11607,10046,True,False,18,0.0,-1.31,-1.31,A,0.4,0.38483716582828964,0.015162834171710382,A,none,False,False,False,0,1.0,0,67,0.01,-2,0,0,p=1→0; p=0→0,p=0.99→-2; p=0.01→67
11634,10073,True,False,15,9.0,15.75,6.75,B,0.88,0.7597131478724457,0.1202868521275543,B,none,False,False,False,48,0.25,-4,48,0.25,5,0,0,p=0.25→48; p=0.75→-4,p=0.75→5; p=0.25→48
11635,10074,True,False,16,28.0,27.5,-0.5,A,0.5375000000000001,0.4115689872323573,0.1259310127676428,B,none,True,False,False,28,1.0,28,78,0.5,-23,0,0,p=1→28; p=0→28,p=0.5→-23; p=0.5→78
11649,10088,True,False,15,12.0,17.799999999999997,5.799999999999997,B,0.64,0.6770182408644558,0.03701824086445582,B,none,False,False,False,73,0.5,-49,51,0.6,-32,2,1,p=0.5→73; p=0.5→-49,p=0.4→-32; p=0.3→45; p=0.15→47; p=0.075→51; p=0.0375→59; p=0.01875→75; p=0.009375→107; p=0.009375→171
11655,10094,True,False,19,-6.0,-8.0,-2.0,A,0.17894736842105266,0.1467849400701302,0.03216242835092245,A,none,False,False,False,-6,1.0,-6,-8,0.8,-8,0,0,p=1→-6; p=0→-6,p=0.2→-8; p=0.8→-8
11656,10095,True,False,17,26.0,22.0,-4.0,A,0.35294117647058826,0.3588565737866747,0.005915397316086424,A,none,False,False,False,26,1.0,26,37,0.4,12,0,0,p=1→26; p=0→26,p=0.6→12; p=0.4→37
11670,10109,True,False,16,11.0,12.25,1.25,B,0.4611111111111112,0.41392511358798073,0.04718599752313046,A,none,True,False,False,11,1.0,11,76,0.25,-9,0,0,p=1→11; p=0→11,p=0.75→-9; p=0.25→76
11679,10118,True,False,16,27.25,31.799999999999997,4.549999999999997,B,0.4375,0.45164822873239785,0.01414822873239785,A,none,False,False,False,91,0.25,6,36,0.9,-6,0,0,p=0.25→91; p=0.75→6,p=0.1→-6; p=0.9→36
11685,10124,True,False,15,-9.0,-4.25,4.75,B,0.5599999999999999,0.7841470811258623,0.22414708112586235,B,none,False,False,False,-9,1.0,-9,16,0.25,-11,3,0,p=1→-9; p=0→-9,p=0.75→-11; p=0.125→17; p=0.125→15
11697,10136,True,False,18,-8.8,-8.0,0.8000000000000007,B,0.6,0.6010377643599657,0.0010377643599657205,B,none,False,False,False,11,0.01,-9,24,0.2,-16,0,0,p=0.01→11; p=0.99→-9,p=0.8→-16; p=0.2→24
11704,10143,True,False,16,-4.0,-11.799999999999999,-7.799999999999999,A,0.08750000000000001,0.1562365444468252,0.06873654444682518,A,none,False,False,False,-4,1.0,-4,-6,0.8,-35,0,0,p=1→-4; p=0→-4,p=0.2→-35; p=0.8→-6
11710,10149,True,False,16,-3.6000000000000014,-6.29,-2.6899999999999986,A,0.5375,0.3488540437711049,0.18864595622889507,B,none,True,False,False,86,0.2,-26,-6,0.99,-35,0,0,p=0.2→86; p=0.8→-26,p=0.01→-35; p=0.99→-6
11712,10151,True,False,16,23.95,19.2,-4.75,A,0.05,0.14127572635414423,0.09127572635414423,A,none,False,False,False,24,0.95,23,21,0.4,18,0,0,p=0.95→24; p=0.05→23,p=0.6→18; p=0.4→21
11719,10158,True,False,16,24.549999999999997,26.75,2.200000000000003,B,0.5625,0.6983255648311234,0.1358255648311234,B,none,False,False,False,28,0.95,-41,30,0.75,17,2,0,p=0.95→28; p=0.05→-41,p=0.25→17; p=0.375→26; p=0.1875→28; p=0.09375→32; p=0.046875→40; p=0.046875→56
11722,10161,True,False,16,30.0,39.800000000000004,9.800000000000004,B,0.7125,0.5810033893665204,0.13149661063347962,B,none,False,False,False,30,1.0,30,53,0.8,-13,1,0,p=1→30; p=0→30,p=0.2→-13; p=0.00625→49.5; p=0.04375→50.5; p=0.13125→51.5; p=0.21875→52.5; p=0.21875→53.5; p=0.13125→54.5; p=0.04375→55.5; p=0.00625→56.5
11726,10165,True,False,16,5.949999999999999,6.0,0.05000000000000071,B,0.4375000000000001,0.5322280039525082,0.09472800395250813,A,none,False,False,False,62,0.05,3,7,0.5,5,1,0,p=0.05→62; p=0.95→3,p=0.5→5; p=0.00390625→3.5; p=0.0273438→4.5; p=0.0820312→5.5; p=0.136719→6.5; p=0.136719→7.5; p=0.0820312→8.5; p=0.0273438→9.5; p=0.00390625→10.5
11738,10177,True,False,16,3.0,3.0,0.0,tie,0.6625,0.48931438929484905,0.17318561070515093,B,none,False,False,False,11,0.2,1,3,1.0,3,2,0,p=0.2→11; p=0.8→1,p=0.5→2; p=0.5→4
11743,10182,True,False,16,-7.6,3.1500000000000004,10.75,B,0.8500000000000001,0.8405104849871756,0.009489515012824468,B,none,False,False,False,23,0.1,-11,44,0.05,1,1,0,p=0.1→23; p=0.9→-11,p=0.95→1; p=0.00625→42.5; p=0.01875→43.5; p=0.01875→44.5; p=0.00625→45.5
11755,10194,True,False,16,27.0,32.5,5.5,B,0.4625,0.528755037302582,0.06625503730258198,A,none,True,False,False,27,1.0,27,87,0.5,-22,1,0,p=1→27; p=0→27,p=0.5→-22; p=0.0625→85.5; p=0.1875→86.5; p=0.1875→87.5; p=0.0625→88.5
11756,10195,True,False,15,-0.24999999999999956,-4.749999999999999,-4.5,A,0.13333333333333333,0.22138100499126337,0.08804767165793004,A,none,False,False,False,71,0.05,-4,38,0.05,-7,0,0,p=0.05→71; p=0.95→-4,p=0.95→-7; p=0.05→38
11763,10202,True,False,15,6.9,1.8,-5.1000000000000005,A,0.2,0.23028139779013496,0.030281397790134945,A,none,False,False,False,24,0.1,5,55,0.05,-1,0,1,p=0.1→24; p=0.9→5,p=0.95→-1; p=0.05→55
11764,10203,True,False,15,-4.0,-1.0,3.0,B,0.52,0.5987834303692214,0.07878343036922142,B,none,True,False,False,-4,1.0,-4,59,0.2,-16,0,0,p=1→-4; p=0→-4,p=0.8→-16; p=0.2→59
11774,10213,True,False,15,19.0,19.49,0.48999999999999844,B,0.6666666666666665,0.7998388015900281,0.13317213492336155,B,none,False,False,False,19,1.0,19,68,0.01,19,0,0,p=1→19; p=0→19,p=0.99→19; p=0.01→68
11778,10217,True,False,15,7.800000000000001,13.3,5.5,B,0.9066666666666666,0.8399215099177352,0.06674515674893144,B,none,False,False,False,11,0.8,-5,25,0.1,12,1,0,p=0.8→11; p=0.2→-5,p=0.9→12; p=0.0125→23.5; p=0.0375→24.5; p=0.0375→25.5; p=0.0125→26.5
11787,10226,True,True,15,-6.0,-8.8,-2.8000000000000007,A,0.6533333333333332,0.6116844591966489,0.04164887413668428,B,none,False,False,False,-6,1.0,-6,35,0.4,-38,0,0,p=1→-6; p=0→-6,p=0.6→-38; p=0.4→35
11791,10230,True,False,16,29.349999999999998,32.5,3.150000000000002,B,0.9000000000000001,0.742551906193474,0.15744809380652613,B,none,False,False,False,30,0.99,-35,33,0.95,23,0,0,p=0.99→30; p=0.01→-35,p=0.05→23; p=0.95→33
11793,10232,True,False,16,14.0,14.5,0.5,B,0.4375,0.5790039844339467,0.14150398443394674,A,none,False,False,False,14,0.8,14,25,0.25,11,1,0,p=0.8→14; p=0.2→14,p=0.75→11; p=0.0078125→22.5; p=0.0390625→23.5; p=0.078125→24.5; p=0.078125→25.5; p=0.0390625→26.5; p=0.0078125→27.5
11794,10233,True,False,16,-10.0,-7.8999999999999995,2.1000000000000005,B,0.5875,0.6857795385169615,0.09827953851696147,B,none,False,False,False,-10,1.0,-10,56,0.1,-15,3,0,p=1→-10; p=0→-10,p=0.9→-15; p=0.05→58; p=0.025→56; p=0.025→52
11796,10235,True,False,16,25.0,28.099999999999998,3.099999999999998,B,0.6875,0.6981338578950437,0.010633857895043675,B,none,False,False,False,25,1.0,25,29,0.95,11,0,0,p=1→25; p=0→25,p=0.05→11; p=0.95→29
11812,10251,True,False,16,19.200000000000003,20.6,1.3999999999999986,B,0.5999999999999999,0.6068819383117638,0.00688193831176398,B,none,False,False,False,28,0.6,6,26,0.1,20,0,0,p=0.6→28; p=0.4→6,p=0.9→20; p=0.1→26
11820,10259,True,True,16,15.0,1.7999999999999998,-13.2,A,0.125,0.13974408611687822,0.014744086116878219,A,none,False,False,False,15,1.0,15,13,0.6,-15,1,0,p=1→15; p=0→15,p=0.4→-15; p=0.3→12.5; p=0.3→13.5
11828,10267,True,False,16,-1.0,1.799999999999999,2.799999999999999,B,0.6499999999999999,0.6743101054554889,0.02431010545548895,B,none,False,False,False,-1,1.0,-1,11,0.6,-12,0,0,p=1→-1; p=0→-1,p=0.4→-12; p=0.6→11
11847,10286,True,False,15,28.0,36.9,8.899999999999999,B,0.76,0.8426495685250553,0.08264956852505534,B,none,False,False,False,28,1.0,28,54,0.1,35,0,0,p=1→28; p=0→28,p=0.9→35; p=0.1→54
11852,10291,True,False,15,18.0,25.45,7.449999999999999,B,0.9066666666666666,0.8530002305249437,0.05366643614172295,B,none,False,False,False,18,1.0,18,70,0.01,25,2,0,p=1→18; p=0→18,p=0.99→25; p=0.005→64; p=0.0025→66; p=0.00125→70; p=0.000625→78; p=0.0003125→94; p=0.00015625→126; p=0.00015625→190
11853,10292,True,True,15,29.0,34.5,5.5,B,0.6342857142857142,0.6546205961988363,0.02033488191312205,B,none,False,False,False,64,0.5,-6,37,0.5,32,0,0,p=0.5→64; p=0.5→-6,p=0.5→32; p=0.5→37
11854,10293,True,False,15,10.65,11.5,0.8499999999999996,B,0.4933333333333334,0.47158543497265226,0.02174789836068114,A,none,True,False,False,23,0.05,10,52,0.5,-29,1,0,p=0.05→23; p=0.95→10,p=0.5→-29; p=0.00390625→48.5; p=0.0273438→49.5; p=0.0820312→50.5; p=0.136719→51.5; p=0.136719→52.5; p=0.0820312→53.5; p=0.0273438→54.5; p=0.00390625→55.5
11873,10312,True,False,15,8.8,13.1,4.299999999999999,B,0.56,0.6512418228432952,0.09124182284329518,B,none,False,False,False,40,0.4,-12,15,0.9,-4,1,0,p=0.4→40; p=0.6→-12,p=0.1→-4; p=0.028125→12.5; p=0.140625→13.5; p=0.28125→14.5; p=0.28125→15.5; p=0.140625→16.5; p=0.028125→17.5
11877,10316,True,False,15,9.0,9.5,0.5,B,0.5466666666666666,0.5644445688054008,0.017777902138734203,B,none,True,False,False,9,1.0,9,31,0.5,-12,1,0,p=1→9; p=0→9,p=0.5→-12; p=0.00390625→27.5; p=0.0273438→28.5; p=0.0820312→29.5; p=0.136719→30.5; p=0.136719→31.5; p=0.0820312→32.5; p=0.0273438→33.5; p=0.00390625→34.5
11889,10328,True,False,16,16.0,16.45,0.4499999999999993,B,0.4375000000000001,0.3676452366463467,0.06985476335365343,A,none,False,False,False,32,0.5,0,19,0.95,-32,0,-1,p=0.5→32; p=0.5→0,p=0.05→-32; p=0.95→19
11897,10336,True,False,16,-3.0,-15.0,-12.0,A,0.0625,0.14794490700780122,0.08544490700780122,A,none,False,False,False,1,0.2,-4,-12,0.8,-27,3,0,p=0.2→1; p=0.8→-4,p=0.2→-27; p=0.4→-8; p=0.2→-10; p=0.1→-14; p=0.05→-22; p=0.05→-38
11910,10349,True,False,16,3.0,-3.1999999999999993,-6.199999999999999,A,0.275,0.29087034741415596,0.01587034741415594,A,none,False,False,False,3,1.0,3,16,0.4,-16,0,0,p=1→3; p=0→3,p=0.6→-16; p=0.4→16
11918,10357,True,False,16,14.0,23.25,9.25,B,0.9125,0.8320475114324344,0.0804524885675656,B,none,False,False,False,14,1.0,14,24,0.75,21,0,0,p=1→14; p=0→14,p=0.25→21; p=0.75→24
11930,10369,True,False,16,14.200000000000006,15.24,1.0399999999999938,B,0.6375,0.6462590939781454,0.008759093978145449,B,none,False,False,False,82,0.4,-31,39,0.01,15,0,0,p=0.4→82; p=0.6→-31,p=0.99→15; p=0.01→39
11932,10371,True,False,17,5.0,1.25,-3.75,A,0.2,0.3223012017888267,0.1223012017888267,A,none,False,False,False,5,1.0,5,65,0.25,-20,0,0,p=1→5; p=0→5,p=0.75→-20; p=0.25→65
11935,10374,True,False,17,18.0,17.5,-0.5,A,0.4117647058823529,0.4701949980281776,0.05843029214582468,A,none,False,False,False,18,1.0,18,31,0.25,13,3,0,p=1→18; p=0→18,p=0.75→13; p=0.125→36; p=0.0625→34; p=0.03125→30; p=0.015625→22; p=0.0078125→6; p=0.0078125→-26
11947,10386,True,False,17,-2.8699999999999997,0.5999999999999996,3.4699999999999993,B,0.8823529411764707,0.7140666282434903,0.16828631293298035,B,none,False,False,False,10,0.01,-3,5,0.6,-6,1,-1,p=0.01→10; p=0.99→-3,p=0.4→-6; p=0.3→4.5; p=0.3→5.5
11948,10387,True,False,16,6.0,10.600000000000001,4.600000000000001,B,0.925,0.8499349012894108,0.0750650987105892,B,none,False,False,False,6,1.0,6,16,0.4,7,1,0,p=1→6; p=0→6,p=0.6→7; p=0.0125→13.5; p=0.0625→14.5; p=0.125→15.5; p=0.125→16.5; p=0.0625→17.5; p=0.0125→18.5
11951,10390,True,False,16,27.0,30.6,3.6000000000000014,B,0.825,0.8036283193927224,0.021371680607277566,B,none,False,False,False,27,1.0,27,54,0.1,28,0,0,p=1→27; p=0→27,p=0.9→28; p=0.1→54
11955,10394,True,False,16,4.0,2.25,-1.75,A,0.75,0.5306004916681387,0.21939950833186128,B,none,False,False,False,28,0.5,-20,9,0.75,-18,1,0,p=0.5→28; p=0.5→-20,p=0.25→-18; p=0.09375→7.5; p=0.28125→8.5; p=0.28125→9.5; p=0.09375→10.5
11957,10396,True,True,16,11.0,16.200000000000003,5.200000000000003,B,0.5375000000000001,0.4934222130369428,0.04407778696305731,B,none,True,False,False,11,1.0,11,51,0.4,-7,0,0,p=1→11; p=0→11,p=0.6→-7; p=0.4→51
11965,10404,True,False,15,-7.0,-14.0,-7.0,A,0.30666666666666664,0.4263139423202511,0.11964727565358446,A,none,False,False,False,56,0.25,-28,61,0.25,-39,1,0,p=0.25→56; p=0.75→-28,p=0.75→-39; p=0.03125→59.5; p=0.09375→60.5; p=0.09375→61.5; p=0.03125→62.5
11970,10409,True,False,15,17.0,15.700000000000001,-1.299999999999999,A,0.28,0.32779680244835885,0.04779680244835882,A,none,False,False,False,17,1.0,17,17,0.9,4,1,0,p=1→17; p=0→17,p=0.1→4; p=0.1125→15.5; p=0.3375→16.5; p=0.3375→17.5; p=0.1125→18.5
11973,10412,True,False,15,20.0,18.200000000000003,-1.7999999999999972,A,0.48,0.35071570626544846,0.12928429373455153,A,none,True,False,False,20,0.8,20,56,0.4,-7,0,0,p=0.8→20; p=0.2→20,p=0.6→-7; p=0.4→56
11993,10432,True,True,16,2.200000000000003,-4.15,-6.350000000000003,A,0.775,0.5310192742361916,0.24398072576380847,B,strong_ev_a_humans_favor_b,False,False,True,79,0.4,-49,80,0.01,-5,0,0,p=0.4→79; p=0.6→-49,p=0.99→-5; p=0.01→80
11995,10434,True,False,16,23.0,31.800000000000004,8.800000000000004,B,0.7375,0.792249491889473,0.05474949188947298,B,none,False,False,False,27,0.2,22,51,0.2,27,0,0,p=0.2→27; p=0.8→22,p=0.8→27; p=0.2→51
11996,10435,True,False,16,24.0,24.9,0.8999999999999986,B,0.3250000000000001,0.4909078460489251,0.165907846048925,A,none,False,False,False,27,0.75,15,26,0.95,4,0,1,p=0.75→27; p=0.25→15,p=0.05→4; p=0.95→26
11998,10437,True,False,16,12.4,15.25,2.8499999999999996,B,0.7875,0.7431504520344457,0.04434954796555424,B,none,False,False,False,16,0.9,-20,25,0.25,12,3,0,p=0.9→16; p=0.1→-20,p=0.75→12; p=0.125→26; p=0.125→24
11999,10438,True,False,16,25.0,23.0,-2.0,A,0.6,0.36358234003058987,0.2364176599694101,B,none,False,False,False,49,0.2,19,28,0.75,8,0,0,p=0.2→49; p=0.8→19,p=0.25→8; p=0.75→28
12014,10453,True,False,16,-10.0,-10.400000000000002,-0.40000000000000213,A,0.7,0.6425014629973396,0.05749853700266039,B,none,False,False,False,-10,1.0,-10,8,0.6,-38,1,0,p=1→-10; p=0→-10,p=0.4→-38; p=0.3→7.5; p=0.3→8.5
12015,10454,True,False,16,9.8,16.5,6.699999999999999,B,0.7125000000000001,0.7630525134813483,0.05055251348134815,B,none,False,False,False,10,0.95,6,29,0.5,4,1,0,p=0.95→10; p=0.05→6,p=0.5→4; p=0.015625→26.5; p=0.078125→27.5; p=0.15625→28.5; p=0.15625→29.5; p=0.078125→30.5; p=0.015625→31.5
12016,10455,True,False,16,-6.75,-6.9,-0.15000000000000036,A,0.5875,0.5614910795039474,0.026008920496052634,B,none,False,False,False,-3,0.25,-8,3,0.1,-8,1,0,p=0.25→-3; p=0.75→-8,p=0.9→-8; p=0.00078125→-0.5; p=0.00546875→0.5; p=0.0164063→1.5; p=0.0273438→2.5; p=0.0273438→3.5; p=0.0164063→4.5; p=0.00546875→5.5; p=0.00078125→6.5
12018,10457,True,False,16,26.0,28.7,2.6999999999999993,B,0.925,0.8165572293518786,0.10844277064812147,B,none,False,False,False,26,1.0,26,61,0.05,27,2,0,p=1→26; p=0→26,p=0.95→27; p=0.025→56; p=0.0125→58; p=0.00625→62; p=0.003125→70; p=0.0015625→86; p=0.0015625→118
12025,10464,True,False,16,0.6000000000000001,1.0,0.3999999999999999,B,0.5499999999999999,0.6291783321263225,0.07917833212632253,B,none,True,False,False,42,0.1,-4,1,1.0,1,0,0,p=0.1→42; p=0.9→-4,p=1→1
12037,10476,True,True,16,23.4,19.650000000000002,-3.7499999999999964,A,0.3500000000000001,0.37921077865170394,0.02921077865170385,A,none,False,False,False,72,0.1,18,20,0.99,-15,1,-1,p=0.1→72; p=0.9→18,p=0.01→-15; p=0.0309375→17.5; p=0.154688→18.5; p=0.309375→19.5; p=0.309375→20.5; p=0.154688→21.5; p=0.0309375→22.5
12038,10477,True,False,16,9.0,8.200000000000001,-0.7999999999999989,A,0.5624999999999999,0.3896150610959551,0.17288493890404477,B,none,False,False,False,9,1.0,9,49,0.2,-2,1,0,p=1→9; p=0→9,p=0.8→-2; p=0.0015625→45.5; p=0.0109375→46.5; p=0.0328125→47.5; p=0.0546875→48.5; p=0.0546875→49.5; p=0.0328125→50.5; p=0.0109375→51.5; p=0.0015625→52.5
12045,10484,True,False,16,25.8,18.2,-7.600000000000001,A,0.175,0.27547590770753627,0.10047590770753628,A,none,False,False,False,36,0.4,19,20,0.1,18,1,0,p=0.4→36; p=0.6→19,p=0.9→18; p=0.0125→18.5; p=0.0375→19.5; p=0.0375→20.5; p=0.0125→21.5
12047,10486,True,False,16,22.0,26.8,4.800000000000001,B,0.75,0.6969594887165429,0.053040511283457104,B,none,False,False,False,22,1.0,22,32,0.8,6,1,0,p=1→22; p=0→22,p=0.2→6; p=0.025→29.5; p=0.125→30.5; p=0.25→31.5; p=0.25→32.5; p=0.125→33.5; p=0.025→34.5
12048,10487,True,False,16,29.0,29.0,0.0,tie,0.6749999999999999,0.603346421876089,0.07165357812391093,B,none,False,False,False,60,0.5,-2,29,1.0,29,1,0,p=0.5→60; p=0.5→-2,p=0.5→28.5; p=0.5→29.5
12057,10496,True,False,16,-2.1999999999999993,5.7299999999999995,7.929999999999999,B,0.6000000000000001,0.6944996434896226,0.09449964348962248,B,none,False,False,False,101,0.2,-28,6,0.99,-21,0,1,p=0.2→101; p=0.8→-28,p=0.01→-21; p=0.99→6
12058,10497,True,False,16,16.0,19.1,3.1000000000000014,B,0.825,0.6673761386248961,0.15762386137510387,B,none,False,False,False,16,1.0,16,20,0.9,11,2,0,p=1→16; p=0→16,p=0.1→11; p=0.45→16; p=0.225→18; p=0.1125→22; p=0.05625→30; p=0.05625→46
12067,10506,True,False,16,5.0,-0.5999999999999996,-5.6,A,0.4625,0.3050220766158265,0.15747792338417355,A,none,True,False,False,5,1.0,5,21,0.4,-15,0,0,p=1→5; p=0→5,p=0.6→-15; p=0.4→21
12071,10510,True,False,16,27.0,20.000000000000004,-6.9999999999999964,A,0.4625,0.30110039748598394,0.16139960251401608,A,none,True,False,False,79,0.2,14,37,0.8,-48,3,-1,p=0.2→79; p=0.8→14,p=0.2→-48; p=0.4→42; p=0.2→40; p=0.1→36; p=0.05→28; p=0.025→12; p=0.025→-20
12091,10530,True,False,16,2.84,-5.3999999999999995,-8.239999999999998,A,0.1625,0.19806093448227047,0.03556093448227046,A,none,False,False,False,3,0.99,-13,27,0.1,-9,0,0,p=0.99→3; p=0.01→-13,p=0.9→-9; p=0.1→27
12092,10531,True,False,16,14.0,12.75,-1.25,A,0.2625,0.30739745273102015,0.04489745273102014,A,none,False,False,False,14,1.0,14,15,0.25,12,0,0,p=1→14; p=0→14,p=0.75→12; p=0.25→15
12114,10553,True,True,16,-8.0,-9.25,-1.25,A,0.5875,0.7085794992924148,0.1210794992924148,B,none,False,False,False,-8,1.0,-8,62,0.05,-13,0,0,p=1→-8; p=0→-8,p=0.95→-13; p=0.05→62
12115,10554,True,False,16,18.0,17.8,-0.1999999999999993,A,0.6375000000000001,0.4647449422863805,0.17275505771361954,B,none,False,False,False,18,1.0,18,21,0.6,13,1,0,p=1→18; p=0→18,p=0.4→13; p=0.01875→18.5; p=0.09375→19.5; p=0.1875→20.5; p=0.1875→21.5; p=0.09375→22.5; p=0.01875→23.5
12119,10558,True,False,16,-6.25,2.1999999999999997,8.45,B,0.75,0.7771360931980084,0.02713609319800836,B,none,False,False,False,11,0.25,-12,3,0.6,1,0,0,p=0.25→11; p=0.75→-12,p=0.4→1; p=0.6→3
12122,10561,True,False,16,16.0,13.6,-2.4000000000000004,A,0.425,0.4200299944765127,0.004970005523487309,A,none,False,False,False,16,1.0,16,63,0.05,11,0,0,p=1→16; p=0→16,p=0.95→11; p=0.05→63
12126,10565,True,False,17,-9.2,-5.949999999999999,3.25,B,0.5411764705882353,0.574807055911623,0.033630585323387696,B,none,True,False,False,4,0.4,-18,52,0.05,-9,0,0,p=0.4→4; p=0.6→-18,p=0.95→-9; p=0.05→52
12130,10569,True,False,17,23.0,18.4,-4.600000000000001,A,0.25882352941176473,0.31594105531452765,0.05711752590276292,A,none,False,False,False,23,1.0,23,26,0.05,18,3,0,p=1→23; p=0→23,p=0.95→18; p=0.025→28; p=0.0125→26; p=0.0125→22
12143,10582,True,True,15,26.0,20.3,-5.699999999999999,A,0.38666666666666666,0.5891920440939362,0.20252537742726956,A,none,False,False,False,26,1.0,26,77,0.1,14,0,0,p=1→26; p=0→26,p=0.9→14; p=0.1→77
12154,10593,True,False,15,17.25,21.6,4.350000000000001,B,0.7599999999999999,0.6705820852267459,0.089417914773254,B,none,False,False,False,69,0.25,0,60,0.2,12,0,0,p=0.25→69; p=0.75→0,p=0.8→12; p=0.2→60
12163,10602,True,True,17,17.0,24.6,7.600000000000001,B,0.8,0.6846487501455542,0.11535124985444589,B,none,False,False,False,17,1.0,17,37,0.6,6,2,0,p=1→17; p=0→17,p=0.4→6; p=0.3→32; p=0.15→34; p=0.075→38; p=0.0375→46; p=0.01875→62; p=0.01875→94
12165,10604,True,False,17,3.0,-5.5,-8.5,A,0.3815126050420168,0.2884486498633134,0.09306395517870336,A,none,False,False,False,3,1.0,3,13,0.5,-24,0,0,p=1→3; p=0→3,p=0.5→-24; p=0.5→13
12174,10613,True,False,16,-4.0,-4.0,0.0,tie,0.5750000000000001,0.619460540390344,0.04446054039034397,B,none,False,False,False,-4,1.0,-4,-4,1.0,-4,2,0,p=1→-4; p=0→-4,p=0.5→-9; p=0.25→-7; p=0.125→-3; p=0.0625→5; p=0.03125→21; p=0.03125→53
12184,10623,True,False,16,2.0,8.200000000000001,6.200000000000001,B,0.35000000000000003,0.4687882946527529,0.11878829465275287,A,strong_ev_b_humans_favor_a,False,False,False,2,1.0,2,97,0.2,-14,0,0,p=1→2; p=0→2,p=0.8→-14; p=0.2→97
12186,10625,True,False,16,9.0,5.89,-3.1100000000000003,A,0.2125,0.1469507231253412,0.06554927687465881,A,none,False,False,False,9,1.0,9,6,0.99,-5,1,0,p=1→9; p=0→9,p=0.01→-5; p=0.495→5.5; p=0.495→6.5
12196,10635,True,False,16,30.0,32.6,2.6000000000000014,B,0.6458333333333333,0.5730911479866987,0.07274218534663457,B,none,False,False,False,30,1.0,30,71,0.2,23,0,0,p=1→30; p=0→30,p=0.8→23; p=0.2→71
12197,10636,True,False,16,13.0,5.15,-7.85,A,0.2375,0.17748885211604437,0.06001114788395562,A,none,False,False,False,13,1.0,13,20,0.01,5,0,0,p=1→13; p=0→13,p=0.99→5; p=0.01→20
12201,10640,True,False,16,2.0,5.5,3.5,B,0.4125,0.4929319930176997,0.08043199301769971,A,none,False,False,False,2,1.0,2,73,0.25,-17,1,0,p=1→2; p=0→2,p=0.75→-17; p=0.0078125→70.5; p=0.0390625→71.5; p=0.078125→72.5; p=0.078125→73.5; p=0.0390625→74.5; p=0.0078125→75.5
12202,10641,True,False,16,-2.0,3.2199999999999998,5.22,B,0.8875000000000002,0.9171301775815229,0.029630177581522754,B,none,False,False,False,-2,1.0,-2,25,0.01,3,0,0,p=1→-2; p=0→-2,p=0.99→3; p=0.01→25
12204,10643,True,False,16,3.2,1.5,-1.7000000000000002,A,0.45,0.4305968626230131,0.0194031373769869,A,none,True,False,False,5,0.4,2,36,0.5,-33,1,0,p=0.4→5; p=0.6→2,p=0.5→-33; p=0.0625→34.5; p=0.1875→35.5; p=0.1875→36.5; p=0.0625→37.5
12215,10654,True,True,16,13.000000000000002,16.7,3.6999999999999975,B,0.725,0.6966362858666679,0.028363714133332052,B,none,False,False,False,73,0.2,-2,18,0.9,5,1,0,p=0.2→73; p=0.8→-2,p=0.1→5; p=0.45→17.5; p=0.45→18.5
12219,10658,True,True,16,29.0,31.75,2.75,B,0.7125,0.621032126091665,0.091467873908335,B,none,False,False,False,29,0.1,29,64,0.25,21,1,0,p=0.1→29; p=0.9→29,p=0.75→21; p=0.0078125→61.5; p=0.0390625→62.5; p=0.078125→63.5; p=0.078125→64.5; p=0.0390625→65.5; p=0.0078125→66.5
12220,10659,True,True,16,29.0,21.8,-7.199999999999999,A,0.475,0.5030569788186512,0.028056978818651213,A,none,True,False,False,29,1.0,29,49,0.2,15,2,0,p=1→29; p=0→29,p=0.8→15; p=0.1→48; p=0.1→50
12221,10660,True,False,16,27.200000000000003,32.0,4.799999999999997,B,0.7392857142857142,0.7019007431248235,0.03738497116089068,B,none,False,False,False,83,0.4,-10,56,0.2,26,0,0,p=0.4→83; p=0.6→-10,p=0.8→26; p=0.2→56
12223,10662,True,False,16,14.0,6.799999999999999,-7.200000000000001,A,0.3125,0.3609615117541399,0.048461511754139874,A,none,False,False,False,14,1.0,14,30,0.6,-28,0,0,p=1→14; p=0→14,p=0.4→-28; p=0.6→30
12228,10667,True,True,16,20.0,27.1,7.100000000000001,B,0.6,0.7208854420997034,0.12088544209970342,B,none,False,False,False,74,0.5,-34,64,0.1,23,2,1,p=0.5→74; p=0.5→-34,p=0.9→23; p=0.05→59; p=0.025→61; p=0.0125→65; p=0.00625→73; p=0.003125→89; p=0.003125→121
12236,10675,True,True,15,12.0,10.6,-1.4000000000000004,A,0.32,0.3149080772384705,0.005091922761529533,A,none,False,False,False,12,1.0,12,15,0.8,-7,0,0,p=1→12; p=0→12,p=0.2→-7; p=0.8→15
12241,10680,True,False,15,28.200000000000003,31.0,2.799999999999997,B,0.499607843137255,0.5931228447333441,0.09351500159608911,A,none,True,False,False,42,0.4,19,33,0.6,28,0,1,p=0.4→42; p=0.6→19,p=0.4→28; p=0.6→33
12242,10681,True,False,15,30.169999999999998,34.449999999999996,4.279999999999998,B,0.7466666666666666,0.6396741088624441,0.10699255780422245,B,none,False,False,False,47,0.01,30,36,0.95,5,0,0,p=0.01→47; p=0.99→30,p=0.05→5; p=0.95→36
12243,10682,True,False,15,-4.6499999999999995,-3.41,1.2399999999999993,B,0.5866666666666666,0.5051720960907491,0.08149457057591747,B,none,False,False,False,97,0.05,-10,-3,0.99,-44,1,0,p=0.05→97; p=0.95→-10,p=0.01→-44; p=0.0309375→-5.5; p=0.154688→-4.5; p=0.309375→-3.5; p=0.309375→-2.5; p=0.154688→-1.5; p=0.0309375→-0.5
12254,10693,True,False,15,5.0,1.25,-3.75,A,0.3066666666666667,0.3127679016875257,0.006101235020859019,A,none,False,False,False,5,1.0,5,32,0.25,-9,0,0,p=1→5; p=0→5,p=0.75→-9; p=0.25→32
12256,10695,True,True,15,21.0,21.6,0.6000000000000014,B,0.76,0.6017508784075741,0.15824912159242588,B,none,False,False,False,21,1.0,21,28,0.2,20,0,0,p=1→21; p=0→21,p=0.8→20; p=0.2→28
12258,10697,True,False,15,19.0,17.0,-2.0,A,0.5400000000000001,0.40020812155932606,0.1397918784406741,B,none,True,False,False,19,1.0,19,45,0.5,-11,0,0,p=1→19; p=0→19,p=0.5→-11; p=0.5→45
12276,10715,True,False,16,15.0,20.0,5.0,B,0.7374999999999999,0.5831484157240385,0.1543515842759614,B,none,False,False,False,15,1.0,15,65,0.25,5,0,0,p=1→15; p=0→15,p=0.75→5; p=0.25→65
12284,10723,True,False,16,-9.0,-14.4,-5.4,A,0.1125,0.1295610465569163,0.0170610465569163,A,none,False,False,False,-9,1.0,-9,-12,0.4,-16,1,0,p=1→-9; p=0→-9,p=0.6→-16; p=0.05→-13.5; p=0.15→-12.5; p=0.15→-11.5; p=0.05→-10.5
12300,10739,True,False,17,-4.0,-7.149999999999999,-3.1499999999999986,A,0.2352941176470588,0.3980061036878876,0.1627119860408288,A,none,False,False,False,27,0.5,-35,28,0.05,-9,0,-1,p=0.5→27; p=0.5→-35,p=0.95→-9; p=0.05→28
12305,10744,True,False,17,-4.0,1.35,5.35,B,1.0,0.9186832186251301,0.08131678137486986,B,none,False,False,False,-4,1.0,-4,36,0.01,1,3,0,p=1→-4; p=0→-4,p=0.99→1; p=0.005→38; p=0.0025→36; p=0.0025→32
12307,10746,True,False,17,10.0,3.45,-6.55,A,0.27058823529411763,0.36754949952113775,0.09696126422702012,A,none,False,False,False,10,1.0,10,69,0.05,0,1,0,p=1→10; p=0→10,p=0.95→0; p=0.00625→67.5; p=0.01875→68.5; p=0.01875→69.5; p=0.00625→70.5
12311,10750,True,True,17,15.8,13.33,-2.4700000000000006,A,0.8235294117647058,0.6359159060812497,0.18761350568345614,B,none,False,False,False,44,0.4,-3,46,0.01,13,1,0,p=0.4→44; p=0.6→-3,p=0.99→13; p=7.8125e-05→42.5; p=0.000546875→43.5; p=0.00164062→44.5; p=0.00273438→45.5; p=0.00273438→46.5; p=0.00164062→47.5; p=0.000546875→48.5; p=7.8125e-05→49.5
12313,10752,True,False,17,-4.999999999999999,4.0,9.0,B,0.5424836601307189,0.6171767398947153,0.07469307976399642,B,none,True,False,False,76,0.1,-14,27,0.5,-19,0,1,p=0.1→76; p=0.9→-14,p=0.5→-19; p=0.5→27
12314,10753,True,True,17,-5.0,3.3,8.3,B,0.9529411764705884,0.9366110483062164,0.01633012816437196,B,none,False,False,False,-5,1.0,-5,28,0.05,2,1,0,p=1→-5; p=0→-5,p=0.95→2; p=0.025→27.5; p=0.025→28.5
12319,10758,True,False,15,-4.0,-1.75,2.25,B,0.4933333333333333,0.6392171826634656,0.14588384933013232,A,none,True,False,False,-4,1.0,-4,35,0.25,-14,0,0,p=1→-4; p=0→-4,p=0.75→-14; p=0.25→35
12335,10774,True,False,15,24.0,21.0,-3.0,A,0.24000000000000005,0.3168699176256091,0.07686991762560907,A,none,False,False,False,24,1.0,24,27,0.5,15,0,0,p=1→24; p=0→24,p=0.5→15; p=0.5→27
12337,10776,True,True,15,-8.000000000000002,-7.6,0.40000000000000213,B,0.4000000000000001,0.5624380707880211,0.16243807078802103,A,none,False,False,False,-6,0.95,-46,-7,0.9,-13,0,0,p=0.95→-6; p=0.05→-46,p=0.1→-13; p=0.9→-7
12338,10777,True,False,15,27.0,17.61,-9.39,A,0.07407407407407406,0.11477197007616549,0.040697896002091435,A,none,False,False,False,27,1.0,27,18,0.99,-21,1,0,p=1→27; p=0→27,p=0.01→-21; p=0.12375→16.5; p=0.37125→17.5; p=0.37125→18.5; p=0.12375→19.5
12339,10778,True,False,15,26.0,27.0,1.0,B,0.5866666666666666,0.5529956982849815,0.03367096838168504,B,none,False,False,False,26,1.0,26,42,0.25,22,0,0,p=1→26; p=0→26,p=0.75→22; p=0.25→42
12340,10779,True,False,15,8.0,11.5,3.5,B,0.6533333333333334,0.6292465411163741,0.024086792216959307,B,none,False,False,False,8,1.0,8,16,0.25,10,3,0,p=1→8; p=0→8,p=0.75→10; p=0.125→21; p=0.0625→19; p=0.03125→15; p=0.015625→7; p=0.0078125→-9; p=0.0078125→-41
12345,10784,True,True,15,12.1,9.2,-2.9000000000000004,A,0.13333333333333333,0.24626527514361934,0.11293194181028601,A,none,False,False,False,33,0.05,11,10,0.6,8,1,0,p=0.05→33; p=0.95→11,p=0.4→8; p=0.3→9.5; p=0.3→10.5
12346,10785,True,True,15,21.0,21.0,0.0,tie,0.6666666666666666,0.6157156112789225,0.05095105538774414,B,none,False,False,False,51,0.5,-9,21,1.0,21,2,0,p=0.5→51; p=0.5→-9,p=0.5→20; p=0.5→22
12349,10788,True,False,18,13.0,15.3,2.3000000000000007,B,0.3555555555555556,0.5489231206261838,0.19336756507062813,A,none,False,False,False,13,1.0,13,81,0.1,8,0,0,p=1→13; p=0→13,p=0.9→8; p=0.1→81
12351,10790,True,False,18,7.0,6.749999999999999,-0.2500000000000009,A,0.5777777777777778,0.5338142891202832,0.043963488657494665,B,none,False,False,False,40,0.25,-4,8,0.95,-17,1,0,p=0.25→40; p=0.75→-4,p=0.05→-17; p=0.475→7.5; p=0.475→8.5
12354,10793,True,False,18,19.0,21.700000000000003,2.700000000000003,B,0.7654320987654323,0.6062827977845844,0.1591493009808479,B,none,False,False,False,19,1.0,19,24,0.9,1,2,0,p=1→19; p=0→19,p=0.1→1; p=0.45→23; p=0.45→25
12355,10794,True,False,18,30.0,28.8,-1.1999999999999993,A,0.4888888888888889,0.4451471056127435,0.04374178327614536,A,none,True,False,False,30,1.0,30,64,0.2,20,0,0,p=1→30; p=0→30,p=0.8→20; p=0.2→64
12359,10798,True,False,18,-9.0,-9.799999999999999,-0.7999999999999989,A,0.6999999999999998,0.5885155647032235,0.11148443529677632,B,none,False,False,False,-9,1.0,-9,32,0.05,-12,0,0,p=1→-9; p=0→-9,p=0.95→-12; p=0.05→32
12380,10819,True,True,16,6.0,-4.0,-10.0,A,0.07500000000000001,0.07431932764382033,0.0006806723561796763,A,none,False,False,False,6,1.0,6,-3,0.5,-5,0,0,p=1→6; p=0→6,p=0.5→-5; p=0.5→-3
12383,10822,True,False,16,24.0,23.599999999999994,-0.4000000000000057,A,0.4375,0.44676496279059663,0.009264962790596631,A,none,False,False,False,42,0.4,12,72,0.6,-49,1,0,p=0.4→42; p=0.6→12,p=0.4→-49; p=0.0046875→68.5; p=0.0328125→69.5; p=0.0984375→70.5; p=0.164062→71.5; p=0.164062→72.5; p=0.0984375→73.5; p=0.0328125→74.5; p=0.0046875→75.5
12387,10826,True,False,31,8.0,7.75,-0.25,A,0.5290322580645159,0.5066672046702669,0.02236505339424899,B,none,True,False,False,8,1.0,8,13,0.75,-8,1,0,p=1→8; p=0→8,p=0.25→-8; p=0.09375→11.5; p=0.28125→12.5; p=0.28125→13.5; p=0.09375→14.5
12390,10829,True,False,16,6.000000000000002,4.500000000000001,-1.5000000000000009,A,0.425,0.4788366456755252,0.05383664567552521,A,none,False,False,False,12,0.8,-18,10,0.9,-45,1,0,p=0.8→12; p=0.2→-18,p=0.1→-45; p=0.1125→8.5; p=0.3375→9.5; p=0.3375→10.5; p=0.1125→11.5
12397,10836,True,True,31,17.0,23.0,6.0,B,0.5701612903225806,0.6403548655131032,0.0701935751905226,B,none,False,False,False,67,0.5,-33,31,0.2,21,0,1,p=0.5→67; p=0.5→-33,p=0.8→21; p=0.2→31
12401,10840,True,True,31,2.8000000000000003,1.5,-1.3000000000000003,A,0.5096774193548386,0.592852295098276,0.0831748757434374,B,none,True,False,False,5,0.9,-17,66,0.25,-20,1,1,p=0.9→5; p=0.1→-17,p=0.75→-20; p=0.00195312→62.5; p=0.0136719→63.5; p=0.0410156→64.5; p=0.0683594→65.5; p=0.0683594→66.5; p=0.0410156→67.5; p=0.0136719→68.5; p=0.00195312→69.5
12402,10841,True,False,16,3.0,8.5,5.5,B,0.8125,0.8992866810567949,0.08678668105679488,B,none,False,False,False,3,1.0,3,10,0.5,7,2,0,p=1→3; p=0→3,p=0.5→7; p=0.25→5; p=0.125→7; p=0.0625→11; p=0.03125→19; p=0.015625→35; p=0.015625→67
12413,10852,True,False,18,5.0,5.4,0.40000000000000036,B,0.4888888888888888,0.4686618040360745,0.020227084852814325,A,none,True,False,False,5,1.0,5,8,0.9,-18,0,0,p=1→5; p=0→5,p=0.1→-18; p=0.9→8
12427,10866,True,False,18,3.200000000000001,-1.0,-4.200000000000001,A,0.2333333333333333,0.26889996265171684,0.03556662931838353,A,none,False,False,False,17,0.4,-6,2,0.25,-2,0,0,p=0.4→17; p=0.6→-6,p=0.75→-2; p=0.25→2
12430,10869,True,False,16,19.0,20.4,1.3999999999999986,B,0.6375,0.6158683794229366,0.02163162057706336,B,none,False,False,False,19,1.0,19,52,0.6,-27,2,0,p=1→19; p=0→19,p=0.4→-27; p=0.3→46; p=0.15→48; p=0.075→52; p=0.0375→60; p=0.01875→76; p=0.009375→108; p=0.009375→172
12434,10873,True,False,16,8.200000000000001,17.0,8.799999999999999,B,0.8375,0.7566746552339678,0.0808253447660322,B,none,False,False,False,29,0.2,3,29,0.5,5,0,-1,p=0.2→29; p=0.8→3,p=0.5→5; p=0.5→29
12436,10875,True,False,16,-2.1999999999999993,-3.0000000000000018,-0.8000000000000025,A,0.3500000000000001,0.4804734351217996,0.13047343512179949,A,none,False,False,False,47,0.4,-35,23,0.6,-42,0,0,p=0.4→47; p=0.6→-35,p=0.4→-42; p=0.6→23
12438,10877,True,False,16,29.8,17.200000000000003,-12.599999999999998,A,0.425,0.4732749624381428,0.04827496243814283,A,none,False,False,False,55,0.6,-8,28,0.4,10,0,0,p=0.6→55; p=0.4→-8,p=0.6→10; p=0.4→28
12440,10879,True,False,16,-4.0,-0.75,3.25,B,0.775,0.7056799810293413,0.06932001897065876,B,none,False,False,False,-4,1.0,-4,7,0.75,-24,0,0,p=1→-4; p=0→-4,p=0.25→-24; p=0.75→7
12462,10901,True,False,16,17.0,10.0,-7.0,A,0.3875000000000001,0.33900801949359255,0.04849198050640757,A,none,False,False,False,17,1.0,17,86,0.05,6,0,0,p=1→17; p=0→17,p=0.95→6; p=0.05→86
12470,10909,True,False,16,-9.0,-8.199999999999998,0.8000000000000025,B,0.525,0.6411848533524921,0.11618485335249207,B,none,True,False,False,-9,1.0,-9,38,0.4,-39,0,0,p=1→-9; p=0→-9,p=0.6→-39; p=0.4→38
12477,10916,True,False,15,7.0,8.5,1.5,B,0.7066666666666668,0.8307652713995968,0.12409860473293,B,none,False,False,False,7,1.0,7,18,0.05,8,3,0,p=1→7; p=0→7,p=0.95→8; p=0.025→19; p=0.025→17
12480,10919,True,True,15,1.8,-1.5,-3.3,A,0.4533333333333334,0.48000199852086856,0.026668665187535134,A,none,True,False,False,2,0.8,1,24,0.25,-10,0,0,p=0.8→2; p=0.2→1,p=0.75→-10; p=0.25→24
12485,10924,True,False,15,27.0,18.200000000000003,-8.799999999999997,A,0.16000000000000006,0.26086140935809626,0.1008614093580962,A,none,False,False,False,27,1.0,27,39,0.2,13,0,0,p=1→27; p=0→27,p=0.8→13; p=0.2→39
12503,10942,True,False,16,26.8,17.700000000000003,-9.099999999999998,A,0.1625,0.31282340590941893,0.15032340590941892,A,none,False,False,False,62,0.2,18,60,0.1,13,2,0,p=0.2→62; p=0.8→18,p=0.9→13; p=0.05→56; p=0.025→58; p=0.0125→62; p=0.00625→70; p=0.00625→86
12511,10950,True,False,16,26.0,25.75,-0.25,A,0.3875,0.44093577838031534,0.053435778380315324,A,none,False,False,False,26,1.0,26,32,0.75,7,0,0,p=1→26; p=0→26,p=0.25→7; p=0.75→32
12513,10952,True,False,16,-9.0,-4.200000000000001,4.799999999999999,B,0.7875000000000001,0.7610270309915853,0.02647296900841478,B,none,False,False,False,-9,1.0,-9,1,0.6,-12,0,0,p=1→-9; p=0→-9,p=0.4→-12; p=0.6→1
12515,10954,True,False,16,24.0,16.0,-8.0,A,0.3750000000000001,0.3274230355750647,0.04757696442493542,A,none,False,False,False,24,1.0,24,38,0.6,-17,0,0,p=1→24; p=0→24,p=0.4→-17; p=0.6→38
12522,10961,True,False,16,19.8,22.330000000000002,2.530000000000001,B,0.7375,0.6590078805703908,0.07849211942960921,B,none,False,False,False,33,0.6,0,55,0.01,22,1,1,p=0.6→33; p=0.4→0,p=0.99→22; p=7.8125e-05→51.5; p=0.000546875→52.5; p=0.00164062→53.5; p=0.00273438→54.5; p=0.00273438→55.5; p=0.00164062→56.5; p=0.000546875→57.5; p=7.8125e-05→58.5
12529,10968,True,False,15,10.0,13.75,3.75,B,0.7733333333333333,0.6236650339637104,0.1496682993696229,B,none,False,False,False,10,1.0,10,40,0.25,5,0,0,p=1→10; p=0→10,p=0.75→5; p=0.25→40
12541,10980,True,False,16,10.25,-0.1999999999999995,-10.45,A,0.15,0.11498628956228815,0.03501371043771184,A,none,False,False,False,15,0.05,10,2,0.8,-9,1,0,p=0.05→15; p=0.95→10,p=0.2→-9; p=0.025→-0.5; p=0.125→0.5; p=0.25→1.5; p=0.25→2.5; p=0.125→3.5; p=0.025→4.5
12542,10981,True,False,16,25.0,24.7,-0.3000000000000007,A,0.65,0.3782040204529886,0.2717959795470114,B,none,False,False,False,25,1.0,25,33,0.9,-50,0,0,p=1→25; p=0→25,p=0.1→-50; p=0.9→33
12544,10983,True,False,16,30.0,30.0,0.0,tie,0.2,0.4879160633022368,0.2879160633022368,A,none,False,False,False,30,1.0,30,30,1.0,30,1,0,p=1→30; p=0→30,p=0.03125→27.5; p=0.15625→28.5; p=0.3125→29.5; p=0.3125→30.5; p=0.15625→31.5; p=0.03125→32.5
12548,10987,True,True,16,-1.9999999999999996,-11.959999999999999,-9.959999999999999,A,0.16249999999999998,0.21477048415821492,0.05227048415821495,A,none,False,False,False,0,0.8,-10,-8,0.01,-12,1,-1,p=0.8→0; p=0.2→-10,p=0.99→-12; p=0.005→-8.5; p=0.005→-7.5
12549,10988,True,False,16,25.0,27.799999999999997,2.799999999999997,B,0.9086538461538459,0.8695073193964004,0.039146526757445566,B,none,False,False,False,25,1.0,25,43,0.05,27,1,0,p=1→25; p=0→25,p=0.95→27; p=0.00625→41.5; p=0.01875→42.5; p=0.01875→43.5; p=0.00625→44.5
12555,10994,True,False,16,-9.299999999999999,-15.75,-6.450000000000001,A,0.175,0.1246236887191259,0.050376311280874095,A,none,False,False,False,-9,0.9,-12,-15,0.25,-16,0,0,p=0.9→-9; p=0.1→-12,p=0.75→-16; p=0.25→-15
12565,11004,True,False,17,11.0,10.0,-1.0,A,0.4,0.33930693846285964,0.06069306153714038,A,none,False,False,False,14,0.75,2,14,0.6,4,0,1,p=0.75→14; p=0.25→2,p=0.4→4; p=0.6→14
12569,11008,True,False,17,6.0,10.2,4.199999999999999,B,0.6705882352941178,0.6283652911732479,0.04222294412086991,B,none,False,False,False,6,1.0,6,27,0.6,-15,1,0,p=1→6; p=0→6,p=0.4→-15; p=0.01875→24.5; p=0.09375→25.5; p=0.1875→26.5; p=0.1875→27.5; p=0.09375→28.5; p=0.01875→29.5
12570,11009,True,False,17,23.0,29.200000000000003,6.200000000000003,B,0.5764705882352941,0.6688341055600788,0.09236351732478476,B,none,False,False,False,74,0.25,6,30,0.2,29,0,0,p=0.25→74; p=0.75→6,p=0.8→29; p=0.2→30
12574,11013,True,False,15,28.25,28.5,0.25,B,0.5333333333333333,0.6085060670173117,0.07517273368397837,B,none,True,False,False,30,0.75,23,33,0.1,28,0,0,p=0.75→30; p=0.25→23,p=0.9→28; p=0.1→33
12576,11015,True,False,15,27.0,22.75,-4.25,A,0.3066666666666667,0.3959799297614777,0.08931326309481102,A,none,False,False,False,44,0.5,10,73,0.25,6,3,0,p=0.5→44; p=0.5→10,p=0.75→6; p=0.125→75; p=0.0625→73; p=0.0625→69
12577,11016,True,False,15,11.0,10.2,-0.8000000000000007,A,0.6266666666666667,0.617037425565197,0.009629241101469677,B,none,False,False,False,28,0.5,-6,35,0.2,4,0,0,p=0.5→28; p=0.5→-6,p=0.8→4; p=0.2→35
12579,11018,True,False,15,10.0,13.100000000000001,3.1000000000000014,B,0.4533333333333333,0.5746016667549405,0.1212683334216072,A,none,True,False,False,10,1.0,10,77,0.1,6,1,0,p=1→10; p=0→10,p=0.9→6; p=0.0125→75.5; p=0.0375→76.5; p=0.0375→77.5; p=0.0125→78.5
12581,11020,True,False,15,11.65,11.149999999999999,-0.5000000000000018,A,0.4019047619047619,0.4583578425794691,0.05645308067470722,A,none,False,False,False,43,0.05,10,14,0.05,11,1,0,p=0.05→43; p=0.95→10,p=0.95→11; p=0.0015625→11.5; p=0.0078125→12.5; p=0.015625→13.5; p=0.015625→14.5; p=0.0078125→15.5; p=0.0015625→16.5
12582,11021,True,False,15,-7.25,-9.25,-2.0,A,0.16000000000000006,0.18189065226343917,0.021890652263439114,A,none,False,False,False,-6,0.75,-11,-9,0.99,-34,0,1,p=0.75→-6; p=0.25→-11,p=0.01→-34; p=0.99→-9
12584,11023,True,False,15,-0.8000000000000007,-0.030000000000000027,0.7700000000000007,B,0.5066666666666667,0.5181398694709752,0.011473202804308524,B,none,True,False,False,8,0.6,-14,0,0.99,-3,0,0,p=0.6→8; p=0.4→-14,p=0.01→-3; p=0.99→0
12585,11024,True,False,15,28.0,38.60000000000001,10.600000000000009,B,0.5866666666666667,0.6167479843036855,0.030081317637018823,B,none,False,False,False,46,0.5,10,48,0.8,1,0,0,p=0.5→46; p=0.5→10,p=0.2→1; p=0.8→48
12590,11029,True,False,16,2.45,-1.75,-4.2,A,0.2479166666666667,0.3789407054843947,0.13102403881772798,A,none,False,False,False,30,0.05,1,35,0.25,-14,2,0,p=0.05→30; p=0.95→1,p=0.75→-14; p=0.125→31; p=0.0625→33; p=0.03125→37; p=0.015625→45; p=0.015625→61
12616,11055,True,True,15,-6.0,-8.8,-2.8000000000000007,A,0.5422222222222222,0.5733577143648229,0.031135492142600696,B,none,True,False,False,7,0.5,-19,10,0.6,-37,3,0,p=0.5→7; p=0.5→-19,p=0.4→-37; p=0.3→15; p=0.15→13; p=0.075→9; p=0.0375→1; p=0.01875→-15; p=0.01875→-47
12618,11057,True,False,15,-6.0,-15.0,-9.0,A,0.4266666666666665,0.2580466420832298,0.16862002458343672,A,none,False,False,False,-6,1.0,-6,-4,0.75,-48,0,0,p=1→-6; p=0→-6,p=0.25→-48; p=0.75→-4
12630,11069,True,False,16,-7.4,-13.5,-6.1,A,0.15000000000000002,0.2075203450538179,0.05752034505381787,A,none,False,False,False,25,0.1,-11,-13,0.95,-23,1,0,p=0.1→25; p=0.9→-11,p=0.05→-23; p=0.0296875→-15.5; p=0.148438→-14.5; p=0.296875→-13.5; p=0.296875→-12.5; p=0.148438→-11.5; p=0.0296875→-10.5
12639,11078,True,False,15,7.0,3.2,-3.8,A,0.2933333333333333,0.3594440769795267,0.0661107436461934,A,none,False,False,False,7,1.0,7,45,0.05,1,0,0,p=1→7; p=0→7,p=0.95→1; p=0.05→45
12643,11082,True,False,15,30.0,25.0,-5.0,A,0.2,0.2619131595608192,0.061913159560819164,A,none,False,False,False,69,0.25,17,54,0.5,-4,0,-1,p=0.25→69; p=0.75→17,p=0.5→-4; p=0.5→54
12647,11086,True,False,15,23.0,23.0,0.0,tie,0.4888888888888889,0.35049923597634647,0.1383896529125424,A,none,True,False,False,23,1.0,23,44,0.75,-40,0,0,p=1→23; p=0→23,p=0.25→-40; p=0.75→44
12659,11098,True,False,16,4.0,6.1,2.0999999999999996,B,0.7375,0.8888345239831003,0.1513345239831002,B,none,False,False,False,4,1.0,4,16,0.01,6,0,0,p=1→4; p=0→4,p=0.99→6; p=0.01→16
12667,11106,True,False,16,15.66,12.200000000000003,-3.4599999999999973,A,0.3430555555555556,0.2900820623735626,0.052973493181993014,A,none,False,False,False,81,0.01,15,83,0.4,-35,0,0,p=0.01→81; p=0.99→15,p=0.6→-35; p=0.4→83
12669,11108,True,False,20,23.3,20.6,-2.6999999999999993,A,0.40166666666666667,0.41683872868646155,0.015172062019794874,A,none,False,False,False,25,0.9,8,32,0.4,13,0,0,p=0.9→25; p=0.1→8,p=0.6→13; p=0.4→32
12677,11116,True,True,20,5.0,0.5,-4.5,A,0.4899999999999999,0.5810878040339162,0.09108780403391636,A,none,True,False,False,5,1.0,5,50,0.1,-5,3,0,p=1→5; p=0→5,p=0.9→-5; p=0.05→53; p=0.025→51; p=0.0125→47; p=0.0125→39
12678,11117,True,False,20,11.25,14.4,3.1500000000000004,B,0.6799999999999999,0.6023233384466782,0.07767666155332176,B,none,False,False,False,96,0.25,-17,42,0.4,-4,1,1,p=0.25→96; p=0.75→-17,p=0.6→-4; p=0.003125→38.5; p=0.021875→39.5; p=0.065625→40.5; p=0.109375→41.5; p=0.109375→42.5; p=0.065625→43.5; p=0.021875→44.5; p=0.003125→45.5
12683,11122,True,False,20,-8.399999999999999,-1.75,6.649999999999999,B,0.8000000000000002,0.7998295255068129,0.00017047449318730035,B,none,False,False,False,-3,0.8,-30,17,0.25,-8,0,0,p=0.8→-3; p=0.2→-30,p=0.75→-8; p=0.25→17
12686,11125,True,False,16,-3.3500000000000014,-7.5,-4.149999999999999,A,0.325,0.35430442986621213,0.029304429866212123,A,none,False,False,False,-2,0.95,-29,2,0.05,-8,3,0,p=0.95→-2; p=0.05→-29,p=0.95→-8; p=0.025→6; p=0.0125→4; p=0.00625→0; p=0.003125→-8; p=0.003125→-24
12688,11127,True,False,16,22.0,17.159999999999997,-4.840000000000003,A,0.18750000000000008,0.3115318444235393,0.12403184442353923,A,none,False,False,False,22,1.0,22,33,0.01,17,0,0,p=1→22; p=0→22,p=0.99→17; p=0.01→33
12693,11132,True,False,16,2.0,6.619999999999999,4.619999999999999,B,0.7375,0.7312080293430485,0.006291970656951529,B,none,False,False,False,4,0.75,-4,7,0.99,-31,1,0,p=0.75→4; p=0.25→-4,p=0.01→-31; p=0.495→6.5; p=0.495→7.5
12700,11139,True,False,15,10.75,10.0,-0.75,A,0.2666666666666667,0.5070158198178235,0.2403491531511568,A,none,False,False,False,22,0.25,7,86,0.05,6,1,0,p=0.25→22; p=0.75→7,p=0.95→6; p=0.000390625→82.5; p=0.00273438→83.5; p=0.00820313→84.5; p=0.0136719→85.5; p=0.0136719→86.5; p=0.00820313→87.5; p=0.00273438→88.5; p=0.000390625→89.5
12724,11163,True,False,15,8.349999999999998,10.400000000000002,2.0500000000000043,B,0.4800000000000002,0.42782432458634156,0.05217567541365864,A,none,True,False,False,11,0.95,-42,68,0.2,-4,0,0,p=0.95→11; p=0.05→-42,p=0.8→-4; p=0.2→68
12725,11164,True,False,15,-4.0,-11.0,-7.0,A,0.14666666666666664,0.12882708768690948,0.01783957897975716,A,none,False,False,False,-4,1.0,-4,-5,0.6,-20,0,0,p=1→-4; p=0→-4,p=0.4→-20; p=0.6→-5
12757,11196,True,False,16,2.799999999999999,6.7,3.9000000000000012,B,0.6249999999999999,0.685025749094232,0.060025749094232084,B,none,False,False,False,20,0.6,-23,13,0.1,6,2,-1,p=0.6→20; p=0.4→-23,p=0.9→6; p=0.05→11; p=0.025→13; p=0.025→17
12773,11212,True,False,16,20.0,20.0,0.0,tie,0.5875000000000001,0.4666319116850202,0.12086808831497992,B,none,False,False,False,20,1.0,20,38,0.5,2,0,0,p=1→20; p=0→20,p=0.5→2; p=0.5→38
12779,11218,True,False,16,1.0,-3.25,-4.25,A,0.4,0.37326268121825934,0.026737318781740682,A,none,False,False,False,1,1.0,1,83,0.25,-32,0,0,p=1→1; p=0→1,p=0.75→-32; p=0.25→83
12783,11222,True,False,15,25.6,28.5,2.8999999999999986,B,0.6933333333333334,0.6167081189210832,0.07662521441225012,B,none,False,False,False,84,0.2,11,45,0.5,12,0,0,p=0.2→84; p=0.8→11,p=0.5→12; p=0.5→45
12787,11226,True,False,15,-3.2,-5.25,-2.05,A,0.5333333333333333,0.5579641465116086,0.024630813178275313,B,none,True,False,False,-3,0.8,-4,0,0.75,-21,0,-1,p=0.8→-3; p=0.2→-4,p=0.25→-21; p=0.75→0
12789,11228,True,False,15,15.0,15.9,0.9000000000000004,B,0.5733333333333334,0.5693751476747397,0.003958185658593627,B,none,False,False,False,27,0.6,-3,17,0.9,6,0,0,p=0.6→27; p=0.4→-3,p=0.1→6; p=0.9→17
12792,11231,True,False,15,24.15,28.3,4.150000000000002,B,0.5866666666666667,0.645622611775297,0.05895594510863034,B,none,False,False,False,65,0.05,22,40,0.1,27,0,0,p=0.05→65; p=0.95→22,p=0.9→27; p=0.1→40
12797,11236,True,False,15,21.0,13.100000000000001,-7.899999999999999,A,0.36000000000000004,0.3099750914198894,0.05002490858011066,A,none,False,False,False,33,0.4,13,14,0.1,13,2,0,p=0.4→33; p=0.6→13,p=0.9→13; p=0.05→9; p=0.025→11; p=0.0125→15; p=0.00625→23; p=0.003125→39; p=0.003125→71
12828,11267,True,False,16,3.0,2.85,-0.1499999999999999,A,0.65,0.556425244429934,0.093574755570066,B,none,False,False,False,3,1.0,3,19,0.05,2,1,0,p=1→3; p=0→3,p=0.95→2; p=0.000390625→15.5; p=0.00273438→16.5; p=0.00820313→17.5; p=0.0136719→18.5; p=0.0136719→19.5; p=0.00820313→20.5; p=0.00273438→21.5; p=0.000390625→22.5
12836,11275,True,False,16,28.0,32.15,4.149999999999999,B,0.9625,0.8563683894604892,0.10613161053951081,B,none,False,False,False,28,1.0,28,35,0.05,32,0,0,p=1→28; p=0→28,p=0.95→32; p=0.05→35
12843,11282,True,False,16,18.599999999999998,14.199999999999998,-4.4,A,0.3875,0.33445063330239366,0.05304936669760635,A,none,False,False,False,21,0.95,-27,31,0.6,-11,0,-1,p=0.95→21; p=0.05→-27,p=0.4→-11; p=0.6→31
12848,11287,True,False,16,8.0,12.79,4.789999999999999,B,0.625,0.5146780018844332,0.11032199811556676,B,none,False,False,False,26,0.1,6,13,0.99,-8,0,0,p=0.1→26; p=0.9→6,p=0.01→-8; p=0.99→13
12849,11288,True,False,16,21.549999999999997,31.6,10.050000000000004,B,0.625,0.6680270406523272,0.04302704065232721,B,none,False,False,False,23,0.95,-6,79,0.4,0,0,-1,p=0.95→23; p=0.05→-6,p=0.6→0; p=0.4→79
12850,11289,True,True,16,30.3,20.1,-10.2,A,0.325,0.390352576229018,0.06535257622901797,A,none,False,False,False,32,0.9,15,39,0.1,18,0,0,p=0.9→32; p=0.1→15,p=0.9→18; p=0.1→39
12851,11290,True,False,16,27.0,27.700000000000003,0.7000000000000028,B,0.6,0.5515394865265733,0.048460513473426725,B,none,False,False,False,27,1.0,27,61,0.1,24,0,0,p=1→27; p=0→27,p=0.9→24; p=0.1→61
12861,11300,True,False,17,16.999999999999996,7.85,-9.149999999999997,A,0.25882352941176473,0.39496457165060556,0.13614104223884083,A,none,False,False,False,18,0.95,-2,92,0.01,7,1,0,p=0.95→18; p=0.05→-2,p=0.99→7; p=0.005→91.5; p=0.005→92.5
12863,11302,True,True,17,5.0,-0.5999999999999996,-5.6,A,0.17647058823529413,0.4423511979524132,0.265880609717119,A,none,False,False,False,5,1.0,5,29,0.2,-8,0,0,p=1→5; p=0→5,p=0.8→-8; p=0.2→29
12867,11306,True,False,17,3.0,-0.5,-3.5,A,0.3438914027149321,0.21371045019551166,0.13018095251942047,A,none,False,False,False,3,1.0,3,22,0.1,-3,0,0,p=1→3; p=0→3,p=0.9→-3; p=0.1→22
12873,11312,True,False,17,9.7,4.8,-4.8999999999999995,A,0.31764705882352945,0.28944937634467904,0.028197682478850405,A,none,False,False,False,11,0.95,-15,57,0.1,-1,0,-1,p=0.95→11; p=0.05→-15,p=0.9→-1; p=0.1→57
12881,11320,True,False,16,12.0,14.8,2.8000000000000007,B,0.4375000000000001,0.5593750215067549,0.12187502150675478,A,none,False,False,False,12,1.0,12,28,0.6,-5,0,0,p=1→12; p=0→12,p=0.4→-5; p=0.6→28
12886,11325,True,True,16,8.0,13.25,5.25,B,0.625,0.4488420383369768,0.17615796166302322,B,none,False,False,False,8,1.0,8,107,0.25,-18,0,0,p=1→8; p=0→8,p=0.75→-18; p=0.25→107
12891,11330,True,False,16,-1.200000000000001,-1.0,0.20000000000000107,B,0.475,0.31513579434209715,0.15986420565790282,A,none,True,False,False,22,0.6,-36,-1,1.0,-1,0,0,p=0.6→22; p=0.4→-36,p=1→-1
12893,11332,True,False,16,16.0,18.799999999999997,2.799999999999997,B,0.5791666666666667,0.5530207829960492,0.026145883670617542,B,none,False,False,False,16,1.0,16,21,0.95,-23,0,0,p=1→16; p=0→16,p=0.05→-23; p=0.95→21
12901,11340,True,False,16,-2.0,-8.2,-6.199999999999999,A,0.6625,0.6560447125373181,0.006455287462681869,B,strong_ev_a_humans_favor_b,False,True,False,-2,1.0,-2,13,0.6,-40,1,0,p=1→-2; p=0→-2,p=0.4→-40; p=0.01875→10.5; p=0.09375→11.5; p=0.1875→12.5; p=0.1875→13.5; p=0.09375→14.5; p=0.01875→15.5
12910,11349,True,False,16,-5.199999999999999,-8.200000000000003,-3.0000000000000036,A,0.6625000000000001,0.6239173336975847,0.03858266630241536,B,none,False,False,False,14,0.2,-10,9,0.6,-34,1,-1,p=0.2→14; p=0.8→-10,p=0.4→-34; p=0.0046875→5.5; p=0.0328125→6.5; p=0.0984375→7.5; p=0.164062→8.5; p=0.164062→9.5; p=0.0984375→10.5; p=0.0328125→11.5; p=0.0046875→12.5
12914,11353,True,True,16,-10.0,-11.0,-1.0,A,0.6125,0.4766935057967816,0.13580649420321844,B,none,False,False,False,-10,1.0,-10,-5,0.6,-20,0,0,p=1→-10; p=0→-10,p=0.4→-20; p=0.6→-5
12916,11355,True,True,16,25.0,34.0,9.0,B,0.5375,0.40638655571205057,0.1311134442879494,B,none,True,False,False,25,1.0,25,85,0.5,-17,0,0,p=1→25; p=0→25,p=0.5→-17; p=0.5→85
12918,11357,True,False,16,5.0,6.329999999999999,1.3299999999999992,B,0.7625000000000001,0.863429182958024,0.10092918295802389,B,none,False,False,False,5,1.0,5,39,0.01,6,0,0,p=1→5; p=0→5,p=0.99→6; p=0.01→39
12926,11365,True,False,15,26.0,28.6,2.6000000000000014,B,0.8,0.6323821435998851,0.16761785640011495,B,none,False,False,False,26,1.0,26,38,0.8,-9,2,0,p=1→26; p=0→26,p=0.2→-9; p=0.4→32; p=0.2→34; p=0.1→38; p=0.05→46; p=0.025→62; p=0.0125→94; p=0.0125→158
12927,11366,True,False,15,26.0,23.599999999999998,-2.400000000000002,A,0.5066666666666666,0.35765487649076,0.1490117901759066,B,none,True,False,False,26,1.0,26,54,0.6,-22,0,0,p=1→26; p=0→26,p=0.4→-22; p=0.6→54
12930,11369,True,False,15,16.0,24.849999999999998,8.849999999999998,B,0.52,0.777413563349044,0.257413563349044,B,none,True,False,False,20,0.2,15,26,0.95,3,0,-1,p=0.2→20; p=0.8→15,p=0.05→3; p=0.95→26
12941,11380,True,True,15,6.25,2.5,-3.75,A,0.6133333333333333,0.6260306610752814,0.012697327741948095,B,none,False,False,False,43,0.25,-6,46,0.25,-12,1,1,p=0.25→43; p=0.75→-6,p=0.75→-12; p=0.00195312→42.5; p=0.0136719→43.5; p=0.0410156→44.5; p=0.0683594→45.5; p=0.0683594→46.5; p=0.0410156→47.5; p=0.0136719→48.5; p=0.00195312→49.5
12963,11402,True,False,15,7.0,9.25,2.25,B,0.37333333333333335,0.41735982736844884,0.04402649403511549,A,none,False,False,False,7,1.0,7,52,0.25,-5,0,0,p=1→7; p=0→7,p=0.75→-5; p=0.25→52
12971,11410,True,True,15,9.1,12.5,3.4000000000000004,B,0.4533333333333334,0.38215021506641056,0.07118311826692286,A,none,True,False,False,49,0.05,7,107,0.25,-19,0,0,p=0.05→49; p=0.95→7,p=0.75→-19; p=0.25→107
12983,11422,True,False,32,9.0,8.4,-0.5999999999999996,A,0.49375,0.4357023247809776,0.05804767521902243,A,none,True,False,False,9,1.0,9,66,0.1,2,0,0,p=1→9; p=0→9,p=0.9→2; p=0.1→66
12984,11423,True,False,30,14.25,12.0,-2.25,A,0.4533333333333334,0.4722809209912245,0.018947587657891063,A,none,True,False,False,32,0.75,-39,50,0.6,-45,1,0,p=0.75→32; p=0.25→-39,p=0.4→-45; p=0.01875→47.5; p=0.09375→48.5; p=0.1875→49.5; p=0.1875→50.5; p=0.09375→51.5; p=0.01875→52.5
13000,11439,True,False,15,-1.0,-9.25,-8.25,A,0.4400000000000001,0.5268405621024883,0.0868405621024882,A,none,False,False,False,-1,1.0,-1,26,0.25,-21,2,0,p=1→-1; p=0→-1,p=0.75→-21; p=0.125→25; p=0.125→27
13004,11443,True,False,16,8.0,8.0,0.0,tie,0.6625,0.6482289599525207,0.014271040047479255,B,none,False,False,False,11,0.8,-4,8,1.0,8,2,0,p=0.8→11; p=0.2→-4,p=0.5→5; p=0.25→7; p=0.125→11; p=0.125→19
13008,11447,True,True,16,26.0,18.6,-7.399999999999999,A,0.4375,0.5150883297926119,0.07758832979261188,A,none,False,False,False,26,1.0,26,72,0.4,-17,1,0,p=1→26; p=0→26,p=0.6→-17; p=0.0125→69.5; p=0.0625→70.5; p=0.125→71.5; p=0.125→72.5; p=0.0625→73.5; p=0.0125→74.5
13011,11450,True,False,16,5.0,1.0,-4.0,A,0.5874999999999999,0.43842273865160036,0.14907726134839955,B,none,False,False,False,5,1.0,5,67,0.4,-43,1,0,p=1→5; p=0→5,p=0.6→-43; p=0.0125→64.5; p=0.0625→65.5; p=0.125→66.5; p=0.125→67.5; p=0.0625→68.5; p=0.0125→69.5
13026,11465,True,False,16,23.0,20.5,-2.5,A,0.3750000000000001,0.4154842594225466,0.040484259422546465,A,none,False,False,False,23,1.0,23,65,0.5,-24,1,0,p=1→23; p=0→23,p=0.5→-24; p=0.0625→63.5; p=0.1875→64.5; p=0.1875→65.5; p=0.0625→66.5
13030,11469,True,True,31,23.0,20.5,-2.5,A,0.4064516129032258,0.4312353076465594,0.024783694743333584,A,none,False,False,False,23,1.0,23,31,0.5,10,0,0,p=1→23; p=0→23,p=0.5→10; p=0.5→31
13034,11473,True,True,33,8.0,6.079999999999999,-1.9200000000000008,A,0.4787878787878787,0.6250729044319067,0.14628502564402796,A,none,True,False,False,8,1.0,8,14,0.01,6,0,0,p=1→8; p=0→8,p=0.99→6; p=0.01→14
13045,11484,True,False,15,2.1,2.4000000000000012,0.30000000000000115,B,0.4266666666666665,0.43992568297291185,0.01325901630624532,A,none,False,False,False,12,0.01,2,8,0.8,-20,0,0,p=0.01→12; p=0.99→2,p=0.2→-20; p=0.8→8
13056,11495,True,False,15,26.0,14.8,-11.2,A,0.44,0.46726436573266966,0.02726436573266966,A,none,False,False,False,85,0.5,-33,17,0.9,-5,1,0,p=0.5→85; p=0.5→-33,p=0.1→-5; p=0.00703125→13.5; p=0.0492187→14.5; p=0.147656→15.5; p=0.246094→16.5; p=0.246094→17.5; p=0.147656→18.5; p=0.0492187→19.5; p=0.00703125→20.5
13058,11497,True,False,15,5.200000000000001,5.0,-0.20000000000000107,A,0.52,0.5217677454895749,0.0017677454895749234,B,none,True,False,False,19,0.4,-4,5,1.0,5,3,0,p=0.4→19; p=0.6→-4,p=0.5→7; p=0.25→5; p=0.25→1
13059,11498,True,True,15,25.0,26.200000000000003,1.2000000000000028,B,0.6742857142857143,0.6097075299162413,0.06457818436947294,B,none,False,False,False,34,0.5,16,51,0.2,20,0,0,p=0.5→34; p=0.5→16,p=0.8→20; p=0.2→51
13086,11525,True,False,15,17.0,24.9,7.899999999999999,B,0.92,0.817979319461856,0.10202068053814406,B,none,False,False,False,17,1.0,17,87,0.1,18,0,0,p=1→17; p=0→17,p=0.9→18; p=0.1→87
13087,11526,True,True,15,-8.7,-3.5,5.199999999999999,B,0.7333333333333333,0.6860580891738012,0.047275244159532104,B,none,False,False,False,12,0.1,-11,55,0.25,-23,0,0,p=0.1→12; p=0.9→-11,p=0.75→-23; p=0.25→55
13108,11547,True,True,16,10.0,12.8,2.8000000000000007,B,0.375,0.5390332998804251,0.16403329988042514,A,none,False,False,False,10,1.0,10,19,0.8,-12,3,0,p=1→10; p=0→10,p=0.2→-12; p=0.4→20; p=0.4→18
13132,11571,True,False,15,22.0,20.400000000000002,-1.5999999999999979,A,0.56,0.49078476872968024,0.06921523127031981,B,none,False,False,False,22,1.0,22,24,0.8,6,1,0,p=1→22; p=0→22,p=0.2→6; p=0.00625→20.5; p=0.04375→21.5; p=0.13125→22.5; p=0.21875→23.5; p=0.21875→24.5; p=0.13125→25.5; p=0.04375→26.5; p=0.00625→27.5
13134,11573,True,True,15,16.0,14.0,-2.0,A,0.3466666666666667,0.43804511348365893,0.09137844681699225,A,none,False,False,False,17,0.8,12,17,0.75,5,1,0,p=0.8→17; p=0.2→12,p=0.25→5; p=0.0234375→14.5; p=0.117188→15.5; p=0.234375→16.5; p=0.234375→17.5; p=0.117188→18.5; p=0.0234375→19.5
13154,11593,True,False,15,25.1,21.200000000000003,-3.8999999999999986,A,0.4666666666666666,0.3294939983824229,0.13717266828424374,A,none,True,False,False,29,0.9,-10,32,0.8,-22,0,1,p=0.9→29; p=0.1→-10,p=0.2→-22; p=0.8→32
13155,11594,True,False,15,8.0,5.949999999999999,-2.0500000000000007,A,0.13333333333333333,0.13624405586055122,0.002910722527217885,A,none,False,False,False,8,1.0,8,6,0.99,1,0,0,p=1→8; p=0→8,p=0.01→1; p=0.99→6
13157,11596,True,False,15,25.0,27.1,2.1000000000000014,B,0.44,0.5997276029648425,0.1597276029648425,A,none,False,False,False,25,1.0,25,73,0.1,22,0,0,p=1→25; p=0→25,p=0.9→22; p=0.1→73
13158,11597,True,False,15,-0.8999999999999999,5.400000000000001,6.300000000000001,B,0.7333333333333335,0.5673581881069477,0.1659751452263858,B,none,False,False,False,20,0.05,-2,63,0.2,-9,0,0,p=0.05→20; p=0.95→-2,p=0.8→-9; p=0.2→63
13164,11603,True,False,16,26.0,29.0,3.0,B,0.5750000000000001,0.5160995706647077,0.05890042933529238,B,none,False,False,False,26,1.0,26,101,0.25,5,0,0,p=1→26; p=0→26,p=0.75→5; p=0.25→101
13165,11604,True,False,16,-0.75,0.40000000000000213,1.1500000000000021,B,0.8,0.5936423093774574,0.2063576906225426,B,none,False,False,False,0,0.25,-1,8,0.8,-30,1,0,p=0.25→0; p=0.75→-1,p=0.2→-30; p=0.4→7.5; p=0.4→8.5
13171,11610,True,False,16,-2.0,6.099999999999998,8.099999999999998,B,0.7759615384615385,0.752862000008879,0.02309953845265944,B,none,False,False,False,10,0.2,-5,8,0.95,-30,3,0,p=0.2→10; p=0.8→-5,p=0.05→-30; p=0.475→11; p=0.2375→9; p=0.11875→5; p=0.11875→-3
13183,11622,True,False,16,9.600000000000001,10.0,0.3999999999999986,B,0.6875,0.5030424356797901,0.18445756432020988,B,none,False,False,False,32,0.2,4,10,1.0,10,1,0,p=0.2→32; p=0.8→4,p=0.5→9.5; p=0.5→10.5
13184,11623,True,False,16,4.0,-5.25,-9.25,A,0.05,0.14680858434439595,0.09680858434439595,A,none,False,False,False,4,1.0,4,2,0.75,-27,2,0,p=1→4; p=0→4,p=0.25→-27; p=0.375→1; p=0.375→3
13188,11627,True,False,16,-7.0,-6.31,0.6900000000000004,B,0.9125,0.8372661907420954,0.07523380925790457,B,none,False,False,False,-7,1.0,-7,62,0.01,-7,0,0,p=1→-7; p=0→-7,p=0.99→-7; p=0.01→62
13191,11630,True,False,16,5.0,8.34,3.34,B,0.8249999999999998,0.8800512601194541,0.05505126011945427,B,none,False,False,False,5,1.0,5,42,0.01,8,0,0,p=1→5; p=0→5,p=0.99→8; p=0.01→42
13197,11636,True,False,16,-0.30000000000000004,0.5,0.8,B,0.7374999999999999,0.5099064425184278,0.22759355748157217,B,none,False,False,False,15,0.1,-2,36,0.5,-35,0,0,p=0.1→15; p=0.9→-2,p=0.5→-35; p=0.5→36
13204,11643,True,False,16,-9.0,-8.25,0.75,B,0.3125,0.29900748953289763,0.01349251046710237,A,none,False,False,False,3,0.6,-27,-8,0.95,-13,0,0,p=0.6→3; p=0.4→-27,p=0.05→-13; p=0.95→-8
13210,11649,True,False,16,-4.0,5.200000000000003,9.200000000000003,B,0.7749999999999999,0.6609762882605821,0.11402371173941783,B,none,False,False,False,20,0.4,-20,46,0.4,-22,0,0,p=0.4→20; p=0.6→-20,p=0.6→-22; p=0.4→46
13234,11673,True,False,15,10.0,10.0,0.0,tie,0.5866666666666667,0.5723635332615683,0.014303133405098367,B,none,False,False,False,10,1.0,10,10,1.0,10,1,0,p=1→10; p=0→10,p=0.0078125→6.5; p=0.0546875→7.5; p=0.164062→8.5; p=0.273438→9.5; p=0.273438→10.5; p=0.164062→11.5; p=0.0546875→12.5; p=0.0078125→13.5
13235,11674,True,False,15,7.0,7.0,0.0,tie,0.4133333333333333,0.4103049409736784,0.0030283923596548523,A,none,False,False,False,7,1.0,7,79,0.2,-11,3,0,p=1→7; p=0→7,p=0.8→-11; p=0.1→81; p=0.05→79; p=0.05→75
13240,11679,True,False,15,23.0,22.25,-0.75,A,0.5733333333333334,0.4001976082333967,0.1731357250999367,B,none,False,False,False,23,1.0,23,31,0.75,-4,0,0,p=1→23; p=0→23,p=0.25→-4; p=0.75→31
13241,11680,True,False,15,14.0,13.75,-0.25,A,0.3333333333333333,0.48076817198278626,0.14743483864945295,A,none,False,False,False,14,1.0,14,46,0.25,3,3,0,p=1→14; p=0→14,p=0.75→3; p=0.125→48; p=0.0625→46; p=0.0625→42
13243,11682,True,False,15,23.0,31.0,8.0,B,0.6799999999999999,0.6015206094983525,0.07847939050164743,B,none,False,False,False,23,1.0,23,70,0.25,18,0,0,p=1→23; p=0→23,p=0.75→18; p=0.25→70
13249,11688,True,False,16,-5.0,-11.9,-6.9,A,0.3375,0.30637093273558025,0.031129067264419774,A,none,False,False,False,14,0.5,-24,34,0.1,-17,0,0,p=0.5→14; p=0.5→-24,p=0.9→-17; p=0.1→34
13261,11700,True,True,15,-10.0,-9.5,0.5,B,0.7333333333333335,0.7282848304291208,0.0050485029042126595,B,none,False,False,False,-10,1.0,-10,2,0.75,-44,1,0,p=1→-10; p=0→-10,p=0.25→-44; p=0.09375→0.5; p=0.28125→1.5; p=0.28125→2.5; p=0.09375→3.5
13272,11711,True,False,15,18.0,17.0,-1.0,A,0.4,0.3725490663020789,0.02745093369792112,A,none,False,False,False,36,0.5,0,27,0.75,-13,2,0,p=0.5→36; p=0.5→0,p=0.25→-13; p=0.375→26; p=0.375→28
13281,11720,True,False,16,15.200000000000003,10.45,-4.7500000000000036,A,0.6375000000000001,0.596616827676312,0.0408831723236881,B,none,False,False,False,71,0.4,-22,38,0.05,9,3,0,p=0.4→71; p=0.6→-22,p=0.95→9; p=0.025→43; p=0.0125→41; p=0.00625→37; p=0.003125→29; p=0.0015625→13; p=0.0015625→-19
13286,11725,True,False,16,26.75,17.5,-9.25,A,0.4208333333333333,0.406886503826008,0.013946829507325287,A,none,False,False,False,83,0.25,8,40,0.25,10,0,0,p=0.25→83; p=0.75→8,p=0.75→10; p=0.25→40
13288,11727,True,True,16,12.0,9.63,-2.369999999999999,A,0.6499999999999999,0.6625232492638794,0.012523249263879488,B,none,False,False,False,12,1.0,12,72,0.01,9,1,0,p=1→12; p=0→12,p=0.99→9; p=0.0003125→69.5; p=0.0015625→70.5; p=0.003125→71.5; p=0.003125→72.5; p=0.0015625→73.5; p=0.0003125→74.5
13296,11735,True,False,16,7.9999999999999964,12.069999999999999,4.070000000000002,B,0.6874999999999999,0.6905551961013288,0.003055196101328872,B,none,False,False,False,36,0.6,-34,19,0.01,12,0,0,p=0.6→36; p=0.4→-34,p=0.99→12; p=0.01→19
13297,11736,True,False,16,7.0,9.149999999999999,2.1499999999999986,B,0.7,0.6231490211854063,0.07685097881459368,B,none,False,False,False,7,1.0,7,69,0.05,6,0,0,p=1→7; p=0→7,p=0.95→6; p=0.05→69
13304,11743,True,False,16,14.0,25.200000000000003,11.200000000000003,B,0.825,0.7383663718797868,0.08663362812021314,B,none,False,False,False,31,0.5,-3,63,0.4,0,0,0,p=0.5→31; p=0.5→-3,p=0.6→0; p=0.4→63
13310,11749,True,False,15,7.0,7.200000000000001,0.20000000000000107,B,0.4266666666666667,0.4122815373733768,0.014385129293289889,A,none,False,False,False,7,1.0,7,45,0.4,-18,0,0,p=1→7; p=0→7,p=0.6→-18; p=0.4→45
13311,11750,True,False,15,-7.0,0.6000000000000001,7.6,B,0.8666666666666668,0.9076855218283444,0.04101885516167758,B,none,False,False,False,-7,1.0,-7,42,0.1,-4,0,0,p=1→-7; p=0→-7,p=0.9→-4; p=0.1→42
13315,11754,True,False,15,24.0,29.5,5.5,B,0.4799999999999999,0.5141418759752383,0.03414187597523838,A,none,True,False,False,24,1.0,24,65,0.5,-6,1,0,p=1→24; p=0→24,p=0.5→-6; p=0.25→64.5; p=0.25→65.5
13316,11755,True,False,15,-3.0,-1.0,2.0,B,0.7200000000000001,0.5612878233910795,0.15871217660892056,B,none,False,False,False,1,0.75,-15,40,0.5,-42,2,0,p=0.75→1; p=0.25→-15,p=0.5→-42; p=0.25→37; p=0.125→39; p=0.0625→43; p=0.0625→51
13320,11759,True,True,15,23.0,33.6,10.600000000000001,B,0.7066666666666667,0.757637995597841,0.05097132893117429,B,none,False,False,False,50,0.1,20,57,0.1,31,0,0,p=0.1→50; p=0.9→20,p=0.9→31; p=0.1→57
13325,11764,True,False,16,4.800000000000001,8.399999999999999,3.599999999999998,B,0.5375000000000001,0.5528938565533601,0.015393856553360008,B,none,True,False,False,8,0.2,4,42,0.6,-42,2,0,p=0.2→8; p=0.8→4,p=0.4→-42; p=0.3→41; p=0.3→43
13326,11765,True,False,16,14.75,14.74,-0.009999999999999787,A,0.6000000000000001,0.6531337150454584,0.053133715045458274,B,none,False,False,False,26,0.75,-19,88,0.01,14,2,0,p=0.75→26; p=0.25→-19,p=0.99→14; p=0.005→82; p=0.0025→84; p=0.00125→88; p=0.000625→96; p=0.0003125→112; p=0.00015625→144; p=0.00015625→208
13333,11772,True,False,16,6.0,11.78,5.779999999999999,B,0.8421874999999999,0.7160134040952764,0.1261740959047235,B,none,False,False,False,6,1.0,6,12,0.99,-10,1,0,p=1→6; p=0→6,p=0.01→-10; p=0.00773437→8.5; p=0.0541406→9.5; p=0.162422→10.5; p=0.270703→11.5; p=0.270703→12.5; p=0.162422→13.5; p=0.0541406→14.5; p=0.00773437→15.5
13337,11776,True,False,16,9.49,9.8,0.3100000000000005,B,0.30000000000000004,0.33874303750708384,0.0387430375070838,A,none,False,False,False,58,0.01,9,97,0.2,-12,0,0,p=0.01→58; p=0.99→9,p=0.8→-12; p=0.2→97
13346,11785,True,False,16,18.0,21.75,3.75,B,0.8500000000000001,0.7933244683437877,0.05667553165621242,B,none,False,False,False,18,1.0,18,22,0.95,17,1,0,p=1→18; p=0→18,p=0.05→17; p=0.475→21.5; p=0.475→22.5
13350,11789,True,False,16,23.0,20.05,-2.9499999999999993,A,0.7625000000000001,0.6189313190904309,0.1435686809095692,B,none,False,False,False,59,0.5,-13,25,0.01,20,1,0,p=0.5→59; p=0.5→-13,p=0.99→20; p=7.8125e-05→21.5; p=0.000546875→22.5; p=0.00164062→23.5; p=0.00273438→24.5; p=0.00273438→25.5; p=0.00164062→26.5; p=0.000546875→27.5; p=7.8125e-05→28.5
13356,11795,True,False,15,6.0,5.8,-0.20000000000000018,A,0.5866666666666666,0.4587327544575526,0.12793391220911393,B,none,False,False,False,6,1.0,6,25,0.4,-7,2,0,p=1→6; p=0→6,p=0.6→-7; p=0.2→22; p=0.1→24; p=0.05→28; p=0.05→36
13382,11821,True,False,17,5.0,-3.75,-8.75,A,0.035294117647058816,0.06389635750634627,0.028602239859287455,A,none,False,False,False,5,1.0,5,1,0.05,-4,2,0,p=1→5; p=0→5,p=0.95→-4; p=0.025→-1; p=0.0125→1; p=0.0125→5
13394,11833,True,False,16,13.0,13.0,0.0,tie,0.525,0.6889830855787935,0.16398308557879349,B,none,True,False,False,25,0.6,-5,13,1.0,13,2,0,p=0.6→25; p=0.4→-5,p=0.5→7; p=0.25→9; p=0.125→13; p=0.0625→21; p=0.03125→37; p=0.015625→69; p=0.015625→133
13395,11834,True,False,16,27.0,28.800000000000004,1.8000000000000043,B,0.35000000000000003,0.5123305003704275,0.16233050037042746,A,none,False,False,False,27,1.0,27,96,0.2,12,0,0,p=1→27; p=0→27,p=0.8→12; p=0.2→96
13400,11839,True,False,16,-9.0,-9.14,-0.14000000000000057,A,0.5625,0.5487943960444633,0.01370560395553666,B,none,False,False,False,3,0.25,-13,76,0.01,-10,2,1,p=0.25→3; p=0.75→-13,p=0.99→-10; p=0.005→73; p=0.0025→75; p=0.00125→79; p=0.00125→87
13401,11840,True,False,16,1.0,1.0,0.0,tie,0.275,0.42801959742104806,0.15301959742104804,A,none,False,False,False,1,1.0,1,45,0.2,-10,0,0,p=1→1; p=0→1,p=0.8→-10; p=0.2→45
13402,11841,True,True,16,30.0,24.65,-5.350000000000001,A,0.5625,0.6351367193679239,0.07263671936792393,B,none,False,False,False,30,1.0,30,113,0.05,20,1,0,p=1→30; p=0→30,p=0.95→20; p=0.000390625→109.5; p=0.00273438→110.5; p=0.00820313→111.5; p=0.0136719→112.5; p=0.0136719→113.5; p=0.00820313→114.5; p=0.00273438→115.5; p=0.000390625→116.5
13408,11847,True,False,16,15.0,16.15,1.1499999999999986,B,0.85,0.8495970981784494,0.00040290182155056087,B,none,False,False,False,15,1.0,15,31,0.01,16,1,0,p=1→15; p=0→15,p=0.99→16; p=7.8125e-05→27.5; p=0.000546875→28.5; p=0.00164062→29.5; p=0.00273438→30.5; p=0.00273438→31.5; p=0.00164062→32.5; p=0.000546875→33.5; p=7.8125e-05→34.5
13416,11855,True,True,16,-4.0,-7.4,-3.4000000000000004,A,0.3999999999999999,0.4265389667822271,0.02653896678222717,A,none,False,False,False,10,0.6,-25,1,0.6,-20,1,0,p=0.6→10; p=0.4→-25,p=0.4→-20; p=0.01875→-1.5; p=0.09375→-0.5; p=0.1875→0.5; p=0.1875→1.5; p=0.09375→2.5; p=0.01875→3.5
13417,11856,True,False,16,26.0,22.6,-3.3999999999999986,A,0.3625,0.37090117234424597,0.008401172344245977,A,none,False,False,False,26,1.0,26,29,0.2,21,3,0,p=1→26; p=0→26,p=0.8→21; p=0.1→32; p=0.05→30; p=0.025→26; p=0.025→18
13418,11857,True,False,16,-5.0,-3.8000000000000003,1.1999999999999997,B,0.6749999999999999,0.7076162004138153,0.03261620041381541,B,none,False,False,False,-5,1.0,-5,16,0.1,-6,1,0,p=1→-5; p=0→-5,p=0.9→-6; p=0.0125→14.5; p=0.0375→15.5; p=0.0375→16.5; p=0.0125→17.5
13423,11862,True,False,15,18.0,19.2,1.1999999999999993,B,0.7066666666666668,0.5566076752132412,0.1500589914534256,B,none,False,False,False,18,1.0,18,99,0.05,15,3,0,p=1→18; p=0→18,p=0.95→15; p=0.025→103; p=0.0125→101; p=0.00625→97; p=0.003125→89; p=0.003125→73
13429,11868,True,False,15,5.4,0.39999999999999947,-5.000000000000001,A,0.36000000000000004,0.15635817486046405,0.203641825139536,A,none,False,False,False,27,0.1,3,6,0.6,-8,0,0,p=0.1→27; p=0.9→3,p=0.4→-8; p=0.6→6
13447,11886,True,False,16,23.1,28.75,5.649999999999999,B,0.5874999999999999,0.6321263316884389,0.04462633168843899,B,none,False,False,False,28,0.9,-21,103,0.25,4,1,0,p=0.9→28; p=0.1→-21,p=0.75→4; p=0.125→102.5; p=0.125→103.5
13449,11888,True,False,16,20.0,21.5,1.5,B,0.6874999999999999,0.7551835163881752,0.06768351638817527,B,none,False,False,False,20,1.0,20,23,0.5,20,1,0,p=1→20; p=0→20,p=0.5→20; p=0.00390625→19.5; p=0.0273438→20.5; p=0.0820312→21.5; p=0.136719→22.5; p=0.136719→23.5; p=0.0820312→24.5; p=0.0273438→25.5; p=0.00390625→26.5
13452,11891,True,False,17,0.0,-3.6000000000000005,-3.6000000000000005,A,0.17647058823529413,0.34318571591141817,0.16671512767612404,A,none,False,False,False,32,0.2,-8,38,0.2,-14,0,0,p=0.2→32; p=0.8→-8,p=0.8→-14; p=0.2→38
13468,11907,True,False,15,-8.0,-8.0,0.0,tie,0.6799999999999999,0.5343793203861349,0.14562067961386504,B,none,False,False,False,-8,1.0,-8,-8,1.0,-8,1,0,p=1→-8; p=0→-8,p=0.125→-9.5; p=0.375→-8.5; p=0.375→-7.5; p=0.125→-6.5
13474,11913,True,False,15,16.0,22.6,6.600000000000001,B,0.8800000000000001,0.825084785460064,0.054915214539936086,B,none,False,False,False,16,1.0,16,28,0.4,19,0,0,p=1→16; p=0→16,p=0.6→19; p=0.4→28
13481,11920,True,False,15,26.45,18.75,-7.699999999999999,A,0.2933333333333333,0.33183041617660924,0.038497082843275965,A,none,False,False,False,111,0.05,22,48,0.25,9,1,0,p=0.05→111; p=0.95→22,p=0.75→9; p=0.125→47.5; p=0.125→48.5
13489,11928,True,True,15,17.0,11.0,-6.0,A,0.18666666666666668,0.20605931030718785,0.01939264364052118,A,none,False,False,False,21,0.6,11,11,0.95,11,1,0,p=0.6→21; p=0.4→11,p=0.05→11; p=0.475→10.5; p=0.475→11.5
13502,11941,True,False,15,-6.0,-4.800000000000001,1.1999999999999993,B,0.8133333333333332,0.7155344056755257,0.09779892765780751,B,none,False,False,False,-6,1.0,-6,4,0.2,-7,0,0,p=1→-6; p=0→-6,p=0.8→-7; p=0.2→4
13504,11943,True,False,15,13.0,22.6,9.600000000000001,B,0.8,0.8530241873162653,0.05302418731626524,B,none,False,False,False,13,1.0,13,37,0.1,21,1,0,p=1→13; p=0→13,p=0.9→21; p=0.003125→34.5; p=0.015625→35.5; p=0.03125→36.5; p=0.03125→37.5; p=0.015625→38.5; p=0.003125→39.5
13529,11968,True,False,16,10.0,-0.6000000000000014,-10.600000000000001,A,0.2125,0.3389933181993927,0.12649331819939272,A,none,False,False,False,31,0.5,-11,89,0.2,-23,3,0,p=0.5→31; p=0.5→-11,p=0.8→-23; p=0.1→93; p=0.05→91; p=0.025→87; p=0.0125→79; p=0.0125→63
13537,11976,True,True,16,11.0,13.2,2.1999999999999993,B,0.5250000000000001,0.5572141085976364,0.03221410859763629,B,none,True,False,False,11,1.0,11,86,0.2,-5,1,0,p=1→11; p=0→11,p=0.8→-5; p=0.00625→83.5; p=0.03125→84.5; p=0.0625→85.5; p=0.0625→86.5; p=0.03125→87.5; p=0.00625→88.5
13541,11980,True,False,16,11.4,13.75,2.3499999999999996,B,0.4625,0.6010529823391141,0.13855298233911406,A,none,True,False,False,12,0.9,6,40,0.25,5,0,0,p=0.9→12; p=0.1→6,p=0.75→5; p=0.25→40
13549,11988,True,True,16,0.0,-1.4000000000000012,-1.4000000000000012,A,0.4,0.4384107434576579,0.03841074345765788,A,none,False,False,False,3,0.5,-3,13,0.6,-23,0,1,p=0.5→3; p=0.5→-3,p=0.4→-23; p=0.6→13
13562,12001,True,False,16,27.0,31.05,4.050000000000001,B,0.6125,0.7592555109212572,0.14675551092125716,B,none,False,False,False,27,1.0,27,32,0.95,13,0,0,p=1→27; p=0→27,p=0.05→13; p=0.95→32
13570,12009,True,True,15,9.0,8.2,-0.8000000000000007,A,0.2533333333333333,0.389969684150276,0.1366363508169427,A,none,False,False,False,9,1.0,9,15,0.6,-2,0,0,p=1→9; p=0→9,p=0.4→-2; p=0.6→15
13572,12011,True,False,15,3.000000000000001,-5.75,-8.75,A,0.14666666666666667,0.24246452189348175,0.09579785522681508,A,none,False,False,False,7,0.8,-13,5,0.75,-38,1,0,p=0.8→7; p=0.2→-13,p=0.25→-38; p=0.09375→3.5; p=0.28125→4.5; p=0.28125→5.5; p=0.09375→6.5
13575,12014,True,True,15,28.0,30.6,2.6000000000000014,B,0.5333333333333333,0.47652040267925067,0.05681293065408266,B,none,True,False,False,55,0.1,25,36,0.8,9,0,-1,p=0.1→55; p=0.9→25,p=0.2→9; p=0.8→36
13578,12017,True,False,15,9.0,9.0,0.0,tie,0.32,0.5336597893273066,0.21365978932730662,A,none,False,False,False,9,1.0,9,9,1.0,9,1,0,p=1→9; p=0→9,p=0.5→8.5; p=0.5→9.5
13582,12021,True,False,16,22.0,16.799999999999997,-5.200000000000003,A,0.275,0.3047015992736799,0.02970159927367988,A,none,False,False,False,22,1.0,22,44,0.6,-24,0,0,p=1→22; p=0→22,p=0.4→-24; p=0.6→44
13591,12030,True,False,16,-1.0,-4.5,-3.5,A,0.7201923076923077,0.5132742552781986,0.2069180524141091,B,none,False,False,False,-1,1.0,-1,2,0.75,-24,0,0,p=1→-1; p=0→-1,p=0.25→-24; p=0.75→2
13594,12033,True,False,16,-3.0,4.65,7.65,B,0.8625,0.8265029750595478,0.035997024940452205,B,none,False,False,False,-3,1.0,-3,5,0.99,-30,3,0,p=1→-3; p=0→-3,p=0.01→-30; p=0.495→8; p=0.2475→6; p=0.12375→2; p=0.12375→-6
13597,12036,True,False,16,29.0,31.0,2.0,B,0.425,0.5255140065526964,0.10051400655269643,A,none,False,False,False,29,1.0,29,88,0.25,12,1,0,p=1→29; p=0→29,p=0.75→12; p=0.00195312→84.5; p=0.0136719→85.5; p=0.0410156→86.5; p=0.0683594→87.5; p=0.0683594→88.5; p=0.0410156→89.5; p=0.0136719→90.5; p=0.00195312→91.5
13606,12045,True,False,16,25.0,25.200000000000003,0.20000000000000284,B,0.5750000000000001,0.5368800196653867,0.03811998033461339,B,none,False,False,False,25,1.0,25,66,0.6,-36,1,0,p=1→25; p=0→25,p=0.4→-36; p=0.0046875→62.5; p=0.0328125→63.5; p=0.0984375→64.5; p=0.164062→65.5; p=0.164062→66.5; p=0.0984375→67.5; p=0.0328125→68.5; p=0.0046875→69.5
13612,12051,True,False,15,-6.0,-0.09999999999999964,5.9,B,0.6533333333333334,0.6275301074149308,0.025803225918402672,B,none,False,False,False,-6,1.0,-6,116,0.1,-13,2,0,p=1→-6; p=0→-6,p=0.9→-13; p=0.05→110; p=0.025→112; p=0.0125→116; p=0.00625→124; p=0.003125→140; p=0.0015625→172; p=0.0015625→236
13631,12070,True,False,15,8.0,-0.4,-8.4,A,0.18666666666666665,0.24072384371801064,0.054057177051343996,A,none,False,False,False,13,0.8,-12,5,0.1,-1,0,1,p=0.8→13; p=0.2→-12,p=0.9→-1; p=0.1→5
13650,12089,True,False,16,17.0,27.5,10.5,B,0.7125,0.7641230359365139,0.05162303593651385,B,none,False,False,False,17,1.0,17,33,0.75,11,0,0,p=1→17; p=0→17,p=0.25→11; p=0.75→33
13652,12091,True,False,16,-3.0,-6.0,-3.0,A,0.35,0.5144786231487177,0.16447862314871775,A,none,False,False,False,16,0.05,-4,82,0.2,-28,1,0,p=0.05→16; p=0.95→-4,p=0.8→-28; p=0.00625→79.5; p=0.03125→80.5; p=0.0625→81.5; p=0.0625→82.5; p=0.03125→83.5; p=0.00625→84.5
13657,12096,True,False,16,-6.0,-7.16,-1.1600000000000001,A,0.17500000000000002,0.15962779888228212,0.015372201117717893,A,none,False,False,False,-6,1.0,-6,-7,0.99,-23,1,0,p=1→-6; p=0→-6,p=0.01→-23; p=0.495→-7.5; p=0.495→-6.5
13662,12101,True,False,15,25.0,31.26,6.260000000000002,B,0.7866666666666667,0.8458542513596784,0.05918758469301166,B,none,False,False,False,25,1.0,25,57,0.01,31,1,0,p=1→25; p=0→25,p=0.99→31; p=0.005→56.5; p=0.005→57.5
13669,12108,True,False,15,13.0,13.0,0.0,tie,0.37333333333333335,0.5242105444991428,0.1508772111658095,A,none,False,False,False,13,1.0,13,67,0.1,7,1,0,p=1→13; p=0→13,p=0.9→7; p=0.00078125→63.5; p=0.00546875→64.5; p=0.0164063→65.5; p=0.0273438→66.5; p=0.0273438→67.5; p=0.0164063→68.5; p=0.00546875→69.5; p=0.00078125→70.5
13677,12116,True,True,18,4.999999999999999,2.75,-2.249999999999999,A,0.6472222222222223,0.5778314863647455,0.06939073585747679,B,none,False,False,False,9,0.6,-1,53,0.25,-14,3,0,p=0.6→9; p=0.4→-1,p=0.75→-14; p=0.125→55; p=0.0625→53; p=0.0625→49
13679,12118,True,False,18,19.0,23.95,4.949999999999999,B,0.9444444444444444,0.8212126413395731,0.12323180310487136,B,none,False,False,False,19,1.0,19,24,0.99,19,0,0,p=1→19; p=0→19,p=0.01→19; p=0.99→24
13683,12122,True,True,18,2.0,3.75,1.75,B,0.5777777777777778,0.5812438728118359,0.0034660950340580365,B,none,False,False,False,2,1.0,2,39,0.25,-8,1,0,p=1→2; p=0→2,p=0.75→-8; p=0.0078125→36.5; p=0.0390625→37.5; p=0.078125→38.5; p=0.078125→39.5; p=0.0390625→40.5; p=0.0078125→41.5
13684,12123,True,False,18,2.3,0.25,-2.05,A,0.1,0.19341656895035186,0.09341656895035186,A,none,False,False,False,8,0.05,2,6,0.75,-17,0,0,p=0.05→8; p=0.95→2,p=0.25→-17; p=0.75→6
13689,12128,True,False,18,1.8999999999999988,11.0,9.100000000000001,B,0.2444444444444445,0.4761373459018739,0.2316929014574294,A,strong_ev_b_humans_favor_a,False,False,True,3,0.95,-19,119,0.25,-25,3,0,p=0.95→3; p=0.05→-19,p=0.75→-25; p=0.125→125; p=0.0625→123; p=0.03125→119; p=0.015625→111; p=0.0078125→95; p=0.00390625→63; p=0.00390625→-1
13701,12140,True,False,16,25.0,29.0,4.0,B,0.6875,0.8154276808196848,0.12792768081968475,B,none,False,False,False,25,1.0,25,32,0.4,27,1,0,p=1→25; p=0→25,p=0.6→27; p=0.2→31.5; p=0.2→32.5
13705,12144,True,False,31,28.0,34.4,6.399999999999999,B,0.5553349875930523,0.4797963015525125,0.07553868604053982,B,none,False,False,False,68,0.5,-12,110,0.4,-16,0,-1,p=0.5→68; p=0.5→-12,p=0.6→-16; p=0.4→110
13708,12147,True,False,17,18.0,25.8,7.800000000000001,B,0.8117647058823529,0.8474124993762957,0.03564779349394276,B,none,False,False,False,18,1.0,18,41,0.05,25,0,0,p=1→18; p=0→18,p=0.95→25; p=0.05→41
13713,12152,True,True,17,29.65,28.0,-1.6499999999999986,A,0.3294117647058825,0.3189398825676004,0.010471882138282096,A,none,False,False,False,80,0.05,27,33,0.9,-17,0,0,p=0.05→80; p=0.95→27,p=0.1→-17; p=0.9→33
13719,12158,True,False,17,2.0,6.5,4.5,B,0.719022154316272,0.6589176918506091,0.06010446246566292,B,none,False,False,False,2,1.0,2,9,0.9,-16,0,0,p=1→2; p=0→2,p=0.1→-16; p=0.9→9
13725,12164,True,False,16,-1.0,1.09,2.09,B,0.9,0.8927551107459611,0.007244889254038878,B,none,False,False,False,-1,1.0,-1,10,0.01,1,2,0,p=1→-1; p=0→-1,p=0.99→1; p=0.005→6; p=0.0025→8; p=0.00125→12; p=0.000625→20; p=0.000625→36
13733,12172,True,False,16,7.0,10.600000000000001,3.6000000000000014,B,0.625,0.605523061015256,0.019476938984744008,B,none,False,False,False,15,0.2,5,16,0.8,-11,1,0,p=0.2→15; p=0.8→5,p=0.2→-11; p=0.00625→12.5; p=0.04375→13.5; p=0.13125→14.5; p=0.21875→15.5; p=0.21875→16.5; p=0.13125→17.5; p=0.04375→18.5; p=0.00625→19.5
13738,12177,True,False,16,19.0,25.600000000000005,6.600000000000005,B,0.7124999999999999,0.5965684507178115,0.1159315492821884,B,none,False,False,False,19,1.0,19,39,0.8,-28,1,0,p=1→19; p=0→19,p=0.2→-28; p=0.00625→35.5; p=0.04375→36.5; p=0.13125→37.5; p=0.21875→38.5; p=0.21875→39.5; p=0.13125→40.5; p=0.04375→41.5; p=0.00625→42.5
13749,12188,True,False,17,7.0,13.400000000000002,6.400000000000002,B,0.7882352941176471,0.7300012236619874,0.05823407045565976,B,none,False,False,False,7,1.0,7,29,0.4,3,0,0,p=1→7; p=0→7,p=0.6→3; p=0.4→29
13754,12193,True,False,17,14.849999999999998,11.0,-3.849999999999998,A,0.411764705882353,0.34847272864900175,0.06329197723335123,A,none,False,False,False,69,0.05,12,27,0.6,-13,2,1,p=0.05→69; p=0.95→12,p=0.4→-13; p=0.3→24; p=0.15→26; p=0.075→30; p=0.075→38
13755,12194,True,False,17,20.0,15.5,-4.5,A,0.6823529411764707,0.5572805491014994,0.12507239207497134,B,none,False,False,False,80,0.4,-20,17,0.25,15,0,0,p=0.4→80; p=0.6→-20,p=0.75→15; p=0.25→17
13757,12196,True,False,16,22.75,22.6,-0.14999999999999858,A,0.475,0.49179039340480374,0.01679039340480376,A,none,True,False,False,35,0.75,-14,45,0.6,-11,1,0,p=0.75→35; p=0.25→-14,p=0.4→-11; p=0.3→44.5; p=0.3→45.5
13766,12205,True,True,16,26.999999999999996,30.5,3.5000000000000036,B,0.875,0.7626385103405692,0.11236148965943082,B,none,False,False,False,29,0.95,-11,32,0.25,30,0,0,p=0.95→29; p=0.05→-11,p=0.75→30; p=0.25→32
13769,12208,True,True,16,15.0,17.0,2.0,B,0.6375,0.5789800852852772,0.05851991471472273,B,none,False,False,False,15,1.0,15,35,0.6,-10,1,0,p=1→15; p=0→15,p=0.4→-10; p=0.075→33.5; p=0.225→34.5; p=0.225→35.5; p=0.075→36.5
13776,12215,True,False,15,12.0,13.000000000000002,1.0000000000000018,B,0.3733333333333333,0.5153130623502225,0.14197972901688916,A,none,False,False,False,21,0.25,9,41,0.2,6,0,0,p=0.25→21; p=0.75→9,p=0.8→6; p=0.2→41
13778,12217,True,False,15,6.0,-1.64,-7.64,A,0.16000000000000006,0.15948961848226062,0.0005103815177394389,A,none,False,False,False,6,1.0,6,34,0.01,-2,2,0,p=1→6; p=0→6,p=0.99→-2; p=0.005→33; p=0.005→35
13783,12222,True,False,15,15.0,17.200000000000003,2.200000000000003,B,0.6666666666666666,0.732608854583026,0.06594218791635942,B,none,False,False,False,15,1.0,15,30,0.2,14,1,0,p=1→15; p=0→15,p=0.8→14; p=0.0015625→26.5; p=0.0109375→27.5; p=0.0328125→28.5; p=0.0546875→29.5; p=0.0546875→30.5; p=0.0328125→31.5; p=0.0109375→32.5; p=0.0015625→33.5
13788,12227,True,True,15,10.2,10.0,-0.1999999999999993,A,0.8133333333333332,0.6390102635924594,0.17432306974087386,B,none,False,False,False,90,0.4,-43,10,1.0,10,1,0,p=0.4→90; p=0.6→-43,p=0.0078125→6.5; p=0.0546875→7.5; p=0.164062→8.5; p=0.273438→9.5; p=0.273438→10.5; p=0.164062→11.5; p=0.0546875→12.5; p=0.0078125→13.5
13798,12237,True,False,15,16.0,12.149999999999999,-3.8500000000000014,A,0.6133333333333333,0.5581718945705514,0.0551614387627819,B,none,False,False,False,26,0.75,-14,27,0.01,12,0,0,p=0.75→26; p=0.25→-14,p=0.99→12; p=0.01→27
13820,12259,True,False,16,8.0,9.5,1.5,B,0.7124999999999999,0.6358832170113135,0.07661678298868646,B,none,False,False,False,8,1.0,8,57,0.05,7,0,0,p=1→8; p=0→8,p=0.95→7; p=0.05→57
13826,12265,True,False,16,-1.0,0.8,1.8,B,0.9653846153846154,0.8833212156940031,0.08206339969061227,B,none,False,False,False,-1,1.0,-1,4,0.2,0,0,0,p=1→-1; p=0→-1,p=0.8→0; p=0.2→4
13834,12273,True,False,16,30.0,20.8,-9.2,A,0.1125,0.15096254509271215,0.038462545092712144,A,none,False,False,False,30,1.0,30,27,0.8,-4,0,0,p=1→30; p=0→30,p=0.2→-4; p=0.8→27
13837,12276,True,True,18,4.0,3.799999999999999,-0.20000000000000107,A,0.577777777777778,0.3936586305785638,0.18411914719921413,B,none,False,False,False,4,1.0,4,27,0.6,-31,0,0,p=1→4; p=0→4,p=0.4→-31; p=0.6→27
13841,12280,True,False,18,6.699999999999999,7.0,0.3000000000000007,B,0.3555555555555555,0.3944630200674716,0.03890746451191607,A,none,False,False,False,7,0.9,4,64,0.25,-12,0,0,p=0.9→7; p=0.1→4,p=0.75→-12; p=0.25→64
13843,12282,True,False,18,24.0,33.400000000000006,9.400000000000006,B,0.6,0.39607902672671186,0.20392097327328812,B,none,False,False,False,39,0.25,19,109,0.4,-17,1,1,p=0.25→39; p=0.75→19,p=0.6→-17; p=0.0125→106.5; p=0.0625→107.5; p=0.125→108.5; p=0.125→109.5; p=0.0625→110.5; p=0.0125→111.5
13845,12284,True,False,18,17.0,19.200000000000003,2.200000000000003,B,0.5999999999999999,0.7031652623539693,0.10316526235396939,B,none,False,False,False,17,1.0,17,24,0.4,16,0,0,p=1→17; p=0→17,p=0.6→16; p=0.4→24
13846,12285,True,False,18,-1.0000000000000009,-1.0,8.881784197001252e-16,B,0.4888888888888889,0.4467373801645108,0.04215150872437806,A,none,True,False,False,0,0.95,-20,-1,1.0,-1,3,0,p=0.95→0; p=0.05→-20,p=0.5→0; p=0.5→-2
13850,12289,True,False,18,12.0,3.200000000000003,-8.799999999999997,A,0.4222222222222223,0.29300775034091353,0.12921447188130875,A,none,False,False,False,12,1.0,12,15,0.8,-44,0,0,p=1→12; p=0→12,p=0.2→-44; p=0.8→15
13851,12290,True,False,18,28.11,25.2,-2.91,A,0.6000000000000001,0.46928551881923075,0.13071448118076934,B,none,False,False,False,39,0.01,28,32,0.6,15,2,0,p=0.01→39; p=0.99→28,p=0.4→15; p=0.3→28; p=0.15→30; p=0.075→34; p=0.0375→42; p=0.0375→58
13853,12292,True,False,18,-10.0,-12.75,-2.75,A,0.03333333333333334,0.13981012582727062,0.10647679249393728,A,none,False,False,False,-10,1.0,-10,-12,0.95,-27,1,0,p=1→-10; p=0→-10,p=0.05→-27; p=0.475→-12.5; p=0.475→-11.5
13862,12301,True,True,18,5.0,8.200000000000001,3.200000000000001,B,0.6666666666666666,0.5929358794106288,0.07373078725603788,B,none,False,False,False,5,1.0,5,49,0.4,-19,2,0,p=1→5; p=0→5,p=0.6→-19; p=0.2→43; p=0.1→45; p=0.05→49; p=0.025→57; p=0.0125→73; p=0.00625→105; p=0.00625→169
13863,12302,True,False,18,-0.39999999999999947,-8.68,-8.280000000000001,A,0.07777777777777778,0.2468438934505156,0.16906611567273783,A,none,False,False,False,87,0.05,-5,23,0.01,-9,0,0,p=0.05→87; p=0.95→-5,p=0.99→-9; p=0.01→23
13878,12317,True,True,16,5.200000000000001,4.0,-1.200000000000001,A,0.4125000000000001,0.4044255939752402,0.008074406024759895,A,none,False,False,False,7,0.8,-2,34,0.5,-26,0,0,p=0.8→7; p=0.2→-2,p=0.5→-26; p=0.5→34
13902,12341,True,True,16,16.0,16.9,0.8999999999999986,B,0.325,0.33577831511449785,0.010778315114497838,A,none,False,False,False,16,1.0,16,20,0.9,-11,0,0,p=1→16; p=0→16,p=0.1→-11; p=0.9→20
13910,12349,True,False,16,-6.0,-7.300000000000001,-1.3000000000000007,A,0.45,0.5043413629559379,0.05434136295593789,A,none,True,False,False,-6,1.0,-6,80,0.1,-17,0,0,p=1→-6; p=0→-6,p=0.9→-17; p=0.1→80
13923,12362,True,False,16,19.0,18.8,-0.1999999999999993,A,0.5625,0.45827079145177213,0.10422920854822787,B,none,False,False,False,19,1.0,19,50,0.2,11,0,0,p=1→19; p=0→19,p=0.8→11; p=0.2→50
13924,12363,True,False,16,10.0,18.799999999999997,8.799999999999997,B,0.8624999999999999,0.8583790546567229,0.004120945343277005,B,none,False,False,False,10,1.0,10,20,0.4,18,0,0,p=1→10; p=0→10,p=0.6→18; p=0.4→20
13934,12373,True,False,15,2.0,-3.75,-5.75,A,0.18666666666666668,0.31055322695025456,0.12388656028358788,A,none,False,False,False,2,1.0,2,54,0.25,-23,0,0,p=1→2; p=0→2,p=0.75→-23; p=0.25→54
13939,12378,True,False,15,25.0,20.0,-5.0,A,0.3733333333333333,0.4113084661664352,0.03797513283310189,A,none,False,False,False,47,0.6,-8,36,0.75,-28,3,0,p=0.6→47; p=0.4→-8,p=0.25→-28; p=0.375→41; p=0.1875→39; p=0.09375→35; p=0.046875→27; p=0.0234375→11; p=0.0234375→-21
13944,12383,True,False,15,21.200000000000003,18.5,-2.700000000000003,A,0.3066666666666667,0.32026264261635334,0.013595975949686645,A,none,False,False,False,42,0.2,16,41,0.1,16,0,0,p=0.2→42; p=0.8→16,p=0.9→16; p=0.1→41
13947,12386,True,False,15,13.0,18.0,5.0,B,0.8266666666666667,0.7790566790053038,0.04760998766136282,B,none,False,False,False,16,0.4,11,30,0.2,15,0,1,p=0.4→16; p=0.6→11,p=0.8→15; p=0.2→30
13950,12389,True,False,16,-2.0,6.27,8.27,B,0.8375,0.8353646772083593,0.002135322791640748,B,none,False,False,False,11,0.5,-15,33,0.01,6,0,0,p=0.5→11; p=0.5→-15,p=0.99→6; p=0.01→33
13953,12392,True,True,16,30.0,28.8,-1.1999999999999993,A,0.15,0.31608124497691414,0.16608124497691415,A,none,False,False,False,48,0.5,12,37,0.8,-4,0,0,p=0.5→48; p=0.5→12,p=0.2→-4; p=0.8→37
13956,12395,True,False,16,-5.0,-1.7999999999999998,3.2,B,0.8999999999999999,0.8779443407589272,0.022055659241072667,B,none,False,False,False,-5,1.0,-5,27,0.1,-5,0,0,p=1→-5; p=0→-5,p=0.9→-5; p=0.1→27
13957,12396,True,False,16,2.0,5.2,3.2,B,0.8375000000000001,0.8858332089240147,0.0483332089240146,B,none,False,False,False,2,1.0,2,10,0.2,4,0,0,p=1→2; p=0→2,p=0.8→4; p=0.2→10
13961,12400,True,False,16,8.0,4.2,-3.8,A,0.2875000000000001,0.3491050416653437,0.061605041665343585,A,none,False,False,False,8,1.0,8,51,0.1,-1,3,0,p=1→8; p=0→8,p=0.9→-1; p=0.05→54; p=0.025→52; p=0.0125→48; p=0.0125→40
13982,12421,True,True,16,22.0,18.0,-4.0,A,0.425,0.5904526774103016,0.16545267741030162,A,none,False,False,False,22,1.0,22,48,0.25,8,1,0,p=1→22; p=0→22,p=0.75→8; p=0.0078125→45.5; p=0.0390625→46.5; p=0.078125→47.5; p=0.078125→48.5; p=0.0390625→49.5; p=0.0078125→50.5
14008,12447,True,False,15,17.8,22.6,4.800000000000001,B,0.4933333333333333,0.4791754476478151,0.014157885685518179,A,none,True,False,False,25,0.4,13,109,0.2,1,2,0,p=0.4→25; p=0.6→13,p=0.8→1; p=0.1→106; p=0.05→108; p=0.025→112; p=0.025→120
14009,12448,True,False,15,26.55,27.0,0.4499999999999993,B,0.4533333333333334,0.5686645182884646,0.11533118495513123,A,none,True,False,False,37,0.05,26,27,1.0,27,0,0,p=0.05→37; p=0.95→26,p=1→27
14015,12454,True,False,15,3.0,7.200000000000001,4.200000000000001,B,0.38666666666666666,0.556040022667595,0.16937335600092834,A,none,False,False,False,3,1.0,3,27,0.4,-6,0,0,p=1→3; p=0→3,p=0.6→-6; p=0.4→27
14019,12458,True,True,15,21.0,24.6,3.6000000000000014,B,0.37333333333333335,0.45504290341489934,0.08170957008156599,A,none,False,False,False,21,1.0,21,72,0.4,-7,0,0,p=1→21; p=0→21,p=0.6→-7; p=0.4→72
14026,12465,True,False,15,22.0,26.5,4.5,B,0.76,0.7193379638781814,0.04066203612181862,B,none,False,False,False,22,1.0,22,36,0.5,17,1,0,p=1→22; p=0→22,p=0.5→17; p=0.25→35.5; p=0.25→36.5
14048,12487,True,False,16,-7.0,2.75,9.75,B,0.6875,0.6494117592193251,0.038088240780674854,B,none,False,False,False,-7,1.0,-7,68,0.25,-19,1,0,p=1→-7; p=0→-7,p=0.75→-19; p=0.00195312→64.5; p=0.0136719→65.5; p=0.0410156→66.5; p=0.0683594→67.5; p=0.0683594→68.5; p=0.0410156→69.5; p=0.0136719→70.5; p=0.00195312→71.5
14056,12495,True,False,16,7.0,13.5,6.5,B,0.8125000000000001,0.8635811825490962,0.051081182549096105,B,none,False,False,False,7,1.0,7,24,0.25,10,1,0,p=1→7; p=0→7,p=0.75→10; p=0.03125→22.5; p=0.09375→23.5; p=0.09375→24.5; p=0.03125→25.5
14060,12499,True,False,18,1.06,-10.4,-11.46,A,0.2444444444444445,0.22250249802557914,0.02194194641886535,A,none,False,False,False,7,0.01,1,8,0.2,-15,1,0,p=0.01→7; p=0.99→1,p=0.8→-15; p=0.025→6.5; p=0.075→7.5; p=0.075→8.5; p=0.025→9.5
14075,12514,True,False,18,19.0,23.0,4.0,B,0.5777777777777778,0.429600741376975,0.14817703640080282,B,none,False,False,False,19,1.0,19,80,0.5,-34,0,0,p=1→19; p=0→19,p=0.5→-34; p=0.5→80
14076,12515,True,False,18,2.0,-1.5999999999999994,-3.5999999999999996,A,0.3333333333333333,0.2241313386036157,0.10920199472971762,A,none,False,False,False,2,1.0,2,2,0.9,-34,3,0,p=1→2; p=0→2,p=0.1→-34; p=0.45→3; p=0.45→1
14080,12519,True,True,18,3.0,10.8,7.800000000000001,B,0.5679012345679013,0.522633108782524,0.04526812578537731,B,none,False,False,False,3,1.0,3,62,0.2,-2,0,0,p=1→3; p=0→3,p=0.8→-2; p=0.2→62
14084,12523,True,False,18,22.0,14.599999999999998,-7.400000000000002,A,0.2666666666666667,0.300979143279823,0.034312476613156284,A,none,False,False,False,30,0.5,14,41,0.6,-25,0,0,p=0.5→30; p=0.5→14,p=0.4→-25; p=0.6→41
14091,12530,True,False,18,20.0,20.200000000000003,0.20000000000000284,B,0.5222222222222224,0.6261451580490286,0.10392293582680623,B,none,True,False,False,21,0.8,16,31,0.1,19,0,0,p=0.8→21; p=0.2→16,p=0.9→19; p=0.1→31
14104,12543,True,True,16,-9.0,-4.4,4.6,B,0.775,0.7664961073472694,0.00850389265273066,B,none,False,False,False,-9,1.0,-9,0,0.6,-11,0,0,p=1→-9; p=0→-9,p=0.4→-11; p=0.6→0
14108,12547,True,False,16,6.0,6.600000000000001,0.6000000000000014,B,0.5625000000000001,0.4619051863810631,0.10059481361893702,B,none,False,False,False,6,1.0,6,72,0.4,-37,2,0,p=1→6; p=0→6,p=0.6→-37; p=0.2→66; p=0.1→68; p=0.05→72; p=0.025→80; p=0.0125→96; p=0.00625→128; p=0.00625→192
14114,12553,True,False,16,16.0,25.25,9.25,B,0.6232142857142857,0.5622088818995322,0.0610054038147535,B,none,False,False,False,16,1.0,16,77,0.25,8,0,0,p=1→16; p=0→16,p=0.75→8; p=0.25→77
14115,12554,True,False,16,26.0,34.7,8.700000000000003,B,0.775,0.8426399380417239,0.06763993804172386,B,none,False,False,False,26,1.0,26,35,0.95,29,1,0,p=1→26; p=0→26,p=0.05→29; p=0.475→34.5; p=0.475→35.5
14116,12555,True,False,16,-10.0,-12.2,-2.1999999999999993,A,0.575,0.5287401553510862,0.04625984464891375,B,none,False,False,False,-10,1.0,-10,79,0.05,-17,1,0,p=1→-10; p=0→-10,p=0.95→-17; p=0.00625→77.5; p=0.01875→78.5; p=0.01875→79.5; p=0.00625→80.5
14117,12556,True,False,16,17.0,19.400000000000002,2.400000000000002,B,0.6625000000000001,0.5898786129091833,0.07262138709081678,B,none,False,False,False,17,1.0,17,41,0.4,5,0,0,p=1→17; p=0→17,p=0.6→5; p=0.4→41
14121,12560,True,False,16,10.700000000000001,9.75,-0.9500000000000011,A,0.7375,0.5609095064158413,0.1765904935841588,B,none,False,False,False,13,0.9,-10,12,0.25,9,0,-1,p=0.9→13; p=0.1→-10,p=0.75→9; p=0.25→12
14123,12562,True,False,16,13.0,15.0,2.0,B,0.6875,0.6417100864032796,0.045789913596720355,B,none,False,False,False,13,1.0,13,51,0.1,11,0,0,p=1→13; p=0→13,p=0.9→11; p=0.1→51
14130,12569,True,False,32,12.0,12.0,0.0,tie,0.6000000000000001,0.613642605996828,0.013642605996827872,B,none,False,False,False,49,0.5,-25,12,1.0,12,1,0,p=0.5→49; p=0.5→-25,p=0.125→10.5; p=0.375→11.5; p=0.375→12.5; p=0.125→13.5
14133,12572,True,False,16,2.0,9.5,7.5,B,0.7499999999999999,0.6449077432907245,0.10509225670927536,B,none,False,False,False,2,1.0,2,27,0.5,-8,1,0,p=1→2; p=0→2,p=0.5→-8; p=0.00390625→23.5; p=0.0273438→24.5; p=0.0820312→25.5; p=0.136719→26.5; p=0.136719→27.5; p=0.0820312→28.5; p=0.0273438→29.5; p=0.00390625→30.5
14134,12573,True,False,16,-1.0,7.4,8.4,B,0.85,0.7945873597999896,0.055412640200010355,B,none,False,False,False,-1,1.0,-1,10,0.9,-16,0,0,p=1→-1; p=0→-1,p=0.1→-16; p=0.9→10
14135,12574,True,False,16,-8.0,-19.01,-11.010000000000002,A,0.3875,0.4368672554890863,0.04936725548908627,A,none,False,False,False,-8,1.0,-8,79,0.01,-20,0,0,p=1→-8; p=0→-8,p=0.99→-20; p=0.01→79
14137,12576,True,False,16,11.999999999999998,19.2,7.200000000000001,B,0.4,0.5004895302079715,0.10048953020797147,A,strong_ev_b_humans_favor_a,False,False,True,14,0.95,-26,60,0.4,-8,3,0,p=0.95→14; p=0.05→-26,p=0.6→-8; p=0.2→61; p=0.2→59
14154,12593,True,False,16,5.0,9.799999999999999,4.799999999999999,B,0.8875000000000001,0.8814616634868099,0.00603833651319019,B,none,False,False,False,5,1.0,5,25,0.05,9,0,0,p=1→5; p=0→5,p=0.95→9; p=0.05→25
14184,12623,True,False,16,-5.0,-8.25,-3.25,A,0.525,0.5195254038157499,0.005474596184250169,B,none,True,False,False,-5,1.0,-5,99,0.25,-44,0,0,p=1→-5; p=0→-5,p=0.75→-44; p=0.25→99
14190,12629,True,False,16,19.0,19.0,0.0,tie,0.375,0.46922745188930426,0.09422745188930426,A,none,False,False,False,19,1.0,19,84,0.5,-46,3,0,p=1→19; p=0→19,p=0.5→-46; p=0.25→90; p=0.125→88; p=0.0625→84; p=0.03125→76; p=0.015625→60; p=0.0078125→28; p=0.0078125→-36
14204,12643,True,False,15,21.0,20.4,-0.6000000000000014,A,0.4266666666666667,0.45544481437256557,0.02877814770589887,A,none,False,False,False,21,1.0,21,24,0.4,18,1,0,p=1→21; p=0→21,p=0.6→18; p=0.0125→21.5; p=0.0625→22.5; p=0.125→23.5; p=0.125→24.5; p=0.0625→25.5; p=0.0125→26.5
14207,12646,True,False,15,7.9,10.25,2.3499999999999996,B,0.26666666666666666,0.5334257295483922,0.2667590628817255,A,none,False,False,False,25,0.1,6,38,0.25,1,1,0,p=0.1→25; p=0.9→6,p=0.75→1; p=0.125→37.5; p=0.125→38.5
14210,12649,True,False,15,25.0,31.0,6.0,B,0.2933333333333333,0.513493485865253,0.22016015253191973,A,strong_ev_b_humans_favor_a,False,False,True,25,1.0,25,81,0.5,-19,1,0,p=1→25; p=0→25,p=0.5→-19; p=0.015625→78.5; p=0.078125→79.5; p=0.15625→80.5; p=0.15625→81.5; p=0.078125→82.5; p=0.015625→83.5
14214,12653,True,False,15,26.199999999999996,26.6,0.4000000000000057,B,0.26666666666666666,0.45373295428934246,0.1870662876226758,A,none,False,False,False,68,0.05,24,89,0.2,11,1,0,p=0.05→68; p=0.95→24,p=0.8→11; p=0.025→87.5; p=0.075→88.5; p=0.075→89.5; p=0.025→90.5
14221,12660,True,True,16,-5.0,-8.8,-3.8000000000000007,A,0.08750000000000001,0.12067944837250444,0.03317944837250443,A,none,False,False,False,-5,1.0,-5,-8,0.9,-16,0,0,p=1→-5; p=0→-5,p=0.1→-16; p=0.9→-8
14226,12665,True,True,16,23.0,24.749999999999996,1.7499999999999964,B,0.9625,0.7689675458187744,0.19353245418122567,B,none,False,False,False,23,1.0,23,39,0.05,24,0,0,p=1→23; p=0→23,p=0.95→24; p=0.05→39
14241,12680,True,False,16,0.0,3.5,3.5,B,0.5375,0.4832332316918162,0.05426676830818378,B,none,True,False,False,0,1.0,0,83,0.25,-23,0,0,p=1→0; p=0→0,p=0.75→-23; p=0.25→83
14244,12683,True,False,16,-6.199999999999999,-9.040000000000001,-2.8400000000000016,A,0.25,0.2417260491889083,0.008273950811091696,A,none,False,False,False,4,0.4,-13,-9,0.99,-13,0,0,p=0.4→4; p=0.6→-13,p=0.01→-13; p=0.99→-9
14247,12686,True,False,16,12.0,18.25,6.25,B,0.7999999999999999,0.7383245555870686,0.06167544441293138,B,none,False,False,False,12,1.0,12,40,0.25,11,0,0,p=1→12; p=0→12,p=0.75→11; p=0.25→40
14249,12688,True,False,16,11.649999999999999,14.999999999999998,3.3499999999999996,B,0.6,0.5433748097749239,0.05662519022507606,B,none,False,False,False,24,0.05,11,17,0.95,-23,1,0,p=0.05→24; p=0.95→11,p=0.05→-23; p=0.11875→15.5; p=0.35625→16.5; p=0.35625→17.5; p=0.11875→18.5
14263,12702,True,False,16,11.25,13.5,2.25,B,0.6,0.5013480302082816,0.09865196979171842,B,none,False,False,False,17,0.75,-6,46,0.5,-19,2,0,p=0.75→17; p=0.25→-6,p=0.5→-19; p=0.25→45; p=0.25→47
14282,12721,True,False,15,3.0,4.75,1.75,B,0.4933333333333334,0.44453957131553923,0.04879376201779417,A,none,True,False,False,3,1.0,3,40,0.25,-7,0,0,p=1→3; p=0→3,p=0.75→-7; p=0.25→40
14299,12738,True,False,15,8.25,-0.8999999999999998,-9.15,A,0.4666666666666667,0.4730849897861626,0.006418323119495917,A,none,True,False,False,66,0.25,-11,0,0.9,-9,0,0,p=0.25→66; p=0.75→-11,p=0.1→-9; p=0.9→0
14300,12739,True,True,15,5.8,3.0,-2.8,A,0.5333333333333333,0.5433948014816967,0.010061468148363395,B,none,True,False,False,19,0.6,-14,67,0.2,-13,0,0,p=0.6→19; p=0.4→-14,p=0.8→-13; p=0.2→67
14305,12744,True,False,15,11.0,11.75,0.75,B,0.32,0.4876879924501958,0.16768799245019578,A,none,False,False,False,26,0.5,-4,24,0.75,-25,0,0,p=0.5→26; p=0.5→-4,p=0.25→-25; p=0.75→24
14307,12746,True,False,15,25.0,12.0,-13.0,A,0.4457142857142857,0.26071486258937066,0.18499942312491502,A,none,False,False,False,25,1.0,25,55,0.5,-31,0,0,p=1→25; p=0→25,p=0.5→-31; p=0.5→55
14317,12756,True,True,16,17.0,24.25,7.25,B,0.7875000000000001,0.8514635482453581,0.06396354824535799,B,none,False,False,False,17,1.0,17,26,0.75,19,0,0,p=1→17; p=0→17,p=0.25→19; p=0.75→26
14321,12760,True,False,16,1.0,7.54,6.54,B,0.9125,0.8969658441680779,0.01553415583192208,B,none,False,False,False,1,1.0,1,61,0.01,7,0,0,p=1→1; p=0→1,p=0.99→7; p=0.01→61
14328,12767,True,False,16,1.75,6.2,4.45,B,0.725,0.6318523710972053,0.09314762890279471,B,none,False,False,False,73,0.25,-22,8,0.9,-10,3,0,p=0.25→73; p=0.75→-22,p=0.1→-10; p=0.45→11; p=0.225→9; p=0.1125→5; p=0.1125→-3
14339,12778,True,False,16,-7.599999999999999,-4.07,3.5299999999999985,B,0.4625,0.5193260735488898,0.0568260735488898,A,none,True,False,False,19,0.05,-9,-4,0.99,-11,0,1,p=0.05→19; p=0.95→-9,p=0.01→-11; p=0.99→-4
14362,12801,True,False,16,-5.0,0.2999999999999998,5.3,B,0.5375,0.6543857920690175,0.1168857920690175,B,none,True,False,False,-5,1.0,-5,75,0.1,-8,0,0,p=1→-5; p=0→-5,p=0.9→-8; p=0.1→75
14368,12807,True,True,16,25.0,28.25,3.25,B,0.5791666666666667,0.5336871921508481,0.045479474515818574,B,none,False,False,False,25,1.0,25,101,0.25,4,0,0,p=1→25; p=0→25,p=0.75→4; p=0.25→101
14375,12814,True,False,16,26.0,25.6,-0.3999999999999986,A,0.425,0.48302670228980005,0.05802670228980006,A,none,False,False,False,32,0.75,8,55,0.4,6,2,0,p=0.75→32; p=0.25→8,p=0.6→6; p=0.2→54; p=0.2→56
14380,12819,True,False,15,23.0,25.5,2.5,B,0.28437710437710434,0.5476466220706514,0.26326951769354706,A,none,False,False,False,23,1.0,23,75,0.25,9,1,0,p=1→23; p=0→23,p=0.75→9; p=0.00195312→71.5; p=0.0136719→72.5; p=0.0410156→73.5; p=0.0683594→74.5; p=0.0683594→75.5; p=0.0410156→76.5; p=0.0136719→77.5; p=0.00195312→78.5
14385,12824,True,False,15,29.0,24.54,-4.460000000000001,A,0.21333333333333326,0.10908216758926498,0.10425116574406829,A,none,False,False,False,29,1.0,29,25,0.99,-21,0,0,p=1→29; p=0→29,p=0.01→-21; p=0.99→25
14386,12825,True,True,15,-3.0,-8.2,-5.199999999999999,A,0.22666666666666666,0.14367200743119007,0.08299465923547658,A,none,False,False,False,-3,1.0,-3,-5,0.6,-13,0,0,p=1→-3; p=0→-3,p=0.4→-13; p=0.6→-5
14389,12828,True,False,15,29.75,30.75,1.0,B,0.4838095238095238,0.48226820514329094,0.0015413186662328604,A,none,True,False,False,53,0.25,22,87,0.25,12,0,0,p=0.25→53; p=0.75→22,p=0.75→12; p=0.25→87
14413,12852,True,False,15,25.249999999999996,32.2,6.950000000000006,B,0.6296296296296295,0.6913237875758598,0.06169415794623023,B,none,False,False,False,49,0.05,24,35,0.8,21,0,0,p=0.05→49; p=0.95→24,p=0.2→21; p=0.8→35
14417,12856,True,False,15,2.0,7.75,5.75,B,0.6215384615384615,0.6955484757225799,0.07401001418411846,B,none,False,False,False,2,1.0,2,12,0.75,-5,0,0,p=1→2; p=0→2,p=0.25→-5; p=0.75→12
14420,12859,True,True,15,12.8,12.0,-0.8000000000000007,A,0.7733333333333334,0.6826103373862895,0.09072299594704392,B,none,False,False,False,76,0.2,-3,30,0.25,6,1,0,p=0.2→76; p=0.8→-3,p=0.75→6; p=0.03125→28.5; p=0.09375→29.5; p=0.09375→30.5; p=0.03125→31.5
14421,12860,True,False,15,-1.7999999999999972,-8.0,-6.200000000000003,A,0.5133333333333333,0.402385795176636,0.11094753815669733,B,none,True,False,False,8,0.8,-41,-1,0.5,-15,2,0,p=0.8→8; p=0.2→-41,p=0.5→-15; p=0.25→-7; p=0.125→-5; p=0.0625→-1; p=0.03125→7; p=0.015625→23; p=0.0078125→55; p=0.0078125→119
14426,12865,True,False,15,17.75,24.800000000000004,7.050000000000004,B,0.7599999999999999,0.6181720468497953,0.14182795315020458,B,none,False,False,False,108,0.05,13,56,0.2,17,3,-1,p=0.05→108; p=0.95→13,p=0.8→17; p=0.1→61; p=0.05→59; p=0.025→55; p=0.0125→47; p=0.00625→31; p=0.00625→-1
14432,12871,True,False,16,8.0,-0.2100000000000002,-8.21,A,0.07500000000000001,0.08072461759280779,0.005724617592807776,A,none,False,False,False,8,1.0,8,0,0.99,-21,0,0,p=1→8; p=0→8,p=0.01→-21; p=0.99→0
14441,12880,True,False,16,26.0,28.6,2.6000000000000014,B,0.45,0.3899000551606873,0.06009994483931269,A,none,True,False,False,26,1.0,26,85,0.4,-9,0,0,p=1→26; p=0→26,p=0.6→-9; p=0.4→85
14442,12881,True,False,16,19.0,14.2,-4.800000000000001,A,0.25,0.2711600203279581,0.021160020327958107,A,none,False,False,False,19,1.0,19,19,0.4,11,2,0,p=1→19; p=0→19,p=0.6→11; p=0.2→17; p=0.1→19; p=0.1→23
14443,12882,True,False,16,29.0,36.5,7.5,B,0.7250000000000001,0.5013267706406777,0.22367322935932243,B,none,False,False,False,80,0.4,-5,84,0.5,-11,0,-1,p=0.4→80; p=0.6→-5,p=0.5→-11; p=0.5→84
14448,12887,True,False,15,-7.0,-4.0,3.0,B,0.6400000000000001,0.643949568578565,0.003949568578564877,B,none,False,False,False,-7,1.0,-7,56,0.25,-24,0,0,p=1→-7; p=0→-7,p=0.75→-24; p=0.25→56
14451,12890,True,False,15,20.4,13.639999999999999,-6.76,A,0.13333333333333333,0.309445125156676,0.17611179182334266,A,none,False,False,False,24,0.1,20,14,0.99,-22,2,-1,p=0.1→24; p=0.9→20,p=0.01→-22; p=0.495→10; p=0.2475→12; p=0.12375→16; p=0.061875→24; p=0.061875→40
14452,12891,True,False,15,-4.73,-10.200000000000001,-5.470000000000001,A,0.32,0.38927340011952133,0.06927340011952132,A,none,False,False,False,22,0.01,-5,69,0.01,-11,2,0,p=0.01→22; p=0.99→-5,p=0.99→-11; p=0.005→66; p=0.0025→68; p=0.00125→72; p=0.00125→80
14478,12917,True,False,16,30.000000000000004,22.0,-8.000000000000004,A,0.125,0.2434435016347834,0.1184435016347834,A,none,False,False,False,54,0.2,24,30,0.2,20,0,0,p=0.2→54; p=0.8→24,p=0.8→20; p=0.2→30
14479,12918,True,True,16,4.0,7.9,3.9000000000000004,B,0.5625,0.5917577505329599,0.02925775053295987,B,none,False,False,False,4,1.0,4,88,0.1,-1,1,0,p=1→4; p=0→4,p=0.9→-1; p=0.003125→85.5; p=0.015625→86.5; p=0.03125→87.5; p=0.03125→88.5; p=0.015625→89.5; p=0.003125→90.5
14484,12923,True,False,16,15.0,22.83,7.829999999999998,B,0.8125,0.8014645039277924,0.011035496072207551,B,none,False,False,False,15,1.0,15,23,0.99,6,3,0,p=1→15; p=0→15,p=0.01→6; p=0.495→25; p=0.2475→23; p=0.2475→19
14490,12929,True,False,16,16.0,21.5,5.5,B,0.6625,0.6026954184182459,0.05980458158175406,B,none,False,False,False,16,1.0,16,42,0.5,1,0,0,p=1→16; p=0→16,p=0.5→1; p=0.5→42
14491,12930,True,False,16,-5.0,-1.4000000000000001,3.5999999999999996,B,0.7375000000000002,0.6056048053901282,0.13189519460987198,B,none,False,False,False,85,0.1,-15,9,0.2,-4,1,0,p=0.1→85; p=0.9→-15,p=0.8→-4; p=0.1→8.5; p=0.1→9.5
14500,12939,True,True,15,14.0,25.0,11.0,B,0.6666666666666666,0.5668210804066479,0.09984558626001871,B,none,False,False,False,14,1.0,14,98,0.5,-48,1,0,p=1→14; p=0→14,p=0.5→-48; p=0.015625→95.5; p=0.078125→96.5; p=0.15625→97.5; p=0.15625→98.5; p=0.078125→99.5; p=0.015625→100.5
14505,12944,True,False,15,11.0,16.5,5.5,B,0.6666666666666667,0.5645096578275189,0.1021570088391478,B,none,False,False,False,27,0.6,-13,34,0.75,-36,3,0,p=0.6→27; p=0.4→-13,p=0.25→-36; p=0.375→38; p=0.1875→36; p=0.09375→32; p=0.046875→24; p=0.046875→8
14510,12949,True,False,15,29.0,21.369999999999997,-7.630000000000003,A,0.3866666666666667,0.3844958423162387,0.0021708243504280356,A,none,False,False,False,29,1.0,29,58,0.01,21,2,0,p=1→29; p=0→29,p=0.99→21; p=0.005→53; p=0.0025→55; p=0.00125→59; p=0.000625→67; p=0.0003125→83; p=0.0003125→115
14511,12950,True,False,15,17.0,17.0,0.0,tie,0.4799999999999999,0.5826927658699577,0.10269276586995774,A,none,True,False,False,22,0.5,12,17,1.0,17,2,0,p=0.5→22; p=0.5→12,p=0.5→14; p=0.25→16; p=0.125→20; p=0.125→28
14527,12966,True,False,19,-4.0,1.9500000000000004,5.95,B,0.8228070175438597,0.8965059018996817,0.07369888435582206,B,none,False,False,False,-4,1.0,-4,58,0.05,-1,0,0,p=1→-4; p=0→-4,p=0.95→-1; p=0.05→58
14545,12984,True,False,16,21.8,17.5,-4.300000000000001,A,0.07500000000000001,0.15612057493749693,0.08112057493749691,A,none,False,False,False,23,0.4,21,19,0.5,16,1,0,p=0.4→23; p=0.6→21,p=0.5→16; p=0.015625→16.5; p=0.078125→17.5; p=0.15625→18.5; p=0.15625→19.5; p=0.078125→20.5; p=0.015625→21.5
14552,12991,True,True,16,10.0,10.0,0.0,tie,0.3375,0.48989090126464363,0.1523909012646436,A,none,False,False,False,10,1.0,10,10,0.25,10,3,0,p=1→10; p=0→10,p=0.75→10; p=0.125→14; p=0.0625→12; p=0.03125→8; p=0.015625→0; p=0.015625→-16
14558,12997,True,False,15,9.299999999999999,0.5,-8.799999999999999,A,0.06666666666666668,0.12359329144557059,0.05692662477890391,A,none,False,False,False,15,0.05,9,2,0.75,-4,1,0,p=0.05→15; p=0.95→9,p=0.25→-4; p=0.00585938→-1.5; p=0.0410156→-0.5; p=0.123047→0.5; p=0.205078→1.5; p=0.205078→2.5; p=0.123047→3.5; p=0.0410156→4.5; p=0.00585938→5.5
14561,13000,True,False,15,20.0,15.36,-4.640000000000001,A,0.6133333333333333,0.3568384307390459,0.25649490259428737,B,none,False,False,False,20,1.0,20,51,0.01,15,1,0,p=1→20; p=0→20,p=0.99→15; p=7.8125e-05→47.5; p=0.000546875→48.5; p=0.00164062→49.5; p=0.00273438→50.5; p=0.00273438→51.5; p=0.00164062→52.5; p=0.000546875→53.5; p=7.8125e-05→54.5
14566,13005,True,False,15,20.0,16.5,-3.5,A,0.3866666666666667,0.4942109767813376,0.10754431011467086,A,none,False,False,False,89,0.5,-49,45,0.5,-12,0,0,p=0.5→89; p=0.5→-49,p=0.5→-12; p=0.5→45
